序号,关键词,方案ID,推广单元ID,消费额,点击量,浏览量,CPC,浏览深度,跳出率,非跳出率,平均访问时长_秒,消费额_标准化,CPC_标准化,点击量_标准化,浏览深度_标准化,非跳出率_标准化,平均访问时长_标准化,CostScore,BenefitScore,成本高低,效益高低,最终类别,zero_effect,anomaly_flag,anomaly_reasons,常规评分可用,成本阈值距离,效益阈值距离,成本边界敏感,效益边界敏感,boundary_sensitive,等权CostScore,等权BenefitScore,等权最终类别,中位数最终类别,分类处理说明
1,9,63563817,1841014603,3424.41,3271,9750,1.04690003057,2.98073983491,0.6109,0.3891,196,0.965568862275,0.468562874251,0.973053892216,0.846556886228,0.740269461078,0.767215568862,0.717065984926,0.836909300776,高,高,重点词,False,False,,True,0.220607283973,0.34564175977,False,False,False,0.717065868263,0.831773952096,重点词,重点词,常规CRITIC+一维KMeans
2,283,63563817,1841014603,0,0,0,,,,,,,,,,,,,,,,无效词,True,False,,False,,,False,False,False,,,无效词,无效词,结构性无成本无效益，先行归为无效词
3,726,63563817,1841014603,252.86,135,255,1.87303703704,1.88888888889,0.9059,0.0941,39,0.892964071856,0.847305389222,0.894461077844,0.715943113772,0.402694610778,0.273952095808,0.870134741256,0.585780122969,高,高,重点词,False,False,,True,0.373676040303,0.0945125819628,False,False,False,0.870134730539,0.571762724551,重点词,重点词,常规CRITIC+一维KMeans
4,770,63563817,1841014603,0,0,0,,,,,,,,,,,,,,,,无效词,True,False,,False,,,False,False,False,,,无效词,无效词,结构性无成本无效益，先行归为无效词
5,800,63563817,1841014603,0,0,0,,,,,,,,,,,,,,,,无效词,True,False,,False,,,False,False,False,,,无效词,无效词,结构性无成本无效益，先行归为无效词
6,867,63563817,1841014603,0,0,0,,,,,,,,,,,,,,,,无效词,True,False,,False,,,False,False,False,,,无效词,无效词,结构性无成本无效益，先行归为无效词
7,1186,63563817,1841014603,1.79,1,1,1.79,1,1,0,13,0.195359281437,0.830464071856,0.0815868263473,0.40119760479,0.171407185629,0.183008982036,0.512911527568,0.197927040517,高,低,问题词,False,False,,True,0.0164528266142,0.29334050049,True,False,True,0.512911676647,0.209300149701,问题词,问题词,常规CRITIC+一维KMeans
8,1277,63563817,1841014603,0,0,0,,,,,,,,,,,,,,,,无效词,True,False,,False,,,False,False,False,,,无效词,无效词,结构性无成本无效益，先行归为无效词
9,1517,63563817,1841014603,0,0,0,,,,,,,,,,,,,,,,无效词,True,False,,False,,,False,False,False,,,无效词,无效词,结构性无成本无效益，先行归为无效词
10,1567,63563817,1841014603,37.32,23,77,1.62260869565,3.34782608696,0.6957,0.3043,187,0.751497005988,0.788922155689,0.709580838323,0.868263473054,0.657185628743,0.750748502994,0.770209572053,0.738768875742,高,高,重点词,False,False,,True,0.2737508711,0.247501334735,False,False,False,0.770209580838,0.746444610778,重点词,重点词,常规CRITIC+一维KMeans
11,1583,63563817,1841014603,0,0,0,,,,,,,,,,,,,,,,无效词,True,False,,False,,,False,False,False,,,无效词,无效词,结构性无成本无效益，先行归为无效词
12,1667,63563817,1841014603,88.09,41,86,2.14853658537,2.09756097561,0.8333,0.1667,49,0.820359281437,0.886976047904,0.791916167665,0.762724550898,0.487275449102,0.324850299401,0.853667649034,0.600443295086,高,高,重点词,False,False,,True,0.35720894808,0.10917575408,False,False,False,0.853667664671,0.591691616766,重点词,重点词,常规CRITIC+一维KMeans
13,2023,63563817,1841014603,0,0,0,,,,,,,,,,,,,,,,无效词,True,False,,False,,,False,False,False,,,无效词,无效词,结构性无成本无效益，先行归为无效词
14,2083,63563817,1841014603,0,0,0,,,,,,,,,,,,,,,,无效词,True,False,,False,,,False,False,False,,,无效词,无效词,结构性无成本无效益，先行归为无效词
15,2123,63563817,1841014603,6.32,3,2,2.10666666667,0.666666666667,1,0,8,0.453592814371,0.883233532934,0.294161676647,0.161676646707,0.171407185629,0.157934131737,0.668413072803,0.202007564084,高,低,问题词,False,False,,True,0.171954371849,0.289259976923,False,False,False,0.668413173653,0.19629491018,问题词,问题词,常规CRITIC+一维KMeans
16,2294,63563817,1841014603,0,0,0,,,,,,,,,,,,,,,,无效词,True,False,,False,,,False,False,False,,,无效词,无效词,结构性无成本无效益，先行归为无效词
17,2373,63563817,1841014603,0,0,0,,,,,,,,,,,,,,,,无效词,True,False,,False,,,False,False,False,,,无效词,无效词,结构性无成本无效益，先行归为无效词
18,2384,63563817,1841014603,0,0,0,,,,,,,,,,,,,,,,无效词,True,False,,False,,,False,False,False,,,无效词,无效词,结构性无成本无效益，先行归为无效词
19,2478,63563817,1841014603,49,25,166,1.96,6.64,0.4737,0.5263,646,0.77994011976,0.86751497006,0.720808383234,0.964820359281,0.847305389222,0.967065868263,0.823727524354,0.862239810344,高,高,重点词,False,False,,True,0.3272688234,0.370972269337,False,False,False,0.82372754491,0.875,重点词,重点词,常规CRITIC+一维KMeans
20,2505,63563817,1841014603,6.15,2,7,3.075,3.5,0,1,142,0.446856287425,0.932634730539,0.211826347305,0.876497005988,0.953967065868,0.681137724551,0.689745394955,0.662160193898,高,高,重点词,False,False,,True,0.193286694001,0.170892652891,False,False,False,0.689745508982,0.680857035928,重点词,重点词,常规CRITIC+一维KMeans
21,2570,63563817,1841014603,10.34,7,27,1.47714285714,3.85714285714,0.5,0.5,54,0.542664670659,0.729041916168,0.47380239521,0.891467065868,0.817739520958,0.345434131737,0.635853249665,0.631131581064,高,高,重点词,False,False,,True,0.139394548711,0.139864040058,False,False,False,0.635853293413,0.632110778443,重点词,重点词,常规CRITIC+一维KMeans
22,2590,63563817,1841014603,0,0,0,,,,,,,,,,,,,,,,无效词,True,False,,False,,,False,False,False,,,无效词,无效词,结构性无成本无效益，先行归为无效词
23,2789,63563817,1841014603,0,0,0,,,,,,,,,,,,,,,,无效词,True,False,,False,,,False,False,False,,,无效词,无效词,结构性无成本无效益，先行归为无效词
24,2889,63563817,1841014603,1.89,1,1,1.89,1,1,0,21,0.212949101796,0.851796407186,0.0815868263473,0.40119760479,0.171407185629,0.208083832335,0.532372604534,0.203383814185,高,低,问题词,False,False,,True,0.03591390358,0.287883726821,False,False,False,0.532372754491,0.215568862275,问题词,问题词,常规CRITIC+一维KMeans
25,2892,63563817,1841014603,30.77,18,54,1.70944444444,3,0.6842,0.3158,119,0.72380239521,0.814371257485,0.670658682635,0.852170658683,0.663922155689,0.589446107784,0.769086805088,0.690699996957,高,高,重点词,False,False,,True,0.272628104134,0.19943245595,False,False,False,0.769086826347,0.694049401198,重点词,重点词,常规CRITIC+一维KMeans
26,2980,63563817,1841014603,0,0,0,,,,,,,,,,,,,,,,无效词,True,False,,False,,,False,False,False,,,无效词,无效词,结构性无成本无效益，先行归为无效词
27,2985,63563817,1841014603,114.03,75,197,1.5204,2.62666666667,0.6901,0.3099,164,0.837574850299,0.751497005988,0.855538922156,0.819610778443,0.659431137725,0.714071856287,0.794535948349,0.763191188463,高,高,重点词,False,False,,True,0.298077247395,0.271923647456,False,False,False,0.794535928144,0.762163173653,重点词,重点词,常规CRITIC+一维KMeans
28,3106,63563817,1841014603,0,0,0,,,,,,,,,,,,,,,,无效词,True,False,,False,,,False,False,False,,,无效词,无效词,结构性无成本无效益，先行归为无效词
29,3160,63563817,1841014603,0,0,0,,,,,,,,,,,,,,,,无效词,True,False,,False,,,False,False,False,,,无效词,无效词,结构性无成本无效益，先行归为无效词
30,3169,63563817,1841014603,5.66,4,4,1.415,1,1,0,7,0.427020958084,0.691991017964,0.354416167665,0.40119760479,0.171407185629,0.150074850299,0.559505925827,0.270001221236,高,低,问题词,False,False,,True,0.0630472248736,0.22126631977,False,False,False,0.559505988024,0.269273952096,问题词,问题词,常规CRITIC+一维KMeans
31,3304,63563817,1841014603,7.68,5,6,1.536,1.2,0.75,0.25,50,0.49251497006,0.756736526946,0.400449101796,0.552020958084,0.591317365269,0.329341317365,0.624625686482,0.470305367312,高,低,问题词,False,False,,True,0.128166985528,0.0209621736942,False,False,False,0.624625748503,0.468282185629,问题词,问题词,常规CRITIC+一维KMeans
32,3334,63563817,1841014603,0,0,0,,,,,,,,,,,,,,,,无效词,True,False,,False,,,False,False,False,,,无效词,无效词,结构性无成本无效益，先行归为无效词
33,3485,63563817,1841014603,0,0,0,,,,,,,,,,,,,,,,无效词,True,False,,False,,,False,False,False,,,无效词,无效词,结构性无成本无效益，先行归为无效词
34,3501,63563817,1841014603,13.49,8,40,1.68625,5,0.75,0.25,361,0.588323353293,0.805389221557,0.504491017964,0.927769461078,0.591317365269,0.898952095808,0.696856236473,0.706376192978,高,高,重点词,False,False,,True,0.200397535519,0.215108651972,False,False,False,0.696856287425,0.73063248503,重点词,重点词,常规CRITIC+一维KMeans
35,3732,63563817,1841014603,15.92,10,11,1.592,1.1,0.9,0.1,29,0.622005988024,0.777694610778,0.55127245509,0.528443113772,0.41130239521,0.237275449102,0.699850262856,0.43961481767,高,低,问题词,False,False,,True,0.203391561903,0.0516527233369,False,False,False,0.699850299401,0.432073353293,问题词,问题词,常规CRITIC+一维KMeans
36,3840,63563817,1841014603,0,0,0,,,,,,,,,,,,,,,,无效词,True,False,,False,,,False,False,False,,,无效词,无效词,结构性无成本无效益，先行归为无效词
37,4043,63563817,1841014603,0,0,0,,,,,,,,,,,,,,,,无效词,True,False,,False,,,False,False,False,,,无效词,无效词,结构性无成本无效益，先行归为无效词
38,4048,63563817,1841014603,2.81,2,23,1.405,11.5,0,1,477,0.27994011976,0.684880239521,0.211826347305,0.991017964072,0.953967065868,0.937125748503,0.482410084589,0.74282795662,低,高,黄金词,False,False,,True,0.014048616365,0.251560415614,True,False,True,0.482410179641,0.773484281437,黄金词,黄金词,常规CRITIC+一维KMeans
39,4183,63563817,1841014603,0,0,0,,,,,,,,,,,,,,,,无效词,True,False,,False,,,False,False,False,,,无效词,无效词,结构性无成本无效益，先行归为无效词
40,4186,63563817,1841014603,3.17,2,3,1.585,1.5,0.5,0.5,124,0.306886227545,0.773952095808,0.211826347305,0.630613772455,0.817739520958,0.646332335329,0.540419052042,0.563670949907,高,高,重点词,False,False,,True,0.0439603510881,0.0724034089005,False,False,False,0.540419161677,0.576627994012,重点词,重点词,常规CRITIC+一维KMeans
41,4195,63563817,1841014603,0,0,0,,,,,,,,,,,,,,,,无效词,True,False,,False,,,False,False,False,,,无效词,无效词,结构性无成本无效益，先行归为无效词
42,4675,63563817,1841014603,1.45,1,3,1.45,3,0,1,42,0.157185628743,0.712949101796,0.0815868263473,0.852170658683,0.953967065868,0.288547904192,0.435067234814,0.533596000563,低,高,黄金词,False,False,,True,0.0613914661392,0.0423284595566,False,False,False,0.435067365269,0.544068113772,黄金词,黄金词,常规CRITIC+一维KMeans
43,4713,63563817,1841014603,7.19,4,8,1.7975,2,0.5,0.5,31,0.478293413174,0.831586826347,0.354416167665,0.744011976048,0.817739520958,0.243637724551,0.654940036831,0.542166064662,高,高,重点词,False,False,,True,0.158481335878,0.0508985236557,False,False,False,0.65494011976,0.539951347305,重点词,重点词,常规CRITIC+一维KMeans
44,4773,63563817,1841014603,52.44,31,42,1.69161290323,1.35483870968,0.8621,0.1379,48,0.785179640719,0.806886227545,0.75748502994,0.597305389222,0.449850299401,0.31998502994,0.796032929037,0.54307714331,高,高,重点词,False,False,,True,0.299574228083,0.0518096023039,False,False,False,0.796032934132,0.531156437126,重点词,重点词,常规CRITIC+一维KMeans
45,4827,63563817,1841014603,14.14,7,13,2.02,1.85714285714,0.6667,0.3333,255,0.59880239521,0.876497005988,0.47380239521,0.706961077844,0.688622754491,0.833832335329,0.737649635415,0.661827004668,高,高,重点词,False,False,,True,0.241190934462,0.170559463661,False,False,False,0.737649700599,0.675804640719,重点词,重点词,常规CRITIC+一维KMeans
46,4868,63563817,1841014603,6.19,3,3,2.06333333333,1,1,0,191,0.44872754491,0.879491017964,0.294161676647,0.40119760479,0.171407185629,0.757859281437,0.664109180324,0.384766423256,高,低,问题词,False,False,,True,0.16765047937,0.106501117751,False,False,False,0.664109281437,0.406156437126,问题词,问题词,常规CRITIC+一维KMeans
47,5001,63563817,1841014603,0,0,0,,,,,,,,,,,,,,,,无效词,True,False,,False,,,False,False,False,,,无效词,无效词,结构性无成本无效益，先行归为无效词
48,5010,63563817,1841014603,0,0,0,,,,,,,,,,,,,,,,无效词,True,False,,False,,,False,False,False,,,无效词,无效词,结构性无成本无效益，先行归为无效词
49,5134,63563817,1841014603,68.89,48,115,1.43520833333,2.39583333333,0.6744,0.3256,178,0.808383233533,0.705089820359,0.812874251497,0.791916167665,0.668413173653,0.738398203593,0.756736551192,0.752518373032,高,高,重点词,False,False,,True,0.260277850239,0.261250832026,False,False,False,0.756736526946,0.752900449102,重点词,重点词,常规CRITIC+一维KMeans
50,5176,63563817,1841014603,0,0,0,,,,,,,,,,,,,,,,无效词,True,False,,False,,,False,False,False,,,无效词,无效词,结构性无成本无效益，先行归为无效词
51,5190,63563817,1841014603,0,0,0,,,,,,,,,,,,,,,,无效词,True,False,,False,,,False,False,False,,,无效词,无效词,结构性无成本无效益，先行归为无效词
52,5267,63563817,1841014603,3.36,2,4,1.68,2,0.5,0.5,133,0.311002994012,0.800898203593,0.211826347305,0.744011976048,0.817739520958,0.665793413174,0.555950483809,0.592621158536,高,高,重点词,False,False,,True,0.0594917828551,0.101353617529,False,False,False,0.555950598802,0.609842814371,重点词,重点词,常规CRITIC+一维KMeans
53,5307,63563817,1841014603,88.18,34,40,2.59352941176,1.17647058824,0.6667,0.3333,90,0.821107784431,0.911676646707,0.766092814371,0.547155688623,0.688622754491,0.510104790419,0.86639219431,0.641441696052,高,高,重点词,False,False,,True,0.369933493356,0.150174155046,False,False,False,0.866392215569,0.627994011976,重点词,重点词,常规CRITIC+一维KMeans
54,5310,63563817,1841014603,0,0,0,,,,,,,,,,,,,,,,无效词,True,False,,False,,,False,False,False,,,无效词,无效词,结构性无成本无效益，先行归为无效词
55,5330,63563817,1841014603,0,0,0,,,,,,,,,,,,,,,,无效词,True,False,,False,,,False,False,False,,,无效词,无效词,结构性无成本无效益，先行归为无效词
56,5353,63563817,1841014603,0,0,0,,,,,,,,,,,,,,,,无效词,True,False,,False,,,False,False,False,,,无效词,无效词,结构性无成本无效益，先行归为无效词
57,5374,63563817,1841014603,38.32,26,33,1.47384615385,1.26923076923,0.7895,0.2105,153,0.752994011976,0.726796407186,0.729041916168,0.573353293413,0.546407185629,0.69872754491,0.73989521573,0.638472866281,高,高,重点词,False,False,,True,0.243436514777,0.147205325274,False,False,False,0.739895209581,0.63688248503,重点词,重点词,常规CRITIC+一维KMeans
58,5393,63563817,1841014603,0,0,0,,,,,,,,,,,,,,,,无效词,True,False,,False,,,False,False,False,,,无效词,无效词,结构性无成本无效益，先行归为无效词
59,5418,63563817,1841014603,16.8,10,27,1.68,2.7,0.8,0.2,104,0.627994011976,0.802395209581,0.55127245509,0.825224550898,0.529565868263,0.556137724551,0.715194569841,0.606091650238,高,高,重点词,False,False,,True,0.218735868887,0.114824109232,False,False,False,0.715194610778,0.615550149701,重点词,重点词,常规CRITIC+一维KMeans
60,5592,63563817,1841014603,7.11,4,3,1.7775,0.75,1,0,7,0.475673652695,0.828592814371,0.354416167665,0.197604790419,0.171407185629,0.150074850299,0.652133150692,0.225628235149,高,低,问题词,False,False,,True,0.155674449738,0.265639305858,False,False,False,0.652133233533,0.218375748503,问题词,问题词,常规CRITIC+一维KMeans
61,5701,63563817,1841014603,0,0,0,,,,,,,,,,,,,,,,无效词,True,False,,False,,,False,False,False,,,无效词,无效词,结构性无成本无效益，先行归为无效词
62,5758,63563817,1841014603,0,0,0,,,,,,,,,,,,,,,,无效词,True,False,,False,,,False,False,False,,,无效词,无效词,结构性无成本无效益，先行归为无效词
63,5801,63563817,1841014603,0.5,1,2,0.5,2,0,1,32,0.0404191616766,0.0924401197605,0.0815868263473,0.744011976048,0.953967065868,0.247005988024,0.0664296285076,0.500982525179,低,高,黄金词,False,False,,True,0.430029072446,0.00971498417208,False,True,True,0.0664296407186,0.506642964072,黄金词,潜力词,常规CRITIC+一维KMeans
64,5812,63563817,1841014603,0,0,0,,,,,,,,,,,,,,,,无效词,True,False,,False,,,False,False,False,,,无效词,无效词,结构性无成本无效益，先行归为无效词
65,5849,63563817,1841014603,0,0,0,,,,,,,,,,,,,,,,无效词,True,False,,False,,,False,False,False,,,无效词,无效词,结构性无成本无效益，先行归为无效词
66,5973,63563817,1841014603,0,0,0,,,,,,,,,,,,,,,,无效词,True,False,,False,,,False,False,False,,,无效词,无效词,结构性无成本无效益，先行归为无效词
67,5976,63563817,1841014603,0,0,0,,,,,,,,,,,,,,,,无效词,True,False,,False,,,False,False,False,,,无效词,无效词,结构性无成本无效益，先行归为无效词
68,6082,63563817,1841014603,0,0,0,,,,,,,,,,,,,,,,无效词,True,False,,False,,,False,False,False,,,无效词,无效词,结构性无成本无效益，先行归为无效词
69,6083,63563817,1841014603,126.96,76,279,1.67052631579,3.67105263158,0.6053,0.3947,197,0.853293413174,0.798652694611,0.857035928144,0.883982035928,0.741766467066,0.770958083832,0.825973066718,0.81259413659,高,高,重点词,False,False,,True,0.329514365764,0.321326595584,False,False,False,0.825973053892,0.813435628743,重点词,重点词,常规CRITIC+一维KMeans
70,6086,63563817,1841014603,0,0,0,,,,,,,,,,,,,,,,无效词,True,False,,False,,,False,False,False,,,无效词,无效词,结构性无成本无效益，先行归为无效词
71,6149,63563817,1841014603,183.37,97,613,1.89041237113,6.31958762887,0.4804,0.5196,397,0.875748502994,0.85254491018,0.872005988024,0.959580838323,0.843188622754,0.91504491018,0.864146712033,0.892563381875,高,高,重点词,False,False,,True,0.36768801108,0.401295840868,False,False,False,0.864146706587,0.89745508982,重点词,重点词,常规CRITIC+一维KMeans
72,6299,63563817,1841014603,0,0,0,,,,,,,,,,,,,,,,无效词,True,False,,False,,,False,False,False,,,无效词,无效词,结构性无成本无效益，先行归为无效词
73,6325,63563817,1841014603,18.15,9,13,2.01666666667,1.44444444444,0.75,0.25,41,0.642215568862,0.874251497006,0.53255988024,0.61377245509,0.591317365269,0.283682634731,0.758233478468,0.512198479985,高,高,重点词,False,False,,True,0.261774777514,0.0209309389788,False,False,False,0.758233532934,0.505333083832,重点词,重点词,常规CRITIC+一维KMeans
74,6352,63563817,1841014603,61.07,36,181,1.69638888889,5.02777777778,0.4286,0.5714,404,0.800149700599,0.808383233533,0.773952095808,0.931137724551,0.858158682635,0.919161676647,0.804266465133,0.862882687792,高,高,重点词,False,False,,True,0.30780776418,0.371615146785,False,False,False,0.804266467066,0.87060254491,重点词,重点词,常规CRITIC+一维KMeans
75,6364,63563817,1841014603,0,0,0,,,,,,,,,,,,,,,,无效词,True,False,,False,,,False,False,False,,,无效词,无效词,结构性无成本无效益，先行归为无效词
76,6414,63563817,1841014603,1.78,1,1,1.78,1,1,0,260,0.194236526946,0.829341317365,0.0815868263473,0.40119760479,0.171407185629,0.837574850299,0.511788773077,0.340373266578,高,低,问题词,False,False,,True,0.0153300721232,0.150894274428,True,False,True,0.511788922156,0.372941616766,问题词,问题词,常规CRITIC+一维KMeans
77,56,63563817,2526158329,0,0,0,,,,,,,,,,,,,,,,无效词,True,False,,False,,,False,False,False,,,无效词,无效词,结构性无成本无效益，先行归为无效词
78,480,63563817,2526158329,12.25,4,4,3.0625,1,1,0,187,0.572604790419,0.931886227545,0.354416167665,0.40119760479,0.171407185629,0.750748502994,0.752245424647,0.40071945613,高,低,问题词,False,False,,True,0.255786723694,0.0905480848765,False,False,False,0.752245508982,0.419442365269,问题词,问题词,常规CRITIC+一维KMeans
79,770,63563817,2526158329,41.28,30,49,1.376,1.63333333333,0.75,0.25,107,0.760479041916,0.668413173653,0.75374251497,0.657934131737,0.591317365269,0.563997005988,0.714446129395,0.647066223955,高,高,重点词,False,False,,True,0.217987428442,0.155798682949,False,False,False,0.714446107784,0.641747754491,重点词,重点词,常规CRITIC+一维KMeans
80,846,63563817,2526158329,0,0,0,,,,,,,,,,,,,,,,无效词,True,False,,False,,,False,False,False,,,无效词,无效词,结构性无成本无效益，先行归为无效词
81,934,63563817,2526158329,3.84,2,4,1.92,2,0.5,0.5,16,0.337200598802,0.86002994012,0.211826347305,0.744011976048,0.817739520958,0.195733532934,0.598615146737,0.490327013348,高,低,问题词,False,False,,True,0.102156445783,0.000940527658398,False,True,True,0.598615269461,0.492327844311,问题词,问题词,常规CRITIC+一维KMeans
82,1262,63563817,2526158329,2.21,1,1,2.21,1,1,0,11,0.240269461078,0.891467065868,0.0815868263473,0.40119760479,0.171407185629,0.175523952096,0.565868110617,0.196298152855,高,低,问题词,False,False,,True,0.069409409663,0.294969388152,False,False,False,0.565868263473,0.207428892216,问题词,问题词,常规CRITIC+一维KMeans
83,1277,63563817,2526158329,0,0,0,,,,,,,,,,,,,,,,无效词,True,False,,False,,,False,False,False,,,无效词,无效词,结构性无成本无效益，先行归为无效词
84,1385,63563817,2526158329,11.15,5,9,2.23,1.8,1,0,43,0.556137724551,0.892215568862,0.400449101796,0.693113772455,0.171407185629,0.294535928144,0.724176567819,0.378431713627,高,低,问题词,False,False,,True,0.227717866865,0.112835827379,False,False,False,0.724176646707,0.389876497006,问题词,问题词,常规CRITIC+一维KMeans
85,2052,63563817,2526158329,0,0,0,,,,,,,,,,,,,,,,无效词,True,False,,False,,,False,False,False,,,无效词,无效词,结构性无成本无效益，先行归为无效词
86,2373,63563817,2526158329,0,0,0,,,,,,,,,,,,,,,,无效词,True,False,,False,,,False,False,False,,,无效词,无效词,结构性无成本无效益，先行归为无效词
87,2397,63563817,2526158329,8.06,6,24,1.34333333333,4,0.75,0.25,293,0.500374251497,0.650074850299,0.440119760479,0.898577844311,0.591317365269,0.864895209581,0.575224515759,0.673906290103,高,高,重点词,False,False,,True,0.0787658148052,0.182638749097,False,False,False,0.575224550898,0.69872754491,重点词,重点词,常规CRITIC+一维KMeans
88,2514,63563817,2526158329,0,0,0,,,,,,,,,,,,,,,,无效词,True,False,,False,,,False,False,False,,,无效词,无效词,结构性无成本无效益，先行归为无效词
89,2942,63563817,2526158329,0,0,0,,,,,,,,,,,,,,,,无效词,True,False,,False,,,False,False,False,,,无效词,无效词,结构性无成本无效益，先行归为无效词
90,3286,63563817,2526158329,1.9,1,1,1.9,1,1,0,19,0.214446107784,0.854416167665,0.0815868263473,0.40119760479,0.171407185629,0.202844311377,0.534430987504,0.202243592822,高,低,问题词,False,False,,True,0.03797228655,0.289023948185,False,False,False,0.534431137725,0.214258982036,问题词,问题词,常规CRITIC+一维KMeans
91,3791,63563817,2526158329,0,0,0,,,,,,,,,,,,,,,,无效词,True,False,,False,,,False,False,False,,,无效词,无效词,结构性无成本无效益，先行归为无效词
92,4113,63563817,2526158329,0,0,0,,,,,,,,,,,,,,,,无效词,True,False,,False,,,False,False,False,,,无效词,无效词,结构性无成本无效益，先行归为无效词
93,4348,63563817,2526158329,23.31,12,15,1.9425,1.25,0.8333,0.1667,25,0.688622754491,0.862275449102,0.585703592814,0.565119760479,0.487275449102,0.223053892216,0.775449061035,0.475329590702,高,低,问题词,False,False,,True,0.278990360081,0.0159379503043,False,True,True,0.775449101796,0.465288173653,问题词,问题词,常规CRITIC+一维KMeans
94,4497,63563817,2526158329,15.14,10,30,1.514,3,0.963,0.037,30,0.613023952096,0.748502994012,0.55127245509,0.852170658683,0.350299401198,0.241392215569,0.680763441253,0.494352912519,高,高,重点词,False,False,,True,0.184304740299,0.00308537151286,False,True,True,0.680763473054,0.498783682635,问题词,问题词,常规CRITIC+一维KMeans
95,5236,63563817,2526158329,7.11,5,36,1.422,7.2,0.5,0.5,1272,0.475673652695,0.696856287425,0.400449101796,0.967814371257,0.817739520958,0.991766467066,0.586264918141,0.767120972989,高,高,重点词,False,False,,True,0.0898062171878,0.275853431983,False,False,False,0.58626497006,0.794442365269,重点词,重点词,常规CRITIC+一维KMeans
96,5700,63563817,2526158329,3.63,2,1,1.815,0.5,1,0,3,0.329715568862,0.837574850299,0.211826347305,0.109281437126,0.171407185629,0.112275449102,0.58364509037,0.156738136743,高,低,问题词,False,False,,True,0.0871863894168,0.334529404263,False,False,False,0.583645209581,0.15119760479,问题词,问题词,常规CRITIC+一维KMeans
97,5910,63563817,2526158329,0,0,0,,,,,,,,,,,,,,,,无效词,True,False,,False,,,False,False,False,,,无效词,无效词,结构性无成本无效益，先行归为无效词
98,5942,63563817,2526158329,0,0,0,,,,,,,,,,,,,,,,无效词,True,False,,False,,,False,False,False,,,无效词,无效词,结构性无成本无效益，先行归为无效词
99,6014,63563817,2526158329,0,0,0,,,,,,,,,,,,,,,,无效词,True,False,,False,,,False,False,False,,,无效词,无效词,结构性无成本无效益，先行归为无效词
100,6207,63563817,2526158329,2.68,2,3,1.34,1.5,0,1,19,0.269835329341,0.646332335329,0.211826347305,0.630613772455,0.953967065868,0.202844311377,0.45808374396,0.504484103422,低,高,黄金词,False,False,,True,0.0383749569939,0.0132165624154,False,True,True,0.458083832335,0.499812874251,潜力词,潜力词,常规CRITIC+一维KMeans
101,6545,63563817,2526158329,14.84,6,37,2.47333333333,6.16666666667,0.5714,0.4286,180,0.607784431138,0.906437125749,0.440119760479,0.958832335329,0.769835329341,0.739895209581,0.75711070834,0.708748138104,高,高,重点词,False,False,,True,0.260652007386,0.217480597098,False,False,False,0.757110778443,0.727170658683,重点词,重点词,常规CRITIC+一维KMeans
102,6604,63563817,2526158329,1.8,1,2,1.8,2,0,1,9,0.197604790419,0.833458083832,0.0815868263473,0.744011976048,0.953967065868,0.163547904192,0.515531287871,0.482820427745,高,低,问题词,False,False,,True,0.0190725869175,0.00844711326173,False,True,True,0.515531437126,0.485778443114,问题词,问题词,常规CRITIC+一维KMeans
103,18,63563817,2874903000,0,0,0,,,,,,,,,,,,,,,,无效词,True,False,,False,,,False,False,False,,,无效词,无效词,结构性无成本无效益，先行归为无效词
104,19,63563817,2874903000,0,0,0,,,,,,,,,,,,,,,,无效词,True,False,,False,,,False,False,False,,,无效词,无效词,结构性无成本无效益，先行归为无效词
105,147,63563817,2874903000,41.96,37,51,1.13405405405,1.37837837838,0.9565,0.0435,80,0.761976047904,0.523203592814,0.776946107784,0.60254491018,0.354790419162,0.470808383234,0.642589876407,0.556648218415,高,高,重点词,False,False,,True,0.146131175453,0.0653806774081,False,False,False,0.642589820359,0.55127245509,重点词,重点词,常规CRITIC+一维KMeans
106,193,63563817,2874903000,4.83,5,4,0.966,0.8,1,0,63,0.389595808383,0.402694610778,0.400449101796,0.225299401198,0.171407185629,0.39745508982,0.396145206506,0.298868932568,低,低,潜力词,False,False,,True,0.100313494447,0.192398608439,False,False,False,0.396145209581,0.298652694611,潜力词,潜力词,常规CRITIC+一维KMeans
107,384,63563817,2874903000,25.16,17,21,1.48,1.23529411765,0.8824,0.1176,67,0.700598802395,0.730913173653,0.657934131737,0.562125748503,0.430389221557,0.416541916168,0.715755980908,0.522176466222,高,高,重点词,False,False,,True,0.219297279955,0.0309089252158,False,False,False,0.715755988024,0.516747754491,重点词,重点词,常规CRITIC+一维KMeans
108,405,63563817,2874903000,39.06,26,22,1.50230769231,0.846153846154,1,0,56,0.755239520958,0.744760479042,0.729041916168,0.254116766467,0.171407185629,0.355164670659,0.75000000246,0.39138383171,高,低,问题词,False,False,,True,0.253541301506,0.0998837092963,False,False,False,0.75,0.377432634731,问题词,问题词,常规CRITIC+一维KMeans
109,431,63563817,2874903000,121.72,94,161,1.29489361702,1.71276595745,0.9146,0.0854,114,0.847305389222,0.622005988024,0.869760479042,0.670658682635,0.392964071856,0.57747005988,0.734655741508,0.632121629358,高,高,重点词,False,False,,True,0.238197040554,0.140854088351,False,False,False,0.734655688623,0.627713323353,重点词,重点词,常规CRITIC+一维KMeans
110,504,63563817,2874903000,60.02,45,64,1.33377777778,1.42222222222,0.9667,0.0333,60,0.796407185629,0.642215568862,0.806137724551,0.607784431138,0.348053892216,0.370508982036,0.719311413439,0.542595837869,高,高,重点词,False,False,,True,0.222852712485,0.0513282968626,False,False,False,0.719311377246,0.533121257485,重点词,重点词,常规CRITIC+一维KMeans
111,615,63563817,2874903000,0,0,0,,,,,,,,,,,,,,,,无效词,True,False,,False,,,False,False,False,,,无效词,无效词,结构性无成本无效益，先行归为无效词
112,648,63563817,2874903000,5.79,4,3,1.4475,0.75,1,0,83,0.434131736527,0.711826347305,0.354416167665,0.197604790419,0.171407185629,0.482035928144,0.572978976733,0.297869402968,高,低,问题词,False,False,,True,0.076520275779,0.193398138038,False,False,False,0.572979041916,0.301366017964,问题词,问题词,常规CRITIC+一维KMeans
113,811,63563817,2874903000,20.17,13,13,1.55153846154,1,0.9167,0.0833,137,0.666167664671,0.761976047904,0.605164670659,0.40119760479,0.388847305389,0.672155688623,0.714071833798,0.516020243422,高,高,重点词,False,False,,True,0.217613132845,0.0247527024159,False,False,False,0.714071856287,0.516841317365,重点词,重点词,常规CRITIC+一维KMeans
114,891,63563817,2874903000,0,0,0,,,,,,,,,,,,,,,,无效词,True,False,,False,,,False,False,False,,,无效词,无效词,结构性无成本无效益，先行归为无效词
115,1176,63563817,2874903000,0,0,0,,,,,,,,,,,,,,,,无效词,True,False,,False,,,False,False,False,,,无效词,无效词,结构性无成本无效益，先行归为无效词
116,1307,63563817,2874903000,0.81,1,0,0.81,0,0,1,0,0.0744760479042,0.259356287425,0.0815868263473,0.0265718562874,0.953967065868,0.0310628742515,0.166916124268,0.297623280957,低,低,潜力词,False,False,,True,0.329542576686,0.193644260049,False,False,False,0.166916167665,0.273297155689,潜力词,潜力词,常规CRITIC+一维KMeans
117,1461,63563817,2874903000,28.41,18,16,1.57833333333,0.888888888889,1,0,29,0.715568862275,0.771706586826,0.670658682635,0.269835329341,0.171407185629,0.237275449102,0.743637711374,0.352197723469,高,低,问题词,False,False,,True,0.24717901042,0.139069817538,False,False,False,0.743637724551,0.337294161677,问题词,问题词,常规CRITIC+一维KMeans
118,1490,63563817,2874903000,1.88,1,1,1.88,1,1,0,8,0.211077844311,0.849550898204,0.0815868263473,0.40119760479,0.171407185629,0.157934131737,0.530314221388,0.192470266848,高,低,问题词,False,False,,True,0.0338555204343,0.298797274158,False,False,False,0.530314371257,0.203031437126,问题词,问题词,常规CRITIC+一维KMeans
119,1541,63563817,2874903000,0,0,0,,,,,,,,,,,,,,,,无效词,True,False,,False,,,False,False,False,,,无效词,无效词,结构性无成本无效益，先行归为无效词
120,1552,63563817,2874903000,11.22,8,4,1.4025,0.5,1,0,3,0.557634730539,0.682634730539,0.504491017964,0.109281437126,0.171407185629,0.112275449102,0.620134701198,0.241740449488,高,低,问题词,False,False,,True,0.123676000244,0.249527091518,False,False,False,0.620134730539,0.224363772455,问题词,问题词,常规CRITIC+一维KMeans
121,1812,63563817,2874903000,7.32,4,3,1.83,0.75,1,0,3,0.483907185629,0.841691616766,0.354416167665,0.197604790419,0.171407185629,0.112275449102,0.662799317214,0.217402352454,高,低,问题词,False,False,,True,0.166340616261,0.273865188552,False,False,False,0.662799401198,0.208925898204,问题词,问题词,常规CRITIC+一维KMeans
122,1849,63563817,2874903000,0,0,0,,,,,,,,,,,,,,,,无效词,True,False,,False,,,False,False,False,,,无效词,无效词,结构性无成本无效益，先行归为无效词
123,2038,63563817,2874903000,84.93,60,60,1.4155,1,0.9057,0.0943,128,0.819610778443,0.693862275449,0.835703592814,0.40119760479,0.403817365269,0.65494011976,0.756736556463,0.583333765947,高,高,重点词,False,False,,True,0.26027785551,0.0920662249406,False,False,False,0.756736526946,0.573914670659,重点词,重点词,常规CRITIC+一维KMeans
124,2081,63563817,2874903000,0,0,0,,,,,,,,,,,,,,,,无效词,True,False,,False,,,False,False,False,,,无效词,无效词,结构性无成本无效益，先行归为无效词
125,2107,63563817,2874903000,60.53,43,37,1.4076744186,0.860465116279,0.9714,0.0286,90,0.798652694611,0.685628742515,0.797904191617,0.258982035928,0.347305389222,0.510104790419,0.742140745093,0.494356776456,高,高,重点词,False,False,,True,0.245682044139,0.00308923544957,False,True,True,0.742140718563,0.478574101796,问题词,问题词,常规CRITIC+一维KMeans
126,2249,63563817,2874903000,4.33,3,3,1.44333333333,1,1,0,46,0.366017964072,0.708832335329,0.294161676647,0.40119760479,0.171407185629,0.312874251497,0.537425069231,0.287929051736,高,低,问题词,False,False,,True,0.0409663682778,0.20333848927,False,False,False,0.537425149701,0.294910179641,问题词,问题词,常规CRITIC+一维KMeans
127,2270,63563817,2874903000,26.65,15,13,1.77666666667,0.866666666667,1,0,34,0.705838323353,0.827844311377,0.630988023952,0.260853293413,0.171407185629,0.258982035928,0.766841288727,0.343441813327,高,低,问题词,False,False,,True,0.270382587773,0.147825727679,False,False,False,0.766841317365,0.330557634731,问题词,问题词,常规CRITIC+一维KMeans
128,2275,63563817,2874903000,264.04,180,181,1.46688888889,1.00555555556,0.9463,0.0537,87,0.894461077844,0.721556886228,0.905688622754,0.501497005988,0.360778443114,0.501497005988,0.808009022622,0.580336270725,高,高,重点词,False,False,,True,0.311550321668,0.0890687297183,False,False,False,0.808008982036,0.567365269461,重点词,重点词,常规CRITIC+一维KMeans
129,2499,63563817,2874903000,1.08,1,0,1.08,0,0,1,0,0.110778443114,0.484281437126,0.0815868263473,0.0265718562874,0.953967065868,0.0310628742515,0.297529852447,0.297623280957,低,低,潜力词,False,False,,True,0.198928848507,0.193644260049,False,False,False,0.29752994012,0.273297155689,潜力词,潜力词,常规CRITIC+一维KMeans
130,2561,63563817,2874903000,402.98,281,248,1.43409252669,0.88256227758,0.9607,0.0393,79,0.907185628743,0.704341317365,0.920658682635,0.266467065868,0.351796407186,0.465943113772,0.805763520668,0.523261329177,高,高,重点词,False,False,,True,0.309304819714,0.031993788171,False,False,False,0.805763473054,0.501216317365,问题词,重点词,常规CRITIC+一维KMeans
131,2574,63563817,2874903000,4.62,2,1,2.31,0.5,1,0,120,0.378368263473,0.896706586826,0.211826347305,0.109281437126,0.171407185629,0.615643712575,0.63753730348,0.266280832028,高,低,问题词,False,False,,True,0.141078602526,0.224986708979,False,False,False,0.63753742515,0.277039670659,问题词,问题词,常规CRITIC+一维KMeans
132,2596,63563817,2874903000,1.47,1,1,1.47,1,1,0,1,0.160553892216,0.72380239521,0.0815868263473,0.40119760479,0.171407185629,0.0737275449102,0.442178011501,0.174145280648,低,低,潜力词,False,False,,True,0.054280689453,0.317122260358,False,False,False,0.442178143713,0.181979790419,潜力词,潜力词,常规CRITIC+一维KMeans
133,2669,63563817,2874903000,7.34,7,9,1.04857142857,1.28571428571,0.8571,0.1429,23,0.48502994012,0.469311377246,0.47380239521,0.579715568862,0.457709580838,0.215568862275,0.477170662372,0.436280269637,低,低,潜力词,False,False,,True,0.0192880385814,0.0549872713692,False,False,False,0.477170658683,0.431699101796,潜力词,潜力词,常规CRITIC+一维KMeans
134,2733,63563817,2874903000,9.83,7,7,1.40428571429,1,1,0,88,0.531062874251,0.683383233533,0.47380239521,0.40119760479,0.171407185629,0.505239520958,0.607223018138,0.381966797287,高,低,问题词,False,False,,True,0.110764317184,0.10930074372,False,False,False,0.607223053892,0.387911676647,问题词,问题词,常规CRITIC+一维KMeans
135,2774,63563817,2874903000,37.05,27,17,1.37222222222,0.62962962963,1,0,93,0.749251497006,0.666167664671,0.738398203593,0.14745508982,0.171407185629,0.519086826347,0.707709600341,0.406527059851,高,低,问题词,False,False,,True,0.211250899387,0.084740481155,False,False,False,0.707709580838,0.394086826347,问题词,问题词,常规CRITIC+一维KMeans
136,2797,63563817,2874903000,5.41,4,3,1.3525,0.75,1,0,4,0.416167664671,0.654191616766,0.354416167665,0.197604790419,0.171407185629,0.126122754491,0.535179584847,0.220415794629,高,低,问题词,False,False,,True,0.0387208838933,0.270851746377,False,False,False,0.535179640719,0.212387724551,问题词,问题词,常规CRITIC+一维KMeans
137,2803,63563817,2874903000,8.18,7,7,1.16857142857,1,1,0,23,0.50374251497,0.547155688623,0.47380239521,0.40119760479,0.171407185629,0.215568862275,0.525449091606,0.318928844759,高,低,问题词,False,False,,True,0.0289903906524,0.172338696248,False,False,False,0.525449101796,0.315494011976,问题词,问题词,常规CRITIC+一维KMeans
138,2863,63563817,2874903000,27.28,18,12,1.51555555556,0.666666666667,1,0,86,0.708832335329,0.75,0.670658682635,0.161676646707,0.171407185629,0.495883233533,0.729416158001,0.384902643339,高,低,问题词,False,False,,True,0.232957457048,0.106364897667,False,False,False,0.729416167665,0.374906437126,问题词,问题词,常规CRITIC+一维KMeans
139,2938,63563817,2874903000,40.92,30,26,1.364,0.866666666667,0.9091,0.0909,72,0.758233532934,0.662425149701,0.75374251497,0.260853293413,0.398577844311,0.436377245509,0.710329363807,0.479941687561,高,低,问题词,False,False,,True,0.213870662853,0.0113258534454,False,True,True,0.710329341317,0.462387724551,问题词,问题词,常规CRITIC+一维KMeans
140,2959,63563817,2874903000,1.27,2,2,0.635,1,1,0,25,0.133233532934,0.145209580838,0.211826347305,0.40119760479,0.171407185629,0.223053892216,0.139221554075,0.244468705667,低,低,潜力词,False,False,,True,0.357237146879,0.246798835339,False,False,False,0.139221556886,0.251871257485,潜力词,潜力词,常规CRITIC+一维KMeans
141,3163,63563817,2874903000,614.71,402,350,1.52912935323,0.870646766169,0.9824,0.0176,44,0.914670658683,0.752994011976,0.928143712575,0.261976047904,0.344311377246,0.300898203593,0.83383237328,0.486488702246,高,低,问题词,False,False,,True,0.337373672326,0.00477883875997,False,True,True,0.833832335329,0.458832335329,问题词,问题词,常规CRITIC+一维KMeans
142,3422,63563817,2874903000,7.28,6,4,1.21333333333,0.666666666667,1,0,66,0.48128742515,0.56998502994,0.440119760479,0.161676646707,0.171407185629,0.413922155689,0.525636206725,0.300107979895,高,低,问题词,False,False,,True,0.0291775057712,0.191159561112,False,False,False,0.525636227545,0.296781437126,问题词,问题词,常规CRITIC+一维KMeans
143,3465,63563817,2874903000,1.98,2,1,0.99,0.5,1,0,1,0.223053892216,0.421781437126,0.211826347305,0.109281437126,0.171407185629,0.0737275449102,0.322417618023,0.148349365283,低,低,潜力词,False,False,,True,0.174041082931,0.342918175724,False,False,False,0.322417664671,0.141560628743,潜力词,潜力词,常规CRITIC+一维KMeans
144,3540,63563817,2874903000,0,0,0,,,,,,,,,,,,,,,,无效词,True,False,,False,,,False,False,False,,,无效词,无效词,结构性无成本无效益，先行归为无效词
145,3801,63563817,2874903000,12.08,9,7,1.34222222222,0.777777777778,1,0,40,0.568113772455,0.64745508982,0.53255988024,0.213323353293,0.171407185629,0.279191616766,0.607784412514,0.308892941058,高,低,问题词,False,False,,True,0.11132571156,0.182374599949,False,False,False,0.607784431138,0.299120508982,问题词,问题词,常规CRITIC+一维KMeans
146,3863,63563817,2874903000,28.12,18,15,1.56222222222,0.833333333333,1,0,39,0.713323353293,0.76497005988,0.670658682635,0.244386227545,0.171407185629,0.273952095808,0.739146694464,0.354632649752,高,低,问题词,False,False,,True,0.24268799351,0.136634891254,False,False,False,0.739146706587,0.340101047904,问题词,问题词,常规CRITIC+一维KMeans
147,3972,63563817,2874903000,18.12,14,15,1.29428571429,1.07142857143,0.9,0.1,70,0.641092814371,0.620508982036,0.619760479042,0.517215568862,0.41130239521,0.427395209581,0.630800903035,0.498433370182,高,高,重点词,False,False,,True,0.134342202082,0.00716582917525,False,True,True,0.630800898204,0.493918413174,问题词,问题词,常规CRITIC+一维KMeans
148,4023,63563817,2874903000,29.05,12,19,2.42083333333,1.58333333333,0.9375,0.0625,72,0.718188622754,0.903443113772,0.585703592814,0.649326347305,0.369760479042,0.436377245509,0.810815824778,0.507907964884,高,高,重点词,False,False,,True,0.314357123825,0.0166404238778,False,True,True,0.810815868263,0.510291916168,重点词,重点词,常规CRITIC+一维KMeans
149,4166,63563817,2874903000,24.53,20,21,1.2265,1.05,0.9444,0.0556,41,0.695733532934,0.573353293413,0.68375748503,0.512724550898,0.363398203593,0.283682634731,0.6345434419,0.471642187513,高,低,问题词,False,False,,True,0.138084740946,0.0196253534939,False,False,False,0.634543413174,0.460890718563,问题词,问题词,常规CRITIC+一维KMeans
150,4345,63563817,2874903000,0.56,1,0,0.56,0,0,1,0,0.0460329341317,0.108532934132,0.0815868263473,0.0265718562874,0.953967065868,0.0310628742515,0.077282919461,0.297623280957,低,低,潜力词,False,False,,True,0.419175781493,0.193644260049,False,False,False,0.0772829341317,0.273297155689,潜力词,潜力词,常规CRITIC+一维KMeans
151,4347,63563817,2874903000,0,0,0,,,,,,,,,,,,,,,,无效词,True,False,,False,,,False,False,False,,,无效词,无效词,结构性无成本无效益，先行归为无效词
152,4363,63563817,2874903000,0.15,1,1,0.15,1,1,0,15,0.00898203592814,0.0108532934132,0.0815868263473,0.40119760479,0.171407185629,0.190868263473,0.00991766423142,0.199637372562,低,低,潜力词,False,False,,True,0.486541036722,0.291630168444,False,False,False,0.00991766467066,0.21126497006,潜力词,潜力词,常规CRITIC+一维KMeans
153,4400,63563817,2874903000,14.68,9,4,1.63111111111,0.444444444444,1,0,4,0.605538922156,0.792664670659,0.53255988024,0.0901946107784,0.171407185629,0.126122754491,0.699101752483,0.248746319941,高,低,问题词,False,False,,True,0.202643051529,0.242521221065,False,False,False,0.699101796407,0.230071107784,问题词,问题词,常规CRITIC+一维KMeans
154,4458,63563817,2874903000,14.62,7,5,2.08857142857,0.714285714286,1,0,237,0.604416167665,0.881736526946,0.47380239521,0.180763473054,0.171407185629,0.814371257485,0.74307628221,0.401196312138,高,低,问题词,False,False,,True,0.246617581256,0.0900712288687,False,False,False,0.743076347305,0.410086077844,问题词,问题词,常规CRITIC+一维KMeans
155,4527,63563817,2874903000,103.53,68,96,1.5225,1.41176470588,0.9153,0.0847,293,0.828592814371,0.752245508982,0.848053892216,0.607035928144,0.391841317365,0.864895209581,0.790419179598,0.67419221653,高,高,重点词,False,False,,True,0.293960478644,0.182924675523,False,False,False,0.790419161677,0.677956586826,重点词,重点词,常规CRITIC+一维KMeans
156,4667,63563817,2874903000,8.06,19,37,0.424210526316,1.94736842105,0.7059,0.2941,196,0.500374251497,0.064371257485,0.678892215569,0.72380239521,0.646706586826,0.767215568862,0.282372856835,0.699082764379,低,高,黄金词,False,False,,True,0.214085844119,0.207815223373,False,False,False,0.282372754491,0.704154191617,黄金词,黄金词,常规CRITIC+一维KMeans
157,4700,63563817,2874903000,59.83,35,44,1.70942857143,1.25714285714,0.9231,0.0769,83,0.795658682635,0.813622754491,0.769461077844,0.568862275449,0.381362275449,0.482035928144,0.804640714346,0.556856835266,高,高,重点词,False,False,,True,0.308182013393,0.0655892942597,False,False,False,0.804640718563,0.550430389222,重点词,重点词,常规CRITIC+一维KMeans
158,4738,63563817,2874903000,3.78,3,3,1.26,1,1,0,2,0.335329341317,0.592065868263,0.294161676647,0.40119760479,0.171407185629,0.0943113772455,0.463697544526,0.240365531999,低,低,潜力词,False,False,,True,0.0327611564273,0.250902009007,False,False,False,0.46369760479,0.240269461078,潜力词,潜力词,常规CRITIC+一维KMeans
159,4798,63563817,2874903000,105.25,107,116,0.983644859813,1.08411214953,0.973,0.027,83,0.829341317365,0.413922155689,0.876497005988,0.521706586826,0.346556886228,0.482035928144,0.621631834039,0.568130803089,高,高,重点词,False,False,,True,0.125173133085,0.0768632620828,False,False,False,0.621631736527,0.556699101796,重点词,重点词,常规CRITIC+一维KMeans
160,4805,63563817,2874903000,39.87,31,24,1.28612903226,0.774193548387,1,0,36,0.755988023952,0.615269461078,0.75748502994,0.211077844311,0.171407185629,0.263473053892,0.685628775546,0.370310733431,高,低,问题词,False,False,,True,0.189170074592,0.120956807576,False,False,False,0.685628742515,0.350860778443,问题词,问题词,常规CRITIC+一维KMeans
161,4836,63563817,2874903000,2.94,3,2,0.98,0.666666666667,1,0,61,0.292290419162,0.411676646707,0.294161676647,0.161676646707,0.171407185629,0.377994011976,0.35198350491,0.249896861353,低,低,潜力词,False,False,,True,0.144475196043,0.241370679653,False,False,False,0.351983532934,0.25130988024,潜力词,潜力词,常规CRITIC+一维KMeans
162,4837,63563817,2874903000,36.73,24,25,1.53041666667,1.04166666667,0.9583,0.0417,79,0.747754491018,0.755239520958,0.715194610778,0.508233532934,0.353293413174,0.465943113772,0.751497004231,0.51668887552,高,高,重点词,False,False,,True,0.255038303277,0.025421334514,False,False,False,0.751497005988,0.510666167665,重点词,重点词,常规CRITIC+一维KMeans
163,4857,63563817,2874903000,26.8,21,20,1.27619047619,0.952380952381,0.875,0.125,31,0.707335329341,0.607035928144,0.692739520958,0.291541916168,0.439371257485,0.243637724551,0.657185652286,0.438145448142,高,低,问题词,False,False,,True,0.160726951332,0.053122092864,False,False,False,0.657185628743,0.41682260479,问题词,问题词,常规CRITIC+一维KMeans
164,4860,63563817,2874903000,46.03,41,111,1.12268292683,2.70731707317,0.5625,0.4375,173,0.775449101796,0.514221556886,0.791916167665,0.828592814371,0.776571856287,0.729416167665,0.64483539066,0.7821044575,高,高,重点词,False,False,,True,0.148376689706,0.290836916494,False,False,False,0.644835329341,0.781624251497,重点词,重点词,常规CRITIC+一维KMeans
165,5241,63563817,2874903000,6.42,4,4,1.605,1,1,0,33,0.455838323353,0.781437125749,0.354416167665,0.40119760479,0.171407185629,0.253368263473,0.618637648123,0.292479870975,高,低,问题词,False,False,,True,0.122178947169,0.198787670031,False,False,False,0.618637724551,0.295097305389,问题词,问题词,常规CRITIC+一维KMeans
166,5351,63563817,2874903000,4.07,3,6,1.35666666667,2,0.75,0.25,558,0.35254491018,0.659431137725,0.294161676647,0.744011976048,0.591317365269,0.952095808383,0.505987951916,0.616802794094,高,高,重点词,False,False,,True,0.00952925096271,0.125535253088,True,False,True,0.505988023952,0.645396706587,重点词,重点词,常规CRITIC+一维KMeans
167,5532,63563817,2874903000,68.56,43,82,1.59441860465,1.90697674419,0.9574,0.0426,119,0.806886227545,0.778443113772,0.797904191617,0.719311377246,0.354041916168,0.589446107784,0.792664677335,0.61379734158,高,高,重点词,False,False,,True,0.296205976382,0.122529800574,False,False,False,0.792664670659,0.615175898204,重点词,重点词,常规CRITIC+一维KMeans
168,5926,63563817,2874903000,31.28,19,18,1.64631578947,0.947368421053,0.9412,0.0588,77,0.725299401198,0.794910179641,0.678892215569,0.288922155689,0.365643712575,0.459206586826,0.760104774079,0.460264106856,高,低,问题词,False,False,,True,0.263646073126,0.0310034341504,False,False,False,0.760104790419,0.448166167665,问题词,问题词,常规CRITIC+一维KMeans
169,5995,63563817,2874903000,0.92,1,0,0.92,0,0,1,0,0.0935628742515,0.360778443114,0.0815868263473,0.0265718562874,0.953967065868,0.0310628742515,0.227170595959,0.297623280957,低,低,潜力词,False,False,,True,0.269288104995,0.193644260049,False,False,False,0.227170658683,0.273297155689,潜力词,潜力词,常规CRITIC+一维KMeans
170,6098,63563817,2874903000,0,0,0,,,,,,,,,,,,,,,,无效词,True,False,,False,,,False,False,False,,,无效词,无效词,结构性无成本无效益，先行归为无效词
171,6242,63563817,2874903000,4.45,4,3,1.1125,0.75,1,0,43,0.370508982036,0.505239520958,0.354416167665,0.197604790419,0.171407185629,0.294535928144,0.437874219872,0.257065767029,低,低,潜力词,False,False,,True,0.0585844810821,0.234201773977,False,False,False,0.437874251497,0.254491017964,潜力词,潜力词,常规CRITIC+一维KMeans
172,6282,63563817,2874903000,162.07,119,149,1.36193277311,1.25210084034,0.947,0.053,76,0.866766467066,0.660928143713,0.887724550898,0.568113772455,0.36002994012,0.452844311377,0.763847353706,0.578844988692,高,高,重点词,False,False,,True,0.267388652752,0.087577447686,False,False,False,0.763847305389,0.567178143713,重点词,重点词,常规CRITIC+一维KMeans
173,6623,63563817,2874903000,0,0,0,,,,,,,,,,,,,,,,无效词,True,False,,False,,,False,False,False,,,无效词,无效词,结构性无成本无效益，先行归为无效词
174,6633,63563817,2874903000,15.18,12,7,1.265,0.583333333333,1,0,142,0.614895209581,0.595434131737,0.585703592814,0.133982035928,0.171407185629,0.681137724551,0.605164675227,0.394506997393,高,低,问题词,False,False,,True,0.108705974273,0.096760543613,False,False,False,0.605164670659,0.393057634731,问题词,问题词,常规CRITIC+一维KMeans
175,9,63563817,4190988309,34.07,14,71,2.43357142857,5.07142857143,0.7143,0.2857,390,0.741766467066,0.904191616766,0.619760479042,0.932634730539,0.636976047904,0.91130239521,0.82297900379,0.756113356095,高,高,重点词,False,False,,True,0.326520302836,0.264845815089,False,False,False,0.822979041916,0.775168413174,重点词,重点词,常规CRITIC+一维KMeans
176,152,63563817,4190988309,0,0,0,,,,,,,,,,,,,,,,无效词,True,False,,False,,,False,False,False,,,无效词,无效词,结构性无成本无效益，先行归为无效词
177,770,63563817,4190988309,0,0,0,,,,,,,,,,,,,,,,无效词,True,False,,False,,,False,False,False,,,无效词,无效词,结构性无成本无效益，先行归为无效词
178,886,63563817,4190988309,0,0,0,,,,,,,,,,,,,,,,无效词,True,False,,False,,,False,False,False,,,无效词,无效词,结构性无成本无效益，先行归为无效词
179,1098,63563817,4190988309,0,0,0,,,,,,,,,,,,,,,,无效词,True,False,,False,,,False,False,False,,,无效词,无效词,结构性无成本无效益，先行归为无效词
180,1203,63563817,4190988309,0,0,0,,,,,,,,,,,,,,,,无效词,True,False,,False,,,False,False,False,,,无效词,无效词,结构性无成本无效益，先行归为无效词
181,1277,63563817,4190988309,0,0,0,,,,,,,,,,,,,,,,无效词,True,False,,False,,,False,False,False,,,无效词,无效词,结构性无成本无效益，先行归为无效词
182,1651,63563817,4190988309,0,0,0,,,,,,,,,,,,,,,,无效词,True,False,,False,,,False,False,False,,,无效词,无效词,结构性无成本无效益，先行归为无效词
183,1942,63563817,4190988309,0,0,0,,,,,,,,,,,,,,,,无效词,True,False,,False,,,False,False,False,,,无效词,无效词,结构性无成本无效益，先行归为无效词
184,2050,63563817,4190988309,0,0,0,,,,,,,,,,,,,,,,无效词,True,False,,False,,,False,False,False,,,无效词,无效词,结构性无成本无效益，先行归为无效词
185,2373,63563817,4190988309,0,0,0,,,,,,,,,,,,,,,,无效词,True,False,,False,,,False,False,False,,,无效词,无效词,结构性无成本无效益，先行归为无效词
186,2397,63563817,4190988309,2.26,2,36,1.13,18,0.5,0.5,1490,0.242889221557,0.519835329341,0.211826347305,0.994386227545,0.817739520958,0.995508982036,0.381362210441,0.718942644786,低,高,黄金词,False,False,,True,0.115096490512,0.22767510378,False,False,False,0.381362275449,0.754865269461,黄金词,黄金词,常规CRITIC+一维KMeans
187,2478,63563817,4190988309,101.65,54,148,1.88240740741,2.74074074074,0.74,0.26,136,0.827095808383,0.851047904192,0.827844311377,0.831586826347,0.61377245509,0.670284431138,0.839071850665,0.735718731333,高,高,重点词,False,False,,True,0.342613149711,0.244451190327,False,False,False,0.839071856287,0.735872005988,重点词,重点词,常规CRITIC+一维KMeans
188,2706,63563817,4190988309,0.48,2,0,0.24,0,0,1,0,0.0370508982036,0.0280688622754,0.211826347305,0.0265718562874,0.953967065868,0.0310628742515,0.0325598823479,0.335450397115,低,低,潜力词,False,False,,True,0.463898818606,0.155817143892,False,False,False,0.0325598802395,0.305857035928,潜力词,潜力词,常规CRITIC+一维KMeans
189,2725,63563817,4190988309,0,0,0,,,,,,,,,,,,,,,,无效词,True,False,,False,,,False,False,False,,,无效词,无效词,结构性无成本无效益，先行归为无效词
190,2789,63563817,4190988309,0,0,0,,,,,,,,,,,,,,,,无效词,True,False,,False,,,False,False,False,,,无效词,无效词,结构性无成本无效益，先行归为无效词
191,2941,63563817,4190988309,38.41,28,269,1.37178571429,9.60714285714,0.4138,0.5862,643,0.75374251497,0.664670658683,0.745883233533,0.983532934132,0.860778443114,0.966317365269,0.709206607734,0.877129586425,高,高,重点词,False,False,,True,0.212747906781,0.385862045418,False,False,False,0.709206586826,0.889127994012,重点词,重点词,常规CRITIC+一维KMeans
192,2977,63563817,4190988309,0,0,0,,,,,,,,,,,,,,,,无效词,True,False,,False,,,False,False,False,,,无效词,无效词,结构性无成本无效益，先行归为无效词
193,3084,63563817,4190988309,0,0,0,,,,,,,,,,,,,,,,无效词,True,False,,False,,,False,False,False,,,无效词,无效词,结构性无成本无效益，先行归为无效词
194,3485,63563817,4190988309,0,0,0,,,,,,,,,,,,,,,,无效词,True,False,,False,,,False,False,False,,,无效词,无效词,结构性无成本无效益，先行归为无效词
195,3617,63563817,4190988309,1.68,1,1,1.68,1,1,0,120,0.186002994012,0.800898203593,0.0815868263473,0.40119760479,0.171407185629,0.615643712575,0.493450454467,0.292076747393,低,低,潜力词,False,False,,True,0.00300824648631,0.199190793613,True,False,True,0.493450598802,0.317458832335,潜力词,潜力词,常规CRITIC+一维KMeans
196,3840,63563817,4190988309,0,0,0,,,,,,,,,,,,,,,,无效词,True,False,,False,,,False,False,False,,,无效词,无效词,结构性无成本无效益，先行归为无效词
197,4017,63563817,4190988309,18.21,10,21,1.821,2.1,0.6364,0.3636,315,0.64371257485,0.839071856287,0.55127245509,0.763473053892,0.723428143713,0.876122754491,0.741392169712,0.715383866421,高,高,重点词,False,False,,True,0.244933468758,0.224116325415,False,False,False,0.741392215569,0.728574101796,重点词,重点词,常规CRITIC+一维KMeans
198,4097,63563817,4190988309,37.12,19,418,1.95368421053,22,0.6316,0.3684,449,0.75,0.866766467066,0.678892215569,0.99625748503,0.72754491018,0.932634730539,0.808383206124,0.816611429067,高,高,重点词,False,False,,True,0.311924505171,0.325343888061,False,False,False,0.808383233533,0.833832335329,重点词,重点词,常规CRITIC+一维KMeans
199,4101,63563817,4190988309,33.58,27,56,1.2437037037,2.07407407407,0.6538,0.3462,97,0.735778443114,0.583083832335,0.738398203593,0.76122754491,0.711077844311,0.535928143713,0.659431173567,0.691826982063,高,高,重点词,False,False,,True,0.162972472613,0.200559441057,False,False,False,0.659431137725,0.686657934132,重点词,重点词,常规CRITIC+一维KMeans
200,4134,63563817,4190988309,0,0,0,,,,,,,,,,,,,,,,无效词,True,False,,False,,,False,False,False,,,无效词,无效词,结构性无成本无效益，先行归为无效词
201,4135,63563817,4190988309,1.57,1,1,1.57,1,1,0,0,0.174775449102,0.76871257485,0.0815868263473,0.40119760479,0.171407185629,0.0310628742515,0.47174387256,0.164860620974,低,低,潜力词,False,False,,True,0.0247148283931,0.326406920033,False,False,False,0.471744011976,0.171313622754,潜力词,潜力词,常规CRITIC+一维KMeans
202,4177,63563817,4190988309,2053.55,1402,10918,1.46472895863,7.78744650499,0.4145,0.5855,483,0.948353293413,0.72005988024,0.957335329341,0.970808383234,0.86002994012,0.940119760479,0.834206640414,0.929864801397,高,高,重点词,False,False,,True,0.33774793946,0.438597260391,False,False,False,0.834206586826,0.932073353293,重点词,重点词,常规CRITIC+一维KMeans
203,4195,63563817,4190988309,25.1,10,11,2.51,1.1,1,0,57,0.699101796407,0.908682634731,0.55127245509,0.528443113772,0.171407185629,0.358532934132,0.803892166374,0.400274327609,高,低,问题词,False,False,,True,0.30743346542,0.0909932133974,False,False,False,0.803892215569,0.402413922156,问题词,问题词,常规CRITIC+一维KMeans
204,4905,63563817,4190988309,0,0,0,,,,,,,,,,,,,,,,无效词,True,False,,False,,,False,False,False,,,无效词,无效词,结构性无成本无效益，先行归为无效词
205,5257,63563817,4190988309,12.66,10,11,1.266,1.1,1,0,55,0.577844311377,0.597305389222,0.55127245509,0.528443113772,0.171407185629,0.351422155689,0.587574845731,0.39872688433,高,低,问题词,False,False,,True,0.0911161447777,0.0925406566765,False,False,False,0.587574850299,0.400636227545,问题词,问题词,常规CRITIC+一维KMeans
206,5268,63563817,4190988309,0,0,0,,,,,,,,,,,,,,,,无效词,True,False,,False,,,False,False,False,,,无效词,无效词,结构性无成本无效益，先行归为无效词
207,5367,63563817,4190988309,0,0,0,,,,,,,,,,,,,,,,无效词,True,False,,False,,,False,False,False,,,无效词,无效词,结构性无成本无效益，先行归为无效词
208,5374,63563817,4190988309,73.72,28,44,2.63285714286,1.57142857143,0.75,0.25,75,0.812125748503,0.913922155689,0.745883233533,0.64745508982,0.591317365269,0.448353293413,0.863023928201,0.617333335075,高,高,重点词,False,False,,True,0.366565227247,0.126065794069,False,False,False,0.863023952096,0.608252245509,重点词,重点词,常规CRITIC+一维KMeans
209,5465,63563817,4190988309,0,0,0,,,,,,,,,,,,,,,,无效词,True,False,,False,,,False,False,False,,,无效词,无效词,结构性无成本无效益，先行归为无效词
210,5649,63563817,4190988309,9.69,6,26,1.615,4.33333333333,0.8,0.2,466,0.529191616766,0.787425149701,0.440119760479,0.905314371257,0.529565868263,0.935254491018,0.658308322618,0.673766872939,高,高,重点词,False,False,,True,0.161849621664,0.182499331932,False,False,False,0.658308383234,0.702563622754,重点词,重点词,常规CRITIC+一维KMeans
211,5699,63563817,4190988309,0,0,0,,,,,,,,,,,,,,,,无效词,True,False,,False,,,False,False,False,,,无效词,无效词,结构性无成本无效益，先行归为无效词
212,5801,63563817,4190988309,0,0,0,,,,,,,,,,,,,,,,无效词,True,False,,False,,,False,False,False,,,无效词,无效词,结构性无成本无效益，先行归为无效词
213,5900,63563817,4190988309,0,0,0,,,,,,,,,,,,,,,,无效词,True,False,,False,,,False,False,False,,,无效词,无效词,结构性无成本无效益，先行归为无效词
214,5910,63563817,4190988309,0,0,0,,,,,,,,,,,,,,,,无效词,True,False,,False,,,False,False,False,,,无效词,无效词,结构性无成本无效益，先行归为无效词
215,6051,63563817,4190988309,0,0,0,,,,,,,,,,,,,,,,无效词,True,False,,False,,,False,False,False,,,无效词,无效词,结构性无成本无效益，先行归为无效词
216,6082,63563817,4190988309,1.85,1,1,1.85,1,1,0,12,0.205838323353,0.844311377246,0.0815868263473,0.40119760479,0.171407185629,0.179266467066,0.52507470043,0.197112596686,高,低,问题词,False,False,,True,0.0286159994762,0.294154944321,False,False,False,0.525074850299,0.208364520958,问题词,问题词,常规CRITIC+一维KMeans
217,6083,63563817,4190988309,22.89,16,84,1.430625,5.25,0.4375,0.5625,371,0.683383233533,0.701347305389,0.644461077844,0.938997005988,0.855913173653,0.903443113772,0.692365265244,0.822949989444,高,高,重点词,False,False,,True,0.195906564291,0.331682448438,False,False,False,0.692365269461,0.835703592814,重点词,重点词,常规CRITIC+一维KMeans
218,6207,63563817,4190988309,0,0,0,,,,,,,,,,,,,,,,无效词,True,False,,False,,,False,False,False,,,无效词,无效词,结构性无成本无效益，先行归为无效词
219,6224,63563817,4190988309,3.44,2,2,1.72,1,1,0,11,0.314745508982,0.817365269461,0.211826347305,0.40119760479,0.171407185629,0.175523952096,0.566055271241,0.234125269012,高,低,问题词,False,False,,True,0.0695965702874,0.257142271994,False,False,False,0.566055389222,0.239988772455,问题词,问题词,常规CRITIC+一维KMeans
220,6245,63563817,4190988309,6.07,2,61,3.035,30.5,0,1,1360,0.444236526946,0.930389221557,0.211826347305,0.997005988024,0.953967065868,0.994011976048,0.687312760136,0.756512590679,高,高,重点词,False,False,,True,0.190854059183,0.265245049673,False,False,False,0.687312874251,0.789202844311,重点词,重点词,常规CRITIC+一维KMeans
221,6602,63563817,4190988309,0,0,0,,,,,,,,,,,,,,,,无效词,True,False,,False,,,False,False,False,,,无效词,无效词,结构性无成本无效益，先行归为无效词
222,88,63563817,4190988310,0,0,0,,,,,,,,,,,,,,,,无效词,True,False,,False,,,False,False,False,,,无效词,无效词,结构性无成本无效益，先行归为无效词
223,167,63563817,4190988310,0,0,0,,,,,,,,,,,,,,,,无效词,True,False,,False,,,False,False,False,,,无效词,无效词,结构性无成本无效益，先行归为无效词
224,228,63563817,4190988310,4.64,4,3,1.16,0.75,1,0,62,0.380239520958,0.541916167665,0.354416167665,0.197604790419,0.171407185629,0.388098802395,0.461077806361,0.277426862807,低,低,潜力词,False,False,,True,0.0353808945928,0.213840678199,False,False,False,0.461077844311,0.277881736527,潜力词,潜力词,常规CRITIC+一维KMeans
225,266,63563817,4190988310,0,0,0,,,,,,,,,,,,,,,,无效词,True,False,,False,,,False,False,False,,,无效词,无效词,结构性无成本无效益，先行归为无效词
226,467,63563817,4190988310,0,0,0,,,,,,,,,,,,,,,,无效词,True,False,,False,,,False,False,False,,,无效词,无效词,结构性无成本无效益，先行归为无效词
227,867,63563817,4190988310,0,0,0,,,,,,,,,,,,,,,,无效词,True,False,,False,,,False,False,False,,,无效词,无效词,结构性无成本无效益，先行归为无效词
228,925,63563817,4190988310,109.28,74,122,1.47675675676,1.64864864865,0.9231,0.0769,44,0.830838323353,0.72754491018,0.854041916168,0.660179640719,0.381362275449,0.300898203593,0.779191641013,0.561906228969,高,高,重点词,False,False,,True,0.282732940059,0.0706386879626,False,False,False,0.779191616766,0.549120508982,重点词,重点词,常规CRITIC+一维KMeans
229,990,63563817,4190988310,12.69,8,28,1.58625,3.5,0.7143,0.2857,415,0.579341317365,0.775449101796,0.504491017964,0.876497005988,0.636976047904,0.923652694611,0.677395163548,0.713086650597,高,高,重点词,False,False,,True,0.180936462595,0.22181910959,False,False,False,0.677395209581,0.735404191617,重点词,重点词,常规CRITIC+一维KMeans
230,1108,63563817,4190988310,1.73,1,1,1.73,1,1,0,25,0.190494011976,0.820359281437,0.0815868263473,0.40119760479,0.171407185629,0.223053892216,0.505426498858,0.20664158951,高,低,问题词,False,False,,True,0.00896779790394,0.284625951497,True,False,True,0.505426646707,0.219311377246,问题词,问题词,常规CRITIC+一维KMeans
231,1186,63563817,4190988310,55.07,39,57,1.41205128205,1.46153846154,0.8974,0.1026,146,0.790419161677,0.690119760479,0.78255988024,0.617140718563,0.415419161677,0.686751497006,0.740269484621,0.625064821639,高,高,重点词,False,False,,True,0.243810783668,0.133797280633,False,False,False,0.740269461078,0.625467814371,重点词,重点词,常规CRITIC+一维KMeans
232,1362,63563817,4190988310,0,0,0,,,,,,,,,,,,,,,,无效词,True,False,,False,,,False,False,False,,,无效词,无效词,结构性无成本无效益，先行归为无效词
233,1517,63563817,4190988310,9.07,7,7,1.29571428571,1,0.8333,0.1667,11,0.520209580838,0.622754491018,0.47380239521,0.40119760479,0.487275449102,0.175523952096,0.571482011858,0.396758490522,高,低,问题词,False,False,,True,0.075023310904,0.094509050484,False,False,False,0.571482035928,0.384449850299,问题词,问题词,常规CRITIC+一维KMeans
234,1554,63563817,4190988310,0,0,0,,,,,,,,,,,,,,,,无效词,True,False,,False,,,False,False,False,,,无效词,无效词,结构性无成本无效益，先行归为无效词
235,1567,63563817,4190988310,367.4,238,812,1.54369747899,3.41176470588,0.6996,0.3004,208,0.903443113772,0.758982035928,0.912799401198,0.872005988024,0.653443113772,0.783308383234,0.83121260876,0.804668156851,高,高,重点词,False,False,,True,0.334753907806,0.313400615845,False,False,False,0.83121257485,0.805389221557,重点词,重点词,常规CRITIC+一维KMeans
236,1583,63563817,4190988310,0.48,1,1,0.48,1,1,0,120,0.0370508982036,0.0808383233533,0.0815868263473,0.40119760479,0.171407185629,0.615643712575,0.0589446005002,0.292076747393,低,低,潜力词,False,False,,True,0.437514100453,0.199190793613,False,False,False,0.0589446107784,0.317458832335,潜力词,潜力词,常规CRITIC+一维KMeans
237,1667,63563817,4190988310,93.58,53,120,1.76566037736,2.2641509434,0.8824,0.1176,101,0.824850299401,0.824850299401,0.825224550898,0.778443113772,0.430389221557,0.549026946108,0.824850299401,0.646742354075,高,高,重点词,False,False,,True,0.328391598448,0.155474813068,False,False,False,0.824850299401,0.645770958084,重点词,重点词,常规CRITIC+一维KMeans
238,1714,63563817,4190988310,0,0,0,,,,,,,,,,,,,,,,无效词,True,False,,False,,,False,False,False,,,无效词,无效词,结构性无成本无效益，先行归为无效词
239,1808,63563817,4190988310,0,0,0,,,,,,,,,,,,,,,,无效词,True,False,,False,,,False,False,False,,,无效词,无效词,结构性无成本无效益，先行归为无效词
240,1907,63563817,4190988310,0,0,0,,,,,,,,,,,,,,,,无效词,True,False,,False,,,False,False,False,,,无效词,无效词,结构性无成本无效益，先行归为无效词
241,2123,63563817,4190988310,72.85,47,122,1.55,2.59574468085,0.75,0.25,249,0.810628742515,0.76122754491,0.809880239521,0.817365269461,0.591317365269,0.825973053892,0.785928155309,0.75513004695,高,高,重点词,False,False,,True,0.289469454355,0.263862505944,False,False,False,0.785928143713,0.761133982036,重点词,重点词,常规CRITIC+一维KMeans
242,2145,63563817,4190988310,0,0,0,,,,,,,,,,,,,,,,无效词,True,False,,False,,,False,False,False,,,无效词,无效词,结构性无成本无效益，先行归为无效词
243,2158,63563817,4190988310,0,0,0,,,,,,,,,,,,,,,,无效词,True,False,,False,,,False,False,False,,,无效词,无效词,结构性无成本无效益，先行归为无效词
244,2190,63563817,4190988310,0,0,0,,,,,,,,,,,,,,,,无效词,True,False,,False,,,False,False,False,,,无效词,无效词,结构性无成本无效益，先行归为无效词
245,2212,63563817,4190988310,3.45,2,2,1.725,1,1,0,61,0.31624251497,0.819236526946,0.211826347305,0.40119760479,0.171407185629,0.377994011976,0.56773940289,0.278186680275,高,低,问题词,False,False,,True,0.0712807019361,0.213080860731,False,False,False,0.567739520958,0.290606287425,问题词,问题词,常规CRITIC+一维KMeans
246,2294,63563817,4190988310,6.61,4,4,1.6525,1,1,0,15,0.461826347305,0.796407185629,0.354416167665,0.40119760479,0.171407185629,0.190868263473,0.629116687931,0.278878658995,高,低,问题词,False,False,,True,0.132657986977,0.212388882011,False,False,False,0.629116766467,0.279472305389,问题词,问题词,常规CRITIC+一维KMeans
247,2384,63563817,4190988310,0,0,0,,,,,,,,,,,,,,,,无效词,True,False,,False,,,False,False,False,,,无效词,无效词,结构性无成本无效益，先行归为无效词
248,2397,63563817,4190988310,0,0,0,,,,,,,,,,,,,,,,无效词,True,False,,False,,,False,False,False,,,无效词,无效词,结构性无成本无效益，先行归为无效词
249,2505,63563817,4190988310,13.67,8,17,1.70875,2.125,0.875,0.125,85,0.592065868263,0.812874251497,0.504491017964,0.767215568862,0.439371257485,0.490269461078,0.70247000805,0.540814810147,高,高,重点词,False,False,,True,0.206011307096,0.0495472691402,False,False,False,0.70247005988,0.550336826347,重点词,重点词,常规CRITIC+一维KMeans
250,2570,63563817,4190988310,0,0,0,,,,,,,,,,,,,,,,无效词,True,False,,False,,,False,False,False,,,无效词,无效词,结构性无成本无效益，先行归为无效词
251,2789,63563817,4190988310,0,0,0,,,,,,,,,,,,,,,,无效词,True,False,,False,,,False,False,False,,,无效词,无效词,结构性无成本无效益，先行归为无效词
252,2889,63563817,4190988310,14,8,6,1.75,0.75,1,0,20,0.597305389222,0.822230538922,0.504491017964,0.197604790419,0.171407185629,0.205464071856,0.709767911275,0.281270146318,高,低,问题词,False,False,,True,0.213309210321,0.209997394689,False,False,False,0.709767964072,0.269741766467,问题词,问题词,常规CRITIC+一维KMeans
253,2892,63563817,4190988310,148.25,104,175,1.42548076923,1.68269230769,0.82,0.18,140,0.862275449102,0.698353293413,0.874251497006,0.666916167665,0.504491017964,0.67627245509,0.780314409735,0.684668723428,高,高,重点词,False,False,,True,0.283855708782,0.193401182421,False,False,False,0.780314371257,0.680482784431,重点词,重点词,常规CRITIC+一维KMeans
254,2980,63563817,4190988310,1.88,1,1,1.88,1,1,0,1,0.211077844311,0.849550898204,0.0815868263473,0.40119760479,0.171407185629,0.0737275449102,0.530314221388,0.174145280648,高,低,问题词,False,False,,True,0.0338555204343,0.317122260358,False,False,False,0.530314371257,0.181979790419,问题词,问题词,常规CRITIC+一维KMeans
255,2985,63563817,4190988310,1810.51,1217,1985,1.48768282662,1.63105998357,0.8828,0.1172,84,0.945359281437,0.734281437126,0.955838323353,0.656437125749,0.428892215569,0.485778443114,0.839820408828,0.643912741578,高,高,重点词,False,False,,True,0.343361707874,0.152645200572,False,False,False,0.839820359281,0.631736526946,重点词,重点词,常规CRITIC+一维KMeans
256,3106,63563817,4190988310,18.29,11,18,1.66272727273,1.63636363636,0.7273,0.2727,78,0.645209580838,0.797904191617,0.567739520958,0.659056886228,0.621631736527,0.462949101796,0.721556850385,0.579603517212,高,高,重点词,False,False,,True,0.225098149432,0.0883359762052,False,False,False,0.721556886228,0.577844311377,重点词,重点词,常规CRITIC+一维KMeans
257,3169,63563817,4190988310,1047.53,674,977,1.55419881306,1.44955489614,0.8812,0.1188,64,0.922904191617,0.762724550898,0.940119760479,0.616017964072,0.431886227545,0.40494011976,0.842814408857,0.613766394516,高,高,重点词,False,False,,True,0.346355707903,0.122498853509,False,False,False,0.842814371257,0.598241017964,重点词,重点词,常规CRITIC+一维KMeans
258,3180,63563817,4190988310,3.89,3,14,1.29666666667,4.66666666667,0.6667,0.3333,676,0.340943113772,0.623877245509,0.294161676647,0.914296407186,0.688622754491,0.972305389222,0.482410113227,0.684974759767,低,高,黄金词,False,False,,True,0.0140485877264,0.193707218761,True,False,True,0.482410179641,0.717346556886,黄金词,黄金词,常规CRITIC+一维KMeans
259,3304,63563817,4190988310,17.28,11,26,1.57090909091,2.36363636364,0.8182,0.1818,84,0.633233532934,0.770209580838,0.567739520958,0.789670658683,0.507859281437,0.485778443114,0.701721524734,0.581866536194,高,高,重点词,False,False,,True,0.20526282378,0.0905989951872,False,False,False,0.701721556886,0.587761976048,重点词,重点词,常规CRITIC+一维KMeans
260,3328,63563817,4190988310,0,0,0,,,,,,,,,,,,,,,,无效词,True,False,,False,,,False,False,False,,,无效词,无效词,结构性无成本无效益，先行归为无效词
261,3501,63563817,4190988310,1.01,1,0,1.01,0,0,1,0,0.10628742515,0.441991017964,0.0815868263473,0.0265718562874,0.953967065868,0.0310628742515,0.274139142757,0.297623280957,低,低,潜力词,False,False,,True,0.222319558197,0.193644260049,False,False,False,0.274139221557,0.273297155689,潜力词,潜力词,常规CRITIC+一维KMeans
262,3732,63563817,4190988310,62.1,44,44,1.41136363636,1,0.9,0.1,22,0.801646706587,0.688622754491,0.802769461078,0.40119760479,0.41130239521,0.212200598802,0.745134757069,0.47947039338,高,低,问题词,False,False,,True,0.248676056116,0.0117971476268,False,True,True,0.745134730539,0.45686751497,问题词,问题词,常规CRITIC+一维KMeans
263,3818,63563817,4190988310,5.74,2,9,2.87,4.5,0,1,54,0.428892215569,0.927395209581,0.211826347305,0.908682634731,0.953967065868,0.345434131737,0.678143595561,0.596119429312,高,高,重点词,False,False,,True,0.181684894607,0.104851888306,False,False,False,0.678143712575,0.60497754491,重点词,重点词,常规CRITIC+一维KMeans
264,4043,63563817,4190988310,0,0,0,,,,,,,,,,,,,,,,无效词,True,False,,False,,,False,False,False,,,无效词,无效词,结构性无成本无效益，先行归为无效词
265,4048,63563817,4190988310,9.39,8,49,1.17375,6.125,0.5,0.5,563,0.524700598802,0.550149700599,0.504491017964,0.958083832335,0.817739520958,0.952844311377,0.537425143727,0.78674820291,高,高,重点词,False,False,,True,0.0409664427733,0.295480661904,False,False,False,0.537425149701,0.808289670659,重点词,重点词,常规CRITIC+一维KMeans
266,4126,63563817,4190988310,8.95,4,4,2.2375,1,1,0,46,0.517589820359,0.892964071856,0.354416167665,0.40119760479,0.171407185629,0.312874251497,0.705276857996,0.30542952789,高,低,问题词,False,False,,True,0.208818157042,0.185838013117,False,False,False,0.705276946108,0.309973802395,问题词,问题词,常规CRITIC+一维KMeans
267,4155,63563817,4190988310,5.39,4,6,1.3475,1.5,0.6667,0.3333,30,0.414670658683,0.651946107784,0.354416167665,0.630613772455,0.688622754491,0.241392215569,0.533308327538,0.481585819942,高,低,问题词,False,False,,True,0.036849626584,0.0096817210645,False,True,True,0.533308383234,0.478761227545,问题词,问题词,常规CRITIC+一维KMeans
268,4403,63563817,4190988310,25.77,19,160,1.35631578947,8.42105263158,0.4444,0.5556,413,0.703218562874,0.657185628743,0.678892215569,0.975299401198,0.854416167665,0.922904191617,0.680202106614,0.844687302339,高,高,重点词,False,False,,True,0.18374340566,0.353419761332,False,False,False,0.680202095808,0.857877994012,重点词,重点词,常规CRITIC+一维KMeans
269,4675,63563817,4190988310,22.54,16,61,1.40875,3.8125,0.7059,0.2941,172,0.681137724551,0.686377245509,0.644461077844,0.889221556886,0.646706586826,0.726796407186,0.6837574838,0.716339550112,高,高,重点词,False,False,,True,0.187298782846,0.225072009105,False,False,False,0.68375748503,0.726796407186,重点词,重点词,常规CRITIC+一维KMeans
270,4713,63563817,4190988310,4.68,1,7,4.68,7,0,1,278,0.382110778443,0.958083832335,0.0815868263473,0.967065868263,0.953967065868,0.854041916168,0.67009717019,0.681699836108,高,高,重点词,False,False,,True,0.173638469237,0.190432295101,False,False,False,0.670097305389,0.714165419162,重点词,重点词,常规CRITIC+一维KMeans
271,4773,63563817,4190988310,205.93,107,171,1.92457943925,1.59813084112,0.9248,0.0752,58,0.884730538922,0.861526946108,0.876497005988,0.650449101796,0.37874251497,0.363023952096,0.873128747962,0.579109361821,高,高,重点词,False,False,,True,0.376670047008,0.0878418208147,False,False,False,0.873128742515,0.567178143713,重点词,重点词,常规CRITIC+一维KMeans
272,4791,63563817,4190988310,24.87,13,116,1.91307692308,8.92307692308,0.3846,0.6154,617,0.698353293413,0.858532934132,0.605164670659,0.979790419162,0.872005988024,0.961077844311,0.778443076173,0.837379223395,高,高,重点词,False,False,,True,0.28198437522,0.346111682389,False,False,False,0.778443113772,0.854509730539,重点词,重点词,常规CRITIC+一维KMeans
273,4827,63563817,4190988310,96.36,61,207,1.57967213115,3.39344262295,0.7097,0.2903,256,0.826347305389,0.773203592814,0.837200598802,0.870508982036,0.64371257485,0.834580838323,0.799775461576,0.790876592839,高,高,重点词,False,False,,True,0.303316760623,0.299609051833,False,False,False,0.799775449102,0.796500748503,重点词,重点词,常规CRITIC+一维KMeans
274,4868,63563817,4190988310,0,0,0,,,,,,,,,,,,,,,,无效词,True,False,,False,,,False,False,False,,,无效词,无效词,结构性无成本无效益，先行归为无效词
275,5010,63563817,4190988310,63.52,44,78,1.44363636364,1.77272727273,0.8444,0.1556,114,0.803892215569,0.709580838323,0.802769461078,0.687125748503,0.469685628743,0.57747005988,0.756736549084,0.637274375351,高,高,重点词,False,False,,True,0.26027784813,0.146006834345,False,False,False,0.756736526946,0.634262724551,重点词,重点词,常规CRITIC+一维KMeans
276,5134,63563817,4190988310,168.35,129,782,1.30503875969,6.06201550388,0.6371,0.3629,296,0.872005988024,0.630988023952,0.891467065868,0.957335329341,0.719311377246,0.86751497006,0.751497062562,0.853441954484,高,高,重点词,False,False,,True,0.255038361609,0.362174413477,False,False,False,0.751497005988,0.858907185629,重点词,重点词,常规CRITIC+一维KMeans
277,5267,63563817,4190988310,110.96,83,183,1.33686746988,2.20481927711,0.8214,0.1786,167,0.832335329341,0.64371257485,0.860778443114,0.775449101796,0.50374251497,0.718188622754,0.738023996371,0.713326980207,高,高,重点词,False,False,,True,0.241565295418,0.2220594392,False,False,False,0.738023952096,0.714539670659,重点词,重点词,常规CRITIC+一维KMeans
278,5330,63563817,4190988310,121.6,77,649,1.57922077922,8.42857142857,0.4861,0.5139,767,0.846556886228,0.77245508982,0.858158682635,0.976422155689,0.842065868263,0.982784431138,0.809506005418,0.906645904627,高,高,重点词,False,False,,True,0.313047304464,0.41537836362,False,False,False,0.809505988024,0.914857784431,重点词,重点词,常规CRITIC+一维KMeans
279,5393,63563817,4190988310,0,0,0,,,,,,,,,,,,,,,,无效词,True,False,,False,,,False,False,False,,,无效词,无效词,结构性无成本无效益，先行归为无效词
280,5418,63563817,4190988310,15.18,8,64,1.8975,8,0.375,0.625,699,0.614895209581,0.853293413174,0.504491017964,0.97380239521,0.874251497006,0.97754491018,0.734094255418,0.811033005522,高,高,重点词,False,False,,True,0.237635554464,0.319765464515,False,False,False,0.734094311377,0.83252245509,重点词,重点词,常规CRITIC+一维KMeans
281,5592,63563817,4190988310,28.18,17,18,1.65764705882,1.05882352941,0.9375,0.0625,34,0.714071856287,0.797155688623,0.657934131737,0.514595808383,0.369760479042,0.258982035928,0.755613752953,0.460917682864,高,低,问题词,False,False,,True,0.259155051999,0.0303498581424,False,False,False,0.755613772455,0.450318113772,问题词,问题词,常规CRITIC+一维KMeans
282,5701,63563817,4190988310,25.42,17,18,1.49529411765,1.05882352941,0.7857,0.2143,191,0.701347305389,0.736526946108,0.657934131737,0.514595808383,0.549775449102,0.757859281437,0.718937117491,0.618805033322,高,高,重点词,False,False,,True,0.222478416537,0.127537492315,False,False,False,0.718937125749,0.620041167665,重点词,重点词,常规CRITIC+一维KMeans
283,5801,63563817,4190988310,0,0,0,,,,,,,,,,,,,,,,无效词,True,False,,False,,,False,False,False,,,无效词,无效词,结构性无成本无效益，先行归为无效词
284,5812,63563817,4190988310,5.56,4,6,1.39,1.5,0.75,0.25,192,0.424401197605,0.674775449102,0.354416167665,0.630613772455,0.591317365269,0.760479041916,0.549588264583,0.567888645387,高,高,重点词,False,False,,True,0.053129563629,0.076621104381,False,False,False,0.549588323353,0.584206586826,重点词,重点词,常规CRITIC+一维KMeans
285,5840,63563817,4190988310,3.66,2,2,1.83,1,1,0,16,0.331586826347,0.841691616766,0.211826347305,0.40119760479,0.171407185629,0.195733532934,0.586639101819,0.2385232657,高,低,问题词,False,False,,True,0.0901804008658,0.252744275306,False,False,False,0.586639221557,0.245041167665,问题词,问题词,常规CRITIC+一维KMeans
286,5849,63563817,4190988310,0,0,0,,,,,,,,,,,,,,,,无效词,True,False,,False,,,False,False,False,,,无效词,无效词,结构性无成本无效益，先行归为无效词
287,5973,63563817,4190988310,0,0,0,,,,,,,,,,,,,,,,无效词,True,False,,False,,,False,False,False,,,无效词,无效词,结构性无成本无效益，先行归为无效词
288,6054,63563817,4190988310,0,0,0,,,,,,,,,,,,,,,,无效词,True,False,,False,,,False,False,False,,,无效词,无效词,结构性无成本无效益，先行归为无效词
289,6082,63563817,4190988310,0,0,0,,,,,,,,,,,,,,,,无效词,True,False,,False,,,False,False,False,,,无效词,无效词,结构性无成本无效益，先行归为无效词
290,6299,63563817,4190988310,0,0,0,,,,,,,,,,,,,,,,无效词,True,False,,False,,,False,False,False,,,无效词,无效词,结构性无成本无效益，先行归为无效词
291,6325,63563817,4190988310,83.51,64,118,1.30484375,1.84375,0.9153,0.0847,94,0.818113772455,0.629491017964,0.842065868263,0.700973053892,0.391841317365,0.52245508982,0.723802439485,0.618404993501,高,高,重点词,False,False,,True,0.227343738532,0.127137452494,False,False,False,0.72380239521,0.614333832335,重点词,重点词,常规CRITIC+一维KMeans
292,6352,63563817,4190988310,70.17,42,269,1.67071428571,6.40476190476,0.375,0.625,387,0.809131736527,0.799401197605,0.794535928144,0.961826347305,0.874251497006,0.910179640719,0.80426646935,0.878004263387,高,高,重点词,False,False,,True,0.307807768396,0.38673672238,False,False,False,0.804266467066,0.885198353293,重点词,重点词,常规CRITIC+一维KMeans
293,6364,63563817,4190988310,0.9,1,1,0.9,1,1,0,7,0.0886976047904,0.343562874251,0.0815868263473,0.40119760479,0.171407185629,0.150074850299,0.216130179696,0.190759934803,低,低,潜力词,False,False,,True,0.280328521257,0.300507606203,False,False,False,0.216130239521,0.201066616766,潜力词,潜力词,常规CRITIC+一维KMeans
294,6604,63563817,4190988310,0,0,0,,,,,,,,,,,,,,,,无效词,True,False,,False,,,False,False,False,,,无效词,无效词,结构性无成本无效益，先行归为无效词
295,1048,495403620,8878077181,1263.59,2840,29775,0.444926056338,10.4841549296,0.082,0.918,670,0.929640718563,0.0711077844311,0.972305389222,0.986526946108,0.905688622754,0.970808383234,0.500374453021,0.956826983586,高,高,重点词,False,False,,True,0.00391575206784,0.465559442579,True,False,True,0.500374251497,0.958832335329,重点词,黄金词,常规CRITIC+一维KMeans
296,1607,495403620,8878077181,1149.42,805,8194,1.42785093168,10.1788819876,0.0958,0.9042,710,0.925898203593,0.699850299401,0.945359281437,0.985778443114,0.904191616766,0.978293413174,0.812874304557,0.950056273315,高,高,重点词,False,False,,True,0.316415603604,0.458788732308,False,False,False,0.812874251497,0.953405688623,重点词,重点词,常规CRITIC+一维KMeans
297,3989,495403620,8878077181,75197.1,124758,1230619,0.602743711826,9.86404879847,0.0814,0.9186,631,0.997754491018,0.13248502994,1,0.984281437126,0.906437125749,0.964071856287,0.565119963585,0.963120354899,高,高,重点词,False,False,,True,0.0686612626311,0.471852813893,False,False,False,0.565119760479,0.96369760479,重点词,重点词,常规CRITIC+一维KMeans
298,5778,495403620,8878077181,46615.59,40349,425786,1.1553096731,10.5525787504,0.0839,0.9161,653,0.994760479042,0.537425149701,0.997005988024,0.987275449102,0.90494011976,0.968562874251,0.766092921722,0.963470480472,高,高,重点词,False,False,,True,0.269634220768,0.472202939465,False,False,False,0.766092814371,0.964446107784,重点词,重点词,常规CRITIC+一维KMeans
299,2,495403620,9628223555,14.89,12,9,1.24083333333,0.75,0.8333,0.1667,86,0.608532934132,0.581586826347,0.585703592814,0.197604790419,0.487275449102,0.495883233533,0.595059886565,0.454602780663,高,低,问题词,False,False,,True,0.098601185611,0.0366647603439,False,False,False,0.59505988024,0.441616766467,问题词,问题词,常规CRITIC+一维KMeans
300,6,495403620,9628223555,4.69,3,2,1.56333333333,0.666666666667,1,0,72,0.383233532934,0.765718562874,0.294161676647,0.161676646707,0.171407185629,0.436377245509,0.574475958123,0.262602185119,高,低,问题词,False,False,,True,0.0780172571694,0.228665355888,False,False,False,0.574476047904,0.265905688623,问题词,问题词,常规CRITIC+一维KMeans
301,14,495403620,9628223555,1.48,2,1,0.74,0.5,1,0,1,0.162799401198,0.205838323353,0.211826347305,0.109281437126,0.171407185629,0.0737275449102,0.184318852173,0.148349365283,低,低,潜力词,False,False,,True,0.312139848781,0.342918175724,False,False,False,0.184318862275,0.141560628743,潜力词,潜力词,常规CRITIC+一维KMeans
302,31,495403620,9628223555,0.83,1,0,0.83,0,0,1,0,0.0770958083832,0.283308383234,0.0815868263473,0.0265718562874,0.953967065868,0.0310628742515,0.180202047404,0.297623280957,低,低,潜力词,False,False,,True,0.31625665355,0.193644260049,False,False,False,0.180202095808,0.273297155689,潜力词,潜力词,常规CRITIC+一维KMeans
303,33,495403620,9628223555,20.07,21,20,0.955714285714,0.952380952381,0.9375,0.0625,40,0.663547904192,0.392215568862,0.692739520958,0.291541916168,0.369760479042,0.279191616766,0.527881800217,0.426810128727,高,低,问题词,False,False,,True,0.0314230992635,0.0644574122798,False,False,False,0.527881736527,0.408308383234,问题词,问题词,常规CRITIC+一维KMeans
304,55,495403620,9628223555,0.9,1,1,0.9,1,1,0,120,0.0886976047904,0.343562874251,0.0815868263473,0.40119760479,0.171407185629,0.615643712575,0.216130179696,0.292076747393,低,低,潜力词,False,False,,True,0.280328521257,0.199190793613,False,False,False,0.216130239521,0.317458832335,潜力词,潜力词,常规CRITIC+一维KMeans
305,57,495403620,9628223555,5.02,6,2,0.836666666667,0.333333333333,1,0,2,0.395958083832,0.287050898204,0.440119760479,0.0774700598802,0.171407185629,0.0943113772455,0.341504516582,0.212201679163,低,低,潜力词,False,False,,True,0.154954184372,0.279065861843,False,False,False,0.341504491018,0.195827095808,潜力词,潜力词,常规CRITIC+一维KMeans
306,62,495403620,9628223555,5.88,7,10,0.84,1.42857142857,0.8333,0.1667,372,0.436377245509,0.291167664671,0.47380239521,0.609655688623,0.487275449102,0.904191616766,0.363772489175,0.600764074387,低,高,黄金词,False,False,,True,0.132686211779,0.10949653338,False,False,False,0.36377245509,0.618731287425,黄金词,黄金词,常规CRITIC+一维KMeans
307,104,495403620,9628223555,210.57,164,201,1.28396341463,1.2256097561,0.8636,0.1364,64,0.885479041916,0.613023952096,0.901571856287,0.560628742515,0.447979041916,0.40494011976,0.74925156096,0.594907617481,高,高,重点词,False,False,,True,0.252792860006,0.103640076474,False,False,False,0.749251497006,0.57877994012,重点词,重点词,常规CRITIC+一维KMeans
308,149,495403620,9628223555,1.23,1,1,1.23,1,1,0,120,0.126122754491,0.575973053892,0.0815868263473,0.40119760479,0.171407185629,0.615643712575,0.351047798598,0.292076747393,低,低,潜力词,False,False,,True,0.145410902356,0.199190793613,False,False,False,0.351047904192,0.317458832335,潜力词,潜力词,常规CRITIC+一维KMeans
309,151,495403620,9628223555,48.47,39,46,1.24282051282,1.17948717949,0.875,0.125,73,0.778443113772,0.582335329341,0.78255988024,0.547904191617,0.439371257485,0.442365269461,0.680389267589,0.563354154445,高,高,重点词,False,False,,True,0.183930566636,0.072086613439,False,False,False,0.680389221557,0.553050149701,重点词,重点词,常规CRITIC+一维KMeans
310,154,495403620,9628223555,50.67,71,55,0.713661971831,0.774647887324,0.9615,0.0385,94,0.783682634731,0.190119760479,0.850299401198,0.211826347305,0.351047904192,0.52245508982,0.486901336933,0.50301008497,低,高,黄金词,False,False,,True,0.00955736402111,0.0117425439635,True,True,True,0.486901197605,0.483907185629,潜力词,潜力词,常规CRITIC+一维KMeans
311,155,495403620,9628223555,0,0,0,,,,,,,,,,,,,,,,无效词,True,False,,False,,,False,False,False,,,无效词,无效词,结构性无成本无效益，先行归为无效词
312,164,495403620,9628223555,0,0,0,,,,,,,,,,,,,,,,无效词,True,False,,False,,,False,False,False,,,无效词,无效词,结构性无成本无效益，先行归为无效词
313,175,495403620,9628223555,6.73,4,2,1.6825,0.5,1,0,10,0.466317365269,0.803143712575,0.354416167665,0.109281437126,0.171407185629,0.169161676647,0.634730459859,0.210531853252,高,低,问题词,False,False,,True,0.138271758905,0.280735687754,False,False,False,0.634730538922,0.201066616766,问题词,问题词,常规CRITIC+一维KMeans
314,190,495403620,9628223555,4.14,3,2,1.38,0.666666666667,1,0,21,0.35628742515,0.669535928144,0.294161676647,0.161676646707,0.171407185629,0.208083832335,0.512911603118,0.212921111421,高,低,问题词,False,False,,True,0.0164529021639,0.278346429586,False,False,False,0.512911676647,0.208832335329,问题词,问题词,常规CRITIC+一维KMeans
315,217,495403620,9628223555,27.42,13,10,2.10923076923,0.769230769231,0.8333,0.1667,73,0.709580838323,0.883982035928,0.605164670659,0.208832335329,0.487275449102,0.442365269461,0.796781396188,0.451055601253,高,低,问题词,False,False,,True,0.300322695235,0.0402119397531,False,False,False,0.796781437126,0.435909431138,问题词,问题词,常规CRITIC+一维KMeans
316,235,495403620,9628223555,46.26,36,60,1.285,1.66666666667,0.7667,0.2333,161,0.776946107784,0.614520958084,0.773952095808,0.663547904192,0.565119760479,0.710329341317,0.69573357106,0.678826386452,高,高,重点词,False,False,,True,0.199274870107,0.187558845445,False,False,False,0.695733532934,0.678237275449,重点词,重点词,常规CRITIC+一维KMeans
317,255,495403620,9628223555,30.98,17,33,1.82235294118,1.94117647059,0.8571,0.1429,42,0.724550898204,0.839820359281,0.657934131737,0.722305389222,0.457709580838,0.288547904192,0.782185601685,0.53671904415,高,高,重点词,False,False,,True,0.285726900732,0.0454515031437,False,False,False,0.782185628743,0.531624251497,重点词,重点词,常规CRITIC+一维KMeans
318,267,495403620,9628223555,0,0,0,,,,,,,,,,,,,,,,无效词,True,False,,False,,,False,False,False,,,无效词,无效词,结构性无成本无效益，先行归为无效词
319,270,495403620,9628223555,0,0,0,,,,,,,,,,,,,,,,无效词,True,False,,False,,,False,False,False,,,无效词,无效词,结构性无成本无效益，先行归为无效词
320,282,495403620,9628223555,0,0,0,,,,,,,,,,,,,,,,无效词,True,False,,False,,,False,False,False,,,无效词,无效词,结构性无成本无效益，先行归为无效词
321,303,495403620,9628223555,0,0,0,,,,,,,,,,,,,,,,无效词,True,False,,False,,,False,False,False,,,无效词,无效词,结构性无成本无效益，先行归为无效词
322,306,495403620,9628223555,0.65,2,2,0.325,1,0,1,40,0.0561377245509,0.0441616766467,0.211826347305,0.40119760479,0.953967065868,0.279191616766,0.05014970341,0.471097580239,低,低,潜力词,False,False,,True,0.446308997544,0.0201699607678,False,False,False,0.0501497005988,0.461545658683,潜力词,潜力词,常规CRITIC+一维KMeans
323,338,495403620,9628223555,19.59,13,13,1.50692307692,1,0.9,0.1,49,0.659431137725,0.74625748503,0.605164670659,0.40119760479,0.41130239521,0.324850299401,0.702844290996,0.446592286802,高,低,问题词,False,False,,True,0.206385590043,0.0446752542044,False,False,False,0.702844311377,0.435628742515,问题词,问题词,常规CRITIC+一维KMeans
324,391,495403620,9628223555,0,0,0,,,,,,,,,,,,,,,,无效词,True,False,,False,,,False,False,False,,,无效词,无效词,结构性无成本无效益，先行归为无效词
325,400,495403620,9628223555,79.42,60,80,1.32366666667,1.33333333333,0.9057,0.0943,76,0.815868263473,0.638473053892,0.835703592814,0.590194610778,0.403817365269,0.452844311377,0.727170700323,0.580545633579,高,高,重点词,False,False,,True,0.230711999369,0.0892780925722,False,False,False,0.727170658683,0.57063997006,重点词,重点词,常规CRITIC+一维KMeans
326,427,495403620,9628223555,14.62,9,7,1.62444444444,0.777777777778,1,0,3,0.604416167665,0.789670658683,0.53255988024,0.213323353293,0.171407185629,0.112275449102,0.697043369689,0.27256874619,高,低,问题词,False,False,,True,0.200584668735,0.218698794816,False,False,False,0.697043413174,0.257391467066,问题词,问题词,常规CRITIC+一维KMeans
327,432,495403620,9628223555,0,0,0,,,,,,,,,,,,,,,,无效词,True,False,,False,,,False,False,False,,,无效词,无效词,结构性无成本无效益，先行归为无效词
328,433,495403620,9628223555,0,0,0,,,,,,,,,,,,,,,,无效词,True,False,,False,,,False,False,False,,,无效词,无效词,结构性无成本无效益，先行归为无效词
329,438,495403620,9628223555,10.63,35,8,0.303714285714,0.228571428571,0.8571,0.1429,133,0.546407185629,0.0359281437126,0.769461077844,0.063622754491,0.457709580838,0.665793413174,0.291167784496,0.507647507129,低,高,黄金词,False,False,,True,0.205290916458,0.0163799661225,False,True,True,0.291167664671,0.489146706587,潜力词,潜力词,常规CRITIC+一维KMeans
330,444,495403620,9628223555,11427.64,6746,61262,1.69398754818,9.08123332345,0.1014,0.8986,598,0.982035928144,0.807634730539,0.98502994012,0.982035928144,0.903443113772,0.960329341317,0.894835370279,0.956648234626,高,高,重点词,False,False,,True,0.398376669325,0.46538069362,False,False,False,0.894835329341,0.957709580838,重点词,重点词,常规CRITIC+一维KMeans
331,457,495403620,9628223555,0,0,0,,,,,,,,,,,,,,,,无效词,True,False,,False,,,False,False,False,,,无效词,无效词,结构性无成本无效益，先行归为无效词
332,469,495403620,9628223555,0,0,0,,,,,,,,,,,,,,,,无效词,True,False,,False,,,False,False,False,,,无效词,无效词,结构性无成本无效益，先行归为无效词
333,510,495403620,9628223555,0,0,0,,,,,,,,,,,,,,,,无效词,True,False,,False,,,False,False,False,,,无效词,无效词,结构性无成本无效益，先行归为无效词
334,523,495403620,9628223555,9.83,10,24,0.983,2.4,0.75,0.25,298,0.531062874251,0.413173652695,0.55127245509,0.792664670659,0.591317365269,0.869386227545,0.472118291145,0.684083368842,低,高,黄金词,False,False,,True,0.0243404098083,0.192815827835,False,False,False,0.472118263473,0.701160179641,黄金词,黄金词,常规CRITIC+一维KMeans
335,524,495403620,9628223555,8.95,6,14,1.49166666667,2.33333333333,0.8,0.2,176,0.517589820359,0.735778443114,0.440119760479,0.787050898204,0.529565868263,0.735404191617,0.626684080521,0.604500087792,高,高,重点词,False,False,,True,0.130225379567,0.113232546785,False,False,False,0.626684131737,0.623035179641,重点词,重点词,常规CRITIC+一维KMeans
336,528,495403620,9628223555,1.27,1,0,1.27,0,0,1,0,0.133233532934,0.603293413174,0.0815868263473,0.0265718562874,0.953967065868,0.0310628742515,0.368263362716,0.297623280957,低,低,潜力词,False,False,,True,0.128195338237,0.193644260049,False,False,False,0.368263473054,0.273297155689,潜力词,潜力词,常规CRITIC+一维KMeans
337,546,495403620,9628223555,0,0,0,,,,,,,,,,,,,,,,无效词,True,False,,False,,,False,False,False,,,无效词,无效词,结构性无成本无效益，先行归为无效词
338,552,495403620,9628223555,0.94,1,1,0.94,1,1,0,1,0.0965568862275,0.377619760479,0.0815868263473,0.40119760479,0.171407185629,0.0737275449102,0.237088257379,0.174145280648,低,低,潜力词,False,False,,True,0.259370443575,0.317122260358,False,False,False,0.237088323353,0.181979790419,潜力词,潜力词,常规CRITIC+一维KMeans
339,570,495403620,9628223555,4.51,4,2,1.1275,0.5,1,0,62,0.373128742515,0.517964071856,0.354416167665,0.109281437126,0.171407185629,0.388098802395,0.445546373188,0.258176817372,低,低,潜力词,False,False,,True,0.0509123277654,0.233090723634,False,False,False,0.445546407186,0.255800898204,潜力词,潜力词,常规CRITIC+一维KMeans
340,608,495403620,9628223555,0,0,0,,,,,,,,,,,,,,,,无效词,True,False,,False,,,False,False,False,,,无效词,无效词,结构性无成本无效益，先行归为无效词
341,609,495403620,9628223555,0,0,0,,,,,,,,,,,,,,,,无效词,True,False,,False,,,False,False,False,,,无效词,无效词,结构性无成本无效益，先行归为无效词
342,646,495403620,9628223555,4.58,6,4,0.763333333333,0.666666666667,1,0,96,0.375748502994,0.225299401198,0.440119760479,0.161676646707,0.171407185629,0.531437125749,0.300523987411,0.325681516192,低,低,潜力词,False,False,,True,0.195934713543,0.165586024815,False,False,False,0.300523952096,0.326160179641,潜力词,潜力词,常规CRITIC+一维KMeans
343,652,495403620,9628223555,2.01,4,7,0.5025,1.75,0.5,0.5,63,0.226796407186,0.0943113772455,0.354416167665,0.680389221557,0.817739520958,0.39745508982,0.160553923314,0.561773147968,低,高,黄金词,False,False,,True,0.33590477764,0.070505606962,False,False,False,0.160553892216,0.5625,黄金词,黄金词,常规CRITIC+一维KMeans
344,665,495403620,9628223555,893.04,602,734,1.4834551495,1.21926910299,0.7539,0.2461,174,0.919161676647,0.732035928144,0.937125748503,0.558383233533,0.571107784431,0.73128742515,0.825598846319,0.709499909008,高,高,重点词,False,False,,True,0.329140145366,0.218232368002,False,False,False,0.825598802395,0.699476047904,重点词,重点词,常规CRITIC+一维KMeans
345,700,495403620,9628223555,111.9,117,191,0.95641025641,1.63247863248,0.6778,0.3222,186,0.834580838323,0.392964071856,0.885104790419,0.657185628743,0.667664670659,0.747754491018,0.613772558751,0.745963757154,高,高,重点词,False,False,,True,0.117313857797,0.254696216148,False,False,False,0.61377245509,0.73942739521,重点词,重点词,常规CRITIC+一维KMeans
346,703,495403620,9628223555,1.38,1,1,1.38,1,1,0,6,0.149700598802,0.669535928144,0.0815868263473,0.40119760479,0.171407185629,0.141467065868,0.409618141451,0.188886713991,低,低,潜力词,False,False,,True,0.0868405595021,0.302380827015,False,False,False,0.409618263473,0.198914670659,潜力词,潜力词,常规CRITIC+一维KMeans
347,711,495403620,9628223555,0.81,1,0,0.81,0,0,1,0,0.0744760479042,0.259356287425,0.0815868263473,0.0265718562874,0.953967065868,0.0310628742515,0.166916124268,0.297623280957,低,低,潜力词,False,False,,True,0.329542576686,0.193644260049,False,False,False,0.166916167665,0.273297155689,潜力词,潜力词,常规CRITIC+一维KMeans
348,734,495403620,9628223555,1.77,1,1,1.77,1,1,0,44,0.192739520958,0.825598802395,0.0815868263473,0.40119760479,0.171407185629,0.300898203593,0.509169013125,0.223582021197,高,低,问题词,False,False,,True,0.0127103121712,0.26768551981,True,False,True,0.509169161677,0.23877245509,问题词,问题词,常规CRITIC+一维KMeans
349,751,495403620,9628223555,0,0,0,,,,,,,,,,,,,,,,无效词,True,False,,False,,,False,False,False,,,无效词,无效词,结构性无成本无效益，先行归为无效词
350,752,495403620,9628223555,0,0,0,,,,,,,,,,,,,,,,无效词,True,False,,False,,,False,False,False,,,无效词,无效词,结构性无成本无效益，先行归为无效词
351,755,495403620,9628223555,5.73,7,13,0.818571428571,1.85714285714,0.8333,0.1667,235,0.428143712575,0.266467065868,0.47380239521,0.706961077844,0.487275449102,0.811002994012,0.347305427172,0.601692100166,低,高,黄金词,False,False,,True,0.149153273782,0.11042455916,False,False,False,0.347305389222,0.619760479042,黄金词,黄金词,常规CRITIC+一维KMeans
352,763,495403620,9628223555,0,0,0,,,,,,,,,,,,,,,,无效词,True,False,,False,,,False,False,False,,,无效词,无效词,结构性无成本无效益，先行归为无效词
353,856,495403620,9628223555,0,0,0,,,,,,,,,,,,,,,,无效词,True,False,,False,,,False,False,False,,,无效词,无效词,结构性无成本无效益，先行归为无效词
354,859,495403620,9628223555,32.11,16,41,2.006875,2.5625,0.6364,0.3636,626,0.728293413174,0.873502994012,0.644461077844,0.812874251497,0.723428143713,0.962574850299,0.800898169508,0.772030447287,高,高,重点词,False,False,,True,0.304439468554,0.280762906281,False,False,False,0.800898203593,0.785834580838,重点词,重点词,常规CRITIC+一维KMeans
355,874,495403620,9628223555,0,0,0,,,,,,,,,,,,,,,,无效词,True,False,,False,,,False,False,False,,,无效词,无效词,结构性无成本无效益，先行归为无效词
356,875,495403620,9628223555,1047.58,1054,1220,0.993908918406,1.15749525617,0.8092,0.1908,149,0.923652694611,0.427395209581,0.952844311377,0.539670658683,0.517964071856,0.69124251497,0.675524068583,0.686711549017,高,高,重点词,False,False,,True,0.179065367629,0.195444008011,False,False,False,0.675523952096,0.675430389222,重点词,重点词,常规CRITIC+一维KMeans
357,904,495403620,9628223555,0,0,0,,,,,,,,,,,,,,,,无效词,True,False,,False,,,False,False,False,,,无效词,无效词,结构性无成本无效益，先行归为无效词
358,909,495403620,9628223555,5.4,2,0,2.7,0,0,1,0,0.415419161677,0.919161676647,0.211826347305,0.0265718562874,0.953967065868,0.0310628742515,0.667290300918,0.335450397115,高,低,问题词,False,False,,True,0.170831599964,0.155817143892,False,False,False,0.667290419162,0.305857035928,问题词,问题词,常规CRITIC+一维KMeans
359,958,495403620,9628223555,0.37,1,1,0.37,1,1,0,12,0.0310628742515,0.0557634730539,0.0815868263473,0.40119760479,0.171407185629,0.179266467066,0.0434131678547,0.197112596686,低,低,潜力词,False,False,,True,0.453045533099,0.294154944321,False,False,False,0.0434131736527,0.208364520958,潜力词,潜力词,常规CRITIC+一维KMeans
360,982,495403620,9628223555,9.1,11,14,0.827272727273,1.27272727273,0.9,0.1,20,0.521332335329,0.277694610778,0.567739520958,0.575224550898,0.41130239521,0.205464071856,0.399513530243,0.447670782571,低,低,潜力词,False,False,,True,0.0969451707104,0.0435967584353,False,False,False,0.399513473054,0.439932634731,潜力词,潜力词,常规CRITIC+一维KMeans
361,1018,495403620,9628223555,102.67,67,256,1.5323880597,3.82089552239,0.5556,0.4444,376,0.827844311377,0.755988023952,0.847305389222,0.88997005988,0.781437125749,0.906811377246,0.791916184532,0.851506666237,高,高,重点词,False,False,,True,0.295457483578,0.360239125231,False,False,False,0.791916167665,0.856380988024,重点词,重点词,常规CRITIC+一维KMeans
362,1040,495403620,9628223555,5.45,6,29,0.908333333333,4.83333333333,0.5,0.5,261,0.417664670659,0.348053892216,0.440119760479,0.922155688623,0.817739520958,0.839071856287,0.382859297777,0.735462422628,低,高,黄金词,False,False,,True,0.113599403177,0.244194881622,False,False,False,0.382859281437,0.754771706587,黄金词,黄金词,常规CRITIC+一维KMeans
363,1049,495403620,9628223555,1.61,1,1,1.61,1,1,0,2,0.177395209581,0.782934131737,0.0815868263473,0.40119760479,0.171407185629,0.0943113772455,0.48016452852,0.178624721719,低,低,潜力词,False,False,,True,0.0162941724338,0.312642819287,True,False,True,0.480164670659,0.187125748503,潜力词,潜力词,常规CRITIC+一维KMeans
364,1092,495403620,9628223555,24.51,26,46,0.942692307692,1.76923076923,0.875,0.125,329,0.694236526946,0.379491017964,0.729041916168,0.685628742515,0.439371257485,0.885853293413,0.536863846336,0.674338867253,高,高,重点词,False,False,,True,0.0404051453821,0.183071326247,False,False,False,0.536863772455,0.684973802395,重点词,重点词,常规CRITIC+一维KMeans
365,1094,495403620,9628223555,2.51,3,3,0.836666666667,1,1,0,177,0.262350299401,0.287050898204,0.294161676647,0.40119760479,0.171407185629,0.736901197605,0.274700593004,0.380205537801,低,低,潜力词,False,False,,True,0.221758107949,0.111062003205,False,False,False,0.274700598802,0.400916916168,潜力词,潜力词,常规CRITIC+一维KMeans
366,1164,495403620,9628223555,18.53,13,78,1.42538461538,6,0.4615,0.5385,206,0.648577844311,0.697604790419,0.605164670659,0.954715568862,0.84880239521,0.781062874251,0.673091305857,0.78638190791,高,高,重点词,False,False,,True,0.176632604903,0.295114366904,False,False,False,0.673091317365,0.797436377246,重点词,重点词,常规CRITIC+一维KMeans
367,1178,495403620,9628223555,0,0,0,,,,,,,,,,,,,,,,无效词,True,False,,False,,,False,False,False,,,无效词,无效词,结构性无成本无效益，先行归为无效词
368,1235,495403620,9628223555,0,0,0,,,,,,,,,,,,,,,,无效词,True,False,,False,,,False,False,False,,,无效词,无效词,结构性无成本无效益，先行归为无效词
369,1241,495403620,9628223555,3.09,4,10,0.7725,2.5,0.75,0.25,462,0.302395209581,0.23128742515,0.354416167665,0.805763473054,0.591317365269,0.934131736527,0.266841334056,0.643852658065,低,高,黄金词,False,False,,True,0.229617366897,0.152585117058,False,False,False,0.266841317365,0.671407185629,黄金词,黄金词,常规CRITIC+一维KMeans
370,1249,495403620,9628223555,0,0,0,,,,,,,,,,,,,,,,无效词,True,False,,False,,,False,False,False,,,无效词,无效词,结构性无成本无效益，先行归为无效词
371,1257,495403620,9628223555,212.08,164,241,1.29317073171,1.46951219512,0.5614,0.4386,344,0.88622754491,0.619760479042,0.901571856287,0.619760479042,0.779191616766,0.89371257485,0.752994074524,0.804910079983,高,高,重点词,False,False,,True,0.256535373571,0.313642538977,False,False,False,0.752994011976,0.798559131737,重点词,重点词,常规CRITIC+一维KMeans
372,1265,495403620,9628223555,0,0,0,,,,,,,,,,,,,,,,无效词,True,False,,False,,,False,False,False,,,无效词,无效词,结构性无成本无效益，先行归为无效词
373,1268,495403620,9628223555,9.13,12,7,0.760833333333,0.583333333333,1,0,5,0.52245508982,0.224550898204,0.585703592814,0.133982035928,0.171407185629,0.134356287425,0.373503063939,0.275516753668,低,低,潜力词,False,False,,True,0.122955637014,0.215750787339,False,False,False,0.373502994012,0.256362275449,潜力词,潜力词,常规CRITIC+一维KMeans
374,1270,495403620,9628223555,3.53,4,1,0.8825,0.25,1,0,3,0.324101796407,0.332335329341,0.354416167665,0.065119760479,0.171407185629,0.112275449102,0.328218560942,0.188527284302,低,低,潜力词,False,False,,True,0.168240140012,0.302740256705,False,False,False,0.328218562874,0.175804640719,潜力词,潜力词,常规CRITIC+一维KMeans
375,1285,495403620,9628223555,2.38,1,1,2.38,1,1,0,2,0.250748502994,0.900449101796,0.0815868263473,0.40119760479,0.171407185629,0.0943113772455,0.57559864989,0.178624721719,高,低,问题词,False,False,,True,0.0791399489366,0.312642819287,False,False,False,0.575598802395,0.187125748503,问题词,问题词,常规CRITIC+一维KMeans
376,1310,495403620,9628223555,0,0,0,,,,,,,,,,,,,,,,无效词,True,False,,False,,,False,False,False,,,无效词,无效词,结构性无成本无效益，先行归为无效词
377,1314,495403620,9628223555,23.63,16,24,1.476875,1.5,0.8462,0.1538,148,0.690868263473,0.728293413174,0.644461077844,0.630613772455,0.466691616766,0.688997005988,0.709580829539,0.602428199157,高,高,重点词,False,False,,True,0.213122128585,0.111160658151,False,False,False,0.709580838323,0.607690868263,重点词,重点词,常规CRITIC+一维KMeans
378,1316,495403620,9628223555,45.15,213,54,0.211971830986,0.253521126761,1,0,112,0.773203592814,0.0232035928144,0.910928143713,0.0666167664671,0.171407185629,0.575224550898,0.398203768863,0.451235090713,低,低,潜力词,False,False,,True,0.0982549320909,0.0400324502931,False,False,False,0.398203592814,0.431044161677,潜力词,潜力词,常规CRITIC+一维KMeans
379,1318,495403620,9628223555,1364.38,1278,1396,1.06758998435,1.09233176839,0.8394,0.1606,130,0.934131736527,0.476796407186,0.956586826347,0.523952095808,0.474550898204,0.66130239521,0.705464179207,0.665962429168,高,高,重点词,False,False,,True,0.209005478254,0.174694888162,False,False,False,0.705464071856,0.654098053892,重点词,重点词,常规CRITIC+一维KMeans
380,1327,495403620,9628223555,1.34,1,1,1.34,1,1,0,6,0.144835329341,0.646332335329,0.0815868263473,0.40119760479,0.171407185629,0.141467065868,0.395583714618,0.188886713991,低,低,潜力词,False,False,,True,0.100874986335,0.302380827015,False,False,False,0.395583832335,0.198914670659,潜力词,潜力词,常规CRITIC+一维KMeans
381,1332,495403620,9628223555,7.5,5,6,1.5,1.2,0.6667,0.3333,175,0.48877245509,0.741017964072,0.400449101796,0.552020958084,0.688622754491,0.733532934132,0.614895150371,0.584925835002,高,高,重点词,False,False,,True,0.118436449417,0.0936582939958,False,False,False,0.614895209581,0.593656437126,重点词,重点词,常规CRITIC+一维KMeans
382,1339,495403620,9628223555,1.29,1,1,1.29,1,1,0,11,0.137350299401,0.618263473054,0.0815868263473,0.40119760479,0.171407185629,0.175523952096,0.377806773342,0.196298152855,低,低,潜力词,False,False,,True,0.118651927611,0.294969388152,False,False,False,0.377806886228,0.207428892216,潜力词,潜力词,常规CRITIC+一维KMeans
383,1354,495403620,9628223555,0,0,0,,,,,,,,,,,,,,,,无效词,True,False,,False,,,False,False,False,,,无效词,无效词,结构性无成本无效益，先行归为无效词
384,1373,495403620,9628223555,0.49,1,1,0.49,1,1,0,15,0.0385479041916,0.0857035928144,0.0815868263473,0.40119760479,0.171407185629,0.190868263473,0.0621257374341,0.199637372562,低,低,潜力词,False,False,,True,0.43433296352,0.291630168444,False,False,False,0.062125748503,0.21126497006,潜力词,潜力词,常规CRITIC+一维KMeans
385,1439,495403620,9628223555,5.2,9,3,0.577777777778,0.333333333333,0.5,0.5,99,0.406062874251,0.114520958084,0.53255988024,0.0774700598802,0.817739520958,0.542290419162,0.260291984602,0.513626631933,低,高,黄金词,False,False,,True,0.236166716352,0.0223590909268,False,False,False,0.260291916168,0.49251497006,潜力词,黄金词,常规CRITIC+一维KMeans
386,1447,495403620,9628223555,0,0,0,,,,,,,,,,,,,,,,无效词,True,False,,False,,,False,False,False,,,无效词,无效词,结构性无成本无效益，先行归为无效词
387,1465,495403620,9628223555,0.97,1,6,0.97,6,0,1,214,0.101422155689,0.405688622754,0.0815868263473,0.954715568862,0.953967065868,0.793413173653,0.253555317801,0.665814102402,低,高,黄金词,False,False,,True,0.242903383153,0.174546561396,False,False,False,0.253555389222,0.695920658683,黄金词,黄金词,常规CRITIC+一维KMeans
388,1475,495403620,9628223555,0.64,1,1,0.64,1,1,0,120,0.0535179640719,0.147080838323,0.0815868263473,0.40119760479,0.171407185629,0.615643712575,0.100299379235,0.292076747393,低,低,潜力词,False,False,,True,0.396159321718,0.199190793613,False,False,False,0.100299401198,0.317458832335,潜力词,潜力词,常规CRITIC+一维KMeans
389,1506,495403620,9628223555,0,0,0,,,,,,,,,,,,,,,,无效词,True,False,,False,,,False,False,False,,,无效词,无效词,结构性无成本无效益，先行归为无效词
390,1513,495403620,9628223555,33.69,23,25,1.4647826087,1.08695652174,0.9474,0.0526,59,0.737275449102,0.720808383234,0.709580838323,0.52245508982,0.358907185629,0.366766467066,0.729041920033,0.498113326165,高,高,重点词,False,False,,True,0.232583219079,0.00684578515854,False,True,True,0.729041916168,0.48942739521,问题词,问题词,常规CRITIC+一维KMeans
391,1531,495403620,9628223555,3.87,9,16,0.43,1.77777777778,0.5714,0.4286,63,0.339071856287,0.0658682634731,0.53255988024,0.688248502994,0.769835329341,0.39745508982,0.20247012401,0.602101427998,低,高,黄金词,False,False,,True,0.293988576944,0.110833886992,False,False,False,0.20247005988,0.597024700599,黄金词,黄金词,常规CRITIC+一维KMeans
392,1575,495403620,9628223555,0,0,0,,,,,,,,,,,,,,,,无效词,True,False,,False,,,False,False,False,,,无效词,无效词,结构性无成本无效益，先行归为无效词
393,1621,495403620,9628223555,0,0,0,,,,,,,,,,,,,,,,无效词,True,False,,False,,,False,False,False,,,无效词,无效词,结构性无成本无效益，先行归为无效词
394,1647,495403620,9628223555,1.1,1,0,1.1,0,0,1,0,0.113398203593,0.496631736527,0.0815868263473,0.0265718562874,0.953967065868,0.0310628742515,0.305014880103,0.297623280957,低,低,潜力词,False,False,,True,0.191443820851,0.193644260049,False,False,False,0.30501497006,0.273297155689,潜力词,潜力词,常规CRITIC+一维KMeans
395,1655,495403620,9628223555,968.54,714,783,1.35649859944,1.09663865546,0.8632,0.1368,105,0.921407185629,0.658682634731,0.943113772455,0.52619760479,0.449101796407,0.559505988024,0.790044971849,0.633413059922,高,高,重点词,False,False,,True,0.293586270896,0.142145518915,False,False,False,0.79004491018,0.619479790419,重点词,重点词,常规CRITIC+一维KMeans
396,1660,495403620,9628223555,0,0,0,,,,,,,,,,,,,,,,无效词,True,False,,False,,,False,False,False,,,无效词,无效词,结构性无成本无效益，先行归为无效词
397,1666,495403620,9628223555,16.26,12,31,1.355,2.58333333333,0.5,0.5,160,0.623502994012,0.656437125749,0.585703592814,0.815494011976,0.817739520958,0.708832335329,0.63997005215,0.726156659556,高,高,重点词,False,False,,True,0.143511351196,0.23488911855,False,False,False,0.63997005988,0.731942365269,重点词,重点词,常规CRITIC+一维KMeans
398,1676,495403620,9628223555,270.03,159,450,1.69830188679,2.83018867925,0.75,0.25,199,0.895958083832,0.809880239521,0.900449101796,0.839071856287,0.591317365269,0.773577844311,0.852919181882,0.774763840219,高,高,重点词,False,False,,True,0.356460480928,0.283496299213,False,False,False,0.852919161677,0.776104041916,重点词,重点词,常规CRITIC+一维KMeans
399,1683,495403620,9628223555,0,0,0,,,,,,,,,,,,,,,,无效词,True,False,,False,,,False,False,False,,,无效词,无效词,结构性无成本无效益，先行归为无效词
400,1715,495403620,9628223555,0,0,0,,,,,,,,,,,,,,,,无效词,True,False,,False,,,False,False,False,,,无效词,无效词,结构性无成本无效益，先行归为无效词
401,1719,495403620,9628223555,5.28,6,5,0.88,0.833333333333,1,0,79,0.410928143713,0.330089820359,0.440119760479,0.244386227545,0.171407185629,0.465943113772,0.370509001011,0.329455274745,低,低,潜力词,False,False,,True,0.125949699942,0.161812266261,False,False,False,0.370508982036,0.330464071856,潜力词,潜力词,常规CRITIC+一维KMeans
402,1735,495403620,9628223555,62.35,65,76,0.959230769231,1.16923076923,0.8718,0.1282,170,0.803143712575,0.394461077844,0.844311377246,0.545658682635,0.445359281437,0.721931137725,0.59880249114,0.643279619529,高,高,重点词,False,False,,True,0.102343790187,0.152012078522,False,False,False,0.59880239521,0.63931511976,重点词,重点词,常规CRITIC+一维KMeans
403,1752,495403620,9628223555,4.32,2,9,2.16,4.5,0.5,0.5,291,0.365269461078,0.887724550898,0.211826347305,0.908682634731,0.817739520958,0.862275449102,0.626496883352,0.671269374887,高,高,重点词,False,False,,True,0.130038182398,0.180001833881,False,False,False,0.626497005988,0.700130988024,重点词,重点词,常规CRITIC+一维KMeans
404,1757,495403620,9628223555,0,0,0,,,,,,,,,,,,,,,,无效词,True,False,,False,,,False,False,False,,,无效词,无效词,结构性无成本无效益，先行归为无效词
405,1764,495403620,9628223555,12.51,20,178,0.6255,8.9,0.2727,0.7273,582,0.575598802395,0.142215568862,0.68375748503,0.979041916168,0.891841317365,0.957335329341,0.358907287357,0.864662998913,低,高,黄金词,False,False,,True,0.137551413596,0.373395457907,False,False,False,0.358907185629,0.877994011976,黄金词,黄金词,常规CRITIC+一维KMeans
406,1777,495403620,9628223555,0,0,0,,,,,,,,,,,,,,,,无效词,True,False,,False,,,False,False,False,,,无效词,无效词,结构性无成本无效益，先行归为无效词
407,1802,495403620,9628223555,217.36,110,329,1.976,2.99090909091,0.5875,0.4125,326,0.886976047904,0.869011976048,0.880239520958,0.847305389222,0.75748502994,0.882110778443,0.877994016193,0.839835470872,高,高,重点词,False,False,,True,0.381535315239,0.348567929866,False,False,False,0.877994011976,0.841785179641,重点词,重点词,常规CRITIC+一维KMeans
408,1846,495403620,9628223555,0,0,0,,,,,,,,,,,,,,,,无效词,True,False,,False,,,False,False,False,,,无效词,无效词,结构性无成本无效益，先行归为无效词
409,1921,495403620,9628223555,1.63,1,1,1.63,1,1,0,22,0.181137724551,0.791916167665,0.0815868263473,0.40119760479,0.171407185629,0.212200598802,0.486526802739,0.204279702399,低,低,潜力词,False,False,,True,0.00993189821459,0.286987838607,True,False,True,0.486526946108,0.216598053892,潜力词,潜力词,常规CRITIC+一维KMeans
410,1978,495403620,9628223555,0,0,0,,,,,,,,,,,,,,,,无效词,True,False,,False,,,False,False,False,,,无效词,无效词,结构性无成本无效益，先行归为无效词
411,2004,495403620,9628223555,0,0,0,,,,,,,,,,,,,,,,无效词,True,False,,False,,,False,False,False,,,无效词,无效词,结构性无成本无效益，先行归为无效词
412,2006,495403620,9628223555,4.41,2,2,2.205,1,1,0,63,0.36751497006,0.890718562874,0.211826347305,0.40119760479,0.171407185629,0.39745508982,0.629116643655,0.282421788197,高,低,问题词,False,False,,True,0.132657942701,0.208845752809,False,False,False,0.629116766467,0.295471556886,问题词,问题词,常规CRITIC+一维KMeans
413,2021,495403620,9628223555,0,0,0,,,,,,,,,,,,,,,,无效词,True,False,,False,,,False,False,False,,,无效词,无效词,结构性无成本无效益，先行归为无效词
414,2043,495403620,9628223555,1.63,2,0,0.815,0,0,1,0,0.181137724551,0.261976047904,0.211826347305,0.0265718562874,0.953967065868,0.0310628742515,0.221556867252,0.335450397115,低,低,潜力词,False,False,,True,0.274901833701,0.155817143892,False,False,False,0.221556886228,0.305857035928,潜力词,潜力词,常规CRITIC+一维KMeans
415,2072,495403620,9628223555,0,0,0,,,,,,,,,,,,,,,,无效词,True,False,,False,,,False,False,False,,,无效词,无效词,结构性无成本无效益，先行归为无效词
416,2079,495403620,9628223555,0,0,0,,,,,,,,,,,,,,,,无效词,True,False,,False,,,False,False,False,,,无效词,无效词,结构性无成本无效益，先行归为无效词
417,2084,495403620,9628223555,0,0,0,,,,,,,,,,,,,,,,无效词,True,False,,False,,,False,False,False,,,无效词,无效词,结构性无成本无效益，先行归为无效词
418,2093,495403620,9628223555,2.33,2,2,1.165,1,1,0,6,0.247754491018,0.544910179641,0.211826347305,0.40119760479,0.171407185629,0.141467065868,0.396332265578,0.226713830149,低,低,潜力词,False,False,,True,0.100126435376,0.264553710858,False,False,False,0.396332335329,0.231474550898,潜力词,潜力词,常规CRITIC+一维KMeans
419,2111,495403620,9628223555,0,0,0,,,,,,,,,,,,,,,,无效词,True,False,,False,,,False,False,False,,,无效词,无效词,结构性无成本无效益，先行归为无效词
420,2113,495403620,9628223555,32.61,32,38,1.0190625,1.1875,0.875,0.125,145,0.730538922156,0.449101796407,0.760853293413,0.549401197605,0.439371257485,0.684880239521,0.589820425344,0.610151867298,高,高,重点词,False,False,,True,0.0933617243899,0.118884326292,False,False,False,0.589820359281,0.608626497006,重点词,重点词,常规CRITIC+一维KMeans
421,2127,495403620,9628223555,0,0,0,,,,,,,,,,,,,,,,无效词,True,False,,False,,,False,False,False,,,无效词,无效词,结构性无成本无效益，先行归为无效词
422,2176,495403620,9628223555,17.75,10,27,1.775,2.7,0.6667,0.3333,376,0.636976047904,0.826721556886,0.55127245509,0.825224550898,0.688622754491,0.906811377246,0.731848757856,0.725984756137,高,高,重点词,False,False,,True,0.235390056902,0.234717215131,False,False,False,0.731848802395,0.742982784431,重点词,重点词,常规CRITIC+一维KMeans
423,2178,495403620,9628223555,1.35,4,1,0.3375,0.25,1,0,120,0.146706586826,0.0464071856287,0.354416167665,0.065119760479,0.171407185629,0.615643712575,0.0965569097709,0.298069979586,低,低,潜力词,False,False,,True,0.399901791183,0.19319756142,False,False,False,0.0965568862275,0.301646706587,潜力词,潜力词,常规CRITIC+一维KMeans
424,2186,495403620,9628223555,2.48,3,3,0.826666666667,1,1,0,10,0.258607784431,0.275823353293,0.294161676647,0.40119760479,0.171407185629,0.169161676647,0.267215564821,0.256654408622,低,低,潜力词,False,False,,True,0.229243136132,0.234613132385,False,False,False,0.267215568862,0.258982035928,潜力词,潜力词,常规CRITIC+一维KMeans
425,2188,495403620,9628223555,5.13,3,3,1.71,1,1,0,10,0.402694610778,0.815494011976,0.294161676647,0.40119760479,0.171407185629,0.169161676647,0.60909421448,0.256654408622,高,低,问题词,False,False,,True,0.112635513527,0.234613132385,False,False,False,0.609094311377,0.258982035928,问题词,问题词,常规CRITIC+一维KMeans
426,2226,495403620,9628223555,43.74,46,78,0.950869565217,1.69565217391,0.7714,0.2286,178,0.767964071856,0.389221556886,0.808008982036,0.668413173653,0.560254491018,0.738398203593,0.578592903274,0.694553645825,高,高,重点词,False,False,,True,0.0821342023203,0.203286104819,False,False,False,0.578592814371,0.693768712575,重点词,重点词,常规CRITIC+一维KMeans
427,2234,495403620,9628223555,0,0,0,,,,,,,,,,,,,,,,无效词,True,False,,False,,,False,False,False,,,无效词,无效词,结构性无成本无效益，先行归为无效词
428,2351,495403620,9628223555,42.25,28,34,1.50892857143,1.21428571429,0.8182,0.1818,47,0.762724550898,0.747005988024,0.745883233533,0.556137724551,0.507859281437,0.316616766467,0.754865273151,0.545895788001,高,高,重点词,False,False,,True,0.258406572197,0.054628246995,False,False,False,0.754865269461,0.531624251497,重点词,重点词,常规CRITIC+一维KMeans
429,2354,495403620,9628223555,2.88,2,81,1.44,40.5,0,1,1618,0.286676646707,0.706586826347,0.211826347305,0.998502994012,0.953967065868,0.99625748503,0.496631637961,0.757327528935,高,高,重点词,False,False,,True,0.00017293700731,0.266059987928,True,False,True,0.496631736527,0.790138473054,重点词,黄金词,常规CRITIC+一维KMeans
430,2370,495403620,9628223555,1.26,1,1,1.26,1,1,0,3,0.130239520958,0.592065868263,0.0815868263473,0.40119760479,0.171407185629,0.112275449102,0.361152586206,0.182534052109,低,低,潜力词,False,False,,True,0.135306114748,0.308733488898,False,False,False,0.361152694611,0.191616766467,潜力词,潜力词,常规CRITIC+一维KMeans
431,2371,495403620,9628223555,0,0,0,,,,,,,,,,,,,,,,无效词,True,False,,False,,,False,False,False,,,无效词,无效词,结构性无成本无效益，先行归为无效词
432,2424,495403620,9628223555,0,0,0,,,,,,,,,,,,,,,,无效词,True,False,,False,,,False,False,False,,,无效词,无效词,结构性无成本无效益，先行归为无效词
433,2432,495403620,9628223555,3.85,3,4,1.28333333333,1.33333333333,1,0,38,0.338323353293,0.612275449102,0.294161676647,0.590194610778,0.171407185629,0.269461077844,0.475299336893,0.319673337807,低,低,潜力词,False,False,,True,0.0211593640611,0.171594203199,False,False,False,0.475299401198,0.331306137725,潜力词,潜力词,常规CRITIC+一维KMeans
434,2441,495403620,9628223555,0,0,0,,,,,,,,,,,,,,,,无效词,True,False,,False,,,False,False,False,,,无效词,无效词,结构性无成本无效益，先行归为无效词
435,2525,495403620,9628223555,13.42,12,10,1.11833333333,0.833333333333,1,0,30,0.586826347305,0.510479041916,0.585703592814,0.244386227545,0.171407185629,0.241392215569,0.548652712532,0.322872404032,高,低,问题词,False,False,,True,0.0521940115782,0.168395136975,False,False,False,0.548652694611,0.310722305389,问题词,问题词,常规CRITIC+一维KMeans
436,2534,495403620,9628223555,6.02,7,6,0.86,0.857142857143,1,0,53,0.440868263473,0.311377245509,0.47380239521,0.256736526946,0.171407185629,0.339446107784,0.376122784887,0.314401691763,低,低,潜力词,False,False,,True,0.120335916067,0.176865849243,False,False,False,0.376122754491,0.310348053892,潜力词,潜力词,常规CRITIC+一维KMeans
437,2541,495403620,9628223555,21686.91,29926,87461,0.724684555236,2.92257568669,0.4974,0.5026,328,0.98877245509,0.198353293413,0.995508982036,0.843562874251,0.840568862275,0.884356287425,0.593563059788,0.895751623407,高,高,重点词,False,False,,True,0.0971043588339,0.4044840824,False,False,False,0.593562874251,0.890999251497,重点词,重点词,常规CRITIC+一维KMeans
438,2547,495403620,9628223555,2.17,2,2,1.085,1,1,0,3,0.238023952096,0.487649700599,0.211826347305,0.40119760479,0.171407185629,0.112275449102,0.362836767752,0.220361168266,低,低,潜力词,False,False,,True,0.133621933201,0.27090637274,False,False,False,0.362836826347,0.224176646707,潜力词,潜力词,常规CRITIC+一维KMeans
439,2551,495403620,9628223555,2.83,2,16,1.415,8,0.5,0.5,276,0.282185628743,0.691991017964,0.211826347305,0.97380239521,0.817739520958,0.852919161677,0.487088227159,0.683426095418,低,高,黄金词,False,False,,True,0.00937047379443,0.192158554412,True,False,True,0.487088323353,0.714071856287,黄金词,黄金词,常规CRITIC+一维KMeans
440,2555,495403620,9628223555,0,0,0,,,,,,,,,,,,,,,,无效词,True,False,,False,,,False,False,False,,,无效词,无效词,结构性无成本无效益，先行归为无效词
441,2579,495403620,9628223555,41.09,33,51,1.24515151515,1.54545454545,0.9,0.1,55,0.759730538922,0.584580838323,0.763847305389,0.642589820359,0.41130239521,0.351422155689,0.672155729736,0.551074401484,高,高,重点词,False,False,,True,0.175697028782,0.0598068604774,False,False,False,0.672155688623,0.542290419162,重点词,重点词,常规CRITIC+一维KMeans
442,2584,495403620,9628223555,115.98,262,182,0.442671755725,0.69465648855,0.9412,0.0588,39,0.840568862275,0.0696107784431,0.917664670659,0.175898203593,0.365643712575,0.273952095808,0.455090001327,0.464665317453,低,低,潜力词,False,False,,True,0.0413686996264,0.026602223553,False,False,False,0.455089820359,0.433289670659,潜力词,潜力词,常规CRITIC+一维KMeans
443,2602,495403620,9628223555,14.01,10,9,1.401,0.9,0.7143,0.2857,10,0.598053892216,0.681886227545,0.55127245509,0.274700598802,0.636976047904,0.169161676647,0.639970040202,0.431320773926,高,低,问题词,False,False,,True,0.143511339249,0.0599467670805,False,False,False,0.63997005988,0.408027694611,问题词,问题词,常规CRITIC+一维KMeans
444,2633,495403620,9628223555,60.22,42,105,1.43380952381,2.5,0.7576,0.2424,252,0.797155688623,0.703592814371,0.794535928144,0.805763473054,0.569610778443,0.829715568862,0.750374273459,0.743011890246,高,高,重点词,False,False,,True,0.253915572506,0.25174434924,False,False,False,0.750374251497,0.749906437126,重点词,重点词,常规CRITIC+一维KMeans
445,2678,495403620,9628223555,0,0,0,,,,,,,,,,,,,,,,无效词,True,False,,False,,,False,False,False,,,无效词,无效词,结构性无成本无效益，先行归为无效词
446,2682,495403620,9628223555,6.07,4,26,1.5175,6.5,0.25,0.75,888,0.444236526946,0.750748502994,0.354416167665,0.964071856287,0.896706586826,0.984281437126,0.597492443022,0.772942525138,高,高,重点词,False,False,,True,0.101033742069,0.281674984132,False,False,False,0.59749251497,0.799869011976,重点词,重点词,常规CRITIC+一维KMeans
447,2690,495403620,9628223555,5.24,9,8,0.582222222222,0.888888888889,1,0,48,0.410179640719,0.118263473054,0.53255988024,0.269835329341,0.171407185629,0.31998502994,0.264221625408,0.330087145176,低,低,潜力词,False,False,,True,0.232237075546,0.16118039583,False,False,False,0.264221556886,0.323446856287,潜力词,潜力词,常规CRITIC+一维KMeans
448,2703,495403620,9628223555,0,0,0,,,,,,,,,,,,,,,,无效词,True,False,,False,,,False,False,False,,,无效词,无效词,结构性无成本无效益，先行归为无效词
449,2717,495403620,9628223555,0,0,0,,,,,,,,,,,,,,,,无效词,True,False,,False,,,False,False,False,,,无效词,无效词,结构性无成本无效益，先行归为无效词
450,2723,495403620,9628223555,340.06,332,721,1.02427710843,2.17168674699,0.7402,0.2598,206,0.90119760479,0.451347305389,0.922904191617,0.771706586826,0.613023952096,0.781062874251,0.676272560684,0.774179756293,高,高,重点词,False,False,,True,0.17981385973,0.282912215287,False,False,False,0.67627245509,0.772174401198,重点词,重点词,常规CRITIC+一维KMeans
451,2738,495403620,9628223555,2.73,2,2,1.365,1,1,0,120,0.275449101796,0.663173652695,0.211826347305,0.40119760479,0.171407185629,0.615643712575,0.469311286234,0.329903863551,低,低,潜力词,False,False,,True,0.0271474147192,0.161363677456,False,False,False,0.469311377246,0.350018712575,潜力词,潜力词,常规CRITIC+一维KMeans
452,2742,495403620,9628223555,0,0,0,,,,,,,,,,,,,,,,无效词,True,False,,False,,,False,False,False,,,无效词,无效词,结构性无成本无效益，先行归为无效词
453,2748,495403620,9628223555,43.02,39,182,1.10307692308,4.66666666667,0.6,0.4,347,0.766467065868,0.499251497006,0.78255988024,0.914296407186,0.748877245509,0.895958083832,0.632859344161,0.826720814136,高,高,重点词,False,False,,True,0.136400643207,0.33545327313,False,False,False,0.632859281437,0.835422904192,重点词,重点词,常规CRITIC+一维KMeans
454,2775,495403620,9628223555,0,0,0,,,,,,,,,,,,,,,,无效词,True,False,,False,,,False,False,False,,,无效词,无效词,结构性无成本无效益，先行归为无效词
455,2780,495403620,9628223555,95.7,65,179,1.47230769231,2.75384615385,0.7119,0.2881,195,0.825598802395,0.725299401198,0.844311377246,0.833832335329,0.642215568862,0.764595808383,0.77544912534,0.769307941785,高,高,重点词,False,False,,True,0.278990424386,0.278040400779,False,False,False,0.775449101796,0.771238772455,重点词,重点词,常规CRITIC+一维KMeans
456,2795,495403620,9628223555,3.49,4,4,0.8725,1,1,0,85,0.320359281437,0.321107784431,0.354416167665,0.40119760479,0.171407185629,0.490269461078,0.320733532758,0.344034165484,低,低,潜力词,False,False,,True,0.175725168195,0.147233375522,False,False,False,0.320733532934,0.35432260479,潜力词,潜力词,常规CRITIC+一维KMeans
457,2813,495403620,9628223555,5.37,11,3,0.488181818182,0.272727272727,1,0,51,0.412799401198,0.0845808383234,0.567739520958,0.0673652694611,0.171407185629,0.333083832335,0.248690196804,0.299027085771,低,低,潜力词,False,False,,True,0.24776850415,0.192240455235,False,False,False,0.24869011976,0.284898952096,潜力词,潜力词,常规CRITIC+一维KMeans
458,2834,495403620,9628223555,1.88,1,1,1.88,1,1,0,4,0.211077844311,0.849550898204,0.0815868263473,0.40119760479,0.171407185629,0.126122754491,0.530314221388,0.185547494284,高,低,问题词,False,False,,True,0.0338555204343,0.305720046723,False,False,False,0.530314371257,0.195078592814,问题词,问题词,常规CRITIC+一维KMeans
459,2843,495403620,9628223555,150.65,108,141,1.39490740741,1.30555555556,0.814,0.186,123,0.86377245509,0.678892215569,0.878368263473,0.585329341317,0.513847305389,0.644461077844,0.771332378726,0.663723326816,高,高,重点词,False,False,,True,0.274873677773,0.17245578581,False,False,False,0.771332335329,0.655501497006,重点词,重点词,常规CRITIC+一维KMeans
460,2854,495403620,9628223555,4.83,6,5,0.805,0.833333333333,1,0,57,0.389595808383,0.252619760479,0.440119760479,0.244386227545,0.171407185629,0.358532934132,0.321107816584,0.306080736792,低,低,潜力词,False,False,,True,0.17535088437,0.185186804214,False,False,False,0.321107784431,0.303611526946,潜力词,潜力词,常规CRITIC+一维KMeans
461,2855,495403620,9628223555,15.1,18,15,0.838888888889,0.833333333333,1,0,120,0.611526946108,0.289670658683,0.670658682635,0.244386227545,0.171407185629,0.615643712575,0.450598877945,0.428991371533,低,低,潜力词,False,False,,True,0.0458598230087,0.0622761694734,False,False,False,0.450598802395,0.425523952096,潜力词,潜力词,常规CRITIC+一维KMeans
462,2874,495403620,9628223555,5435.94,1915,10266,2.83861096606,5.36083550914,0.3591,0.6409,411,0.974550898204,0.923652694611,0.961826347305,0.943113772455,0.877245508982,0.921407185629,0.949101808355,0.925777798057,高,高,重点词,False,False,,True,0.452643107401,0.43451025705,False,False,False,0.949101796407,0.925898203593,重点词,重点词,常规CRITIC+一维KMeans
463,2890,495403620,9628223555,6.51,6,19,1.085,3.16666666667,0.8,0.2,48,0.458832335329,0.487649700599,0.440119760479,0.861901197605,0.529565868263,0.31998502994,0.4732410112,0.530410420365,低,高,黄金词,False,False,,True,0.0232176897539,0.0391428793581,False,False,False,0.473241017964,0.537892964072,黄金词,黄金词,常规CRITIC+一维KMeans
464,2919,495403620,9628223555,8.23,13,15,0.633076923077,1.15384615385,0.8182,0.1818,235,0.504491017964,0.144461077844,0.605164670659,0.538173652695,0.507859281437,0.811002994012,0.324476132414,0.608697877385,低,高,黄金词,False,False,,True,0.171982568539,0.117430336379,False,False,False,0.324476047904,0.615550149701,黄金词,黄金词,常规CRITIC+一维KMeans
465,2936,495403620,9628223555,0,0,0,,,,,,,,,,,,,,,,无效词,True,False,,False,,,False,False,False,,,无效词,无效词,结构性无成本无效益，先行归为无效词
466,2955,495403620,9628223555,3.09,3,3,1.03,1,1,0,3,0.302395209581,0.455464071856,0.294161676647,0.40119760479,0.171407185629,0.112275449102,0.378929604789,0.244274862389,低,低,潜力词,False,False,,True,0.117529096165,0.246992678618,False,False,False,0.378929640719,0.244760479042,潜力词,潜力词,常规CRITIC+一维KMeans
467,2993,495403620,9628223555,22.18,15,23,1.47866666667,1.53333333333,0.8462,0.1538,328,0.679640718563,0.729790419162,0.630988023952,0.640344311377,0.466691616766,0.884356287425,0.704715557091,0.643149784911,高,高,重点词,False,False,,True,0.208256856137,0.151882243905,False,False,False,0.704715568862,0.65559505988,重点词,重点词,常规CRITIC+一维KMeans
468,2996,495403620,9628223555,74.77,50,316,1.4954,6.32,0.2692,0.7308,487,0.813622754491,0.737275449102,0.818488023952,0.960329341317,0.892964071856,0.940868263473,0.775449119718,0.896440167618,高,高,重点词,False,False,,True,0.278990418764,0.405172626612,False,False,False,0.775449101796,0.90316242515,重点词,重点词,常规CRITIC+一维KMeans
469,2997,495403620,9628223555,184.97,118,214,1.56754237288,1.81355932203,0.7664,0.2336,108,0.877245508982,0.767215568862,0.886601796407,0.695359281437,0.565868263473,0.565868263473,0.82223056475,0.687245496181,高,高,重点词,False,False,,True,0.325771863796,0.195977955175,False,False,False,0.822230538922,0.678424401198,重点词,重点词,常规CRITIC+一维KMeans
470,3008,495403620,9628223555,45.41,54,204,0.840925925926,3.77777777778,0.6042,0.3958,319,0.774700598802,0.293413173653,0.827844311377,0.887350299401,0.74251497006,0.877994011976,0.534056999201,0.82834793154,高,高,重点词,False,False,,True,0.0375982982471,0.337080390534,False,False,False,0.534056886228,0.833925898204,重点词,重点词,常规CRITIC+一维KMeans
471,3060,495403620,9628223555,0,0,0,,,,,,,,,,,,,,,,无效词,True,False,,False,,,False,False,False,,,无效词,无效词,结构性无成本无效益，先行归为无效词
472,3064,495403620,9628223555,13.2,15,16,0.88,1.06666666667,0.9,0.1,60,0.585329341317,0.330089820359,0.630988023952,0.516467065868,0.41130239521,0.370508982036,0.457709640751,0.48915164626,低,低,潜力词,False,False,,True,0.0387490602026,0.00211589474649,False,True,True,0.457709580838,0.482316616766,潜力词,潜力词,常规CRITIC+一维KMeans
473,3070,495403620,9628223555,9.57,8,14,1.19625,1.75,0.6,0.4,61,0.526571856287,0.561002994012,0.504491017964,0.680389221557,0.748877245509,0.377994011976,0.543787417068,0.582258727734,高,高,重点词,False,False,,True,0.047328716114,0.090991186728,False,False,False,0.54378742515,0.577937874251,重点词,重点词,常规CRITIC+一维KMeans
474,3093,495403620,9628223555,0.32,1,0,0.32,0,0,1,0,0.0258233532934,0.0426646706587,0.0815868263473,0.0265718562874,0.953967065868,0.0310628742515,0.0342440080229,0.297623280957,低,低,潜力词,False,False,,True,0.462214692931,0.193644260049,False,False,False,0.034244011976,0.273297155689,潜力词,潜力词,常规CRITIC+一维KMeans
475,3135,495403620,9628223555,2.7,2,22,1.35,11,0.5,0.5,1001,0.271706586826,0.653068862275,0.211826347305,0.989146706587,0.817739520958,0.988023952096,0.462387635033,0.716171805276,低,高,黄金词,False,False,,True,0.0340710659203,0.22490426427,False,False,False,0.462387724551,0.751684131737,黄金词,黄金词,常规CRITIC+一维KMeans
476,3153,495403620,9628223555,0.72,1,1,0.72,1,1,0,120,0.061751497006,0.195733532934,0.0815868263473,0.40119760479,0.171407185629,0.615643712575,0.12874248352,0.292076747393,低,低,潜力词,False,False,,True,0.367716217433,0.199190793613,False,False,False,0.12874251497,0.317458832335,潜力词,潜力词,常规CRITIC+一维KMeans
477,3165,495403620,9628223555,53.44,53,64,1.00830188679,1.20754716981,0.875,0.125,128,0.788922155689,0.439371257485,0.825224550898,0.555389221557,0.439371257485,0.65494011976,0.614146788637,0.623637565335,高,高,重点词,False,False,,True,0.117688087684,0.132370024329,False,False,False,0.614146706587,0.618731287425,重点词,重点词,常规CRITIC+一维KMeans
478,3175,495403620,9628223555,0,0,0,,,,,,,,,,,,,,,,无效词,True,False,,False,,,False,False,False,,,无效词,无效词,结构性无成本无效益，先行归为无效词
479,3195,495403620,9628223555,0,0,0,,,,,,,,,,,,,,,,无效词,True,False,,False,,,False,False,False,,,无效词,无效词,结构性无成本无效益，先行归为无效词
480,3201,495403620,9628223555,0,0,0,,,,,,,,,,,,,,,,无效词,True,False,,False,,,False,False,False,,,无效词,无效词,结构性无成本无效益，先行归为无效词
481,3222,495403620,9628223555,1.65,1,1,1.65,1,1,0,2,0.18375748503,0.795658682635,0.0815868263473,0.40119760479,0.171407185629,0.0943113772455,0.4897079402,0.178624721719,低,低,潜力词,False,False,,True,0.00675076075358,0.312642819287,True,False,True,0.489708083832,0.187125748503,潜力词,潜力词,常规CRITIC+一维KMeans
482,3275,495403620,9628223555,0,0,0,,,,,,,,,,,,,,,,无效词,True,False,,False,,,False,False,False,,,无效词,无效词,结构性无成本无效益，先行归为无效词
483,3327,495403620,9628223555,22.08,13,59,1.69846153846,4.53846153846,0.7,0.3,539,0.678892215569,0.810628742515,0.605164670659,0.910179640719,0.650823353293,0.950598802395,0.744760448119,0.759325690257,高,高,重点词,False,False,,True,0.248301747166,0.268058149251,False,False,False,0.744760479042,0.779191616766,重点词,重点词,常规CRITIC+一维KMeans
484,3352,495403620,9628223555,37.67,27,27,1.39518518519,1,0.9524,0.0476,122,0.752245508982,0.679640718563,0.738398203593,0.40119760479,0.356661676647,0.642964071856,0.715943130815,0.539545802275,高,高,重点词,False,False,,True,0.219484429861,0.0482782612681,False,False,False,0.715943113772,0.534805389222,重点词,重点词,常规CRITIC+一维KMeans
485,3353,495403620,9628223555,0.8,1,1,0.8,1,1,0,0,0.0714820359281,0.248877245509,0.0815868263473,0.40119760479,0.171407185629,0.0310628742515,0.160179599078,0.164860620974,低,低,潜力词,False,False,,True,0.336279101875,0.326406920033,False,False,False,0.160179640719,0.171313622754,潜力词,潜力词,常规CRITIC+一维KMeans
486,3374,495403620,9628223555,2398.88,445,3848,5.39074157303,8.64719101124,0.2606,0.7394,480,0.953592814371,0.967814371257,0.931137724551,0.978293413174,0.89371257485,0.939371257485,0.960703589476,0.932953016099,高,高,重点词,False,False,,True,0.464244888523,0.441685475092,False,False,False,0.960703592814,0.935628742515,重点词,重点词,常规CRITIC+一维KMeans
487,3379,495403620,9628223555,31.79,21,74,1.51380952381,3.52380952381,0.65,0.35,369,0.726047904192,0.747754491018,0.692739520958,0.877994011976,0.71369760479,0.90119760479,0.73690119251,0.784222465818,高,高,重点词,False,False,,True,0.240442491556,0.292954924811,False,False,False,0.736901197605,0.796407185629,重点词,重点词,常规CRITIC+一维KMeans
488,3382,495403620,9628223555,1533,276,1485,5.55434782609,5.38043478261,0.4779,0.5221,384,0.936377245509,0.97005988024,0.919910179641,0.944610778443,0.844311377246,0.909431137725,0.953218554968,0.902300040143,高,高,重点词,False,False,,True,0.456759854014,0.411032499137,False,False,False,0.953218562874,0.904565868263,重点词,重点词,常规CRITIC+一维KMeans
489,3386,495403620,9628223555,0,0,0,,,,,,,,,,,,,,,,无效词,True,False,,False,,,False,False,False,,,无效词,无效词,结构性无成本无效益，先行归为无效词
490,3393,495403620,9628223555,298.34,124,269,2.40596774194,2.16935483871,0.7182,0.2818,103,0.89745508982,0.901946107784,0.88997005988,0.770958083832,0.630988023952,0.553517964072,0.899700597748,0.71985490246,高,高,重点词,False,False,,True,0.403241896795,0.228587361453,False,False,False,0.899700598802,0.711358532934,重点词,重点词,常规CRITIC+一维KMeans
491,3416,495403620,9628223555,4.17,3,2,1.39,0.666666666667,1,0,120,0.357784431138,0.674775449102,0.294161676647,0.161676646707,0.171407185629,0.615643712575,0.516279865712,0.301614044629,高,低,问题词,False,False,,True,0.0198211647585,0.189653496378,False,False,False,0.51627994012,0.310722305389,问题词,问题词,常规CRITIC+一维KMeans
492,3417,495403620,9628223555,6.95,6,10,1.15833333333,1.66666666667,0.6,0.4,33,0.471556886228,0.540419161677,0.440119760479,0.663547904192,0.748877245509,0.253368263473,0.505988007788,0.532771027788,高,高,重点词,False,False,,True,0.00952930683435,0.0415034867815,True,False,True,0.505988023952,0.526478293413,重点词,重点词,常规CRITIC+一维KMeans
493,3445,495403620,9628223555,0,0,0,,,,,,,,,,,,,,,,无效词,True,False,,False,,,False,False,False,,,无效词,无效词,结构性无成本无效益，先行归为无效词
494,3451,495403620,9628223555,2.63,3,3,0.876666666667,1,0.5,0.5,14,0.267215568862,0.324850299401,0.294161676647,0.40119760479,0.817739520958,0.186751497006,0.296032920603,0.437569764231,低,低,潜力词,False,False,,True,0.200425780351,0.0536977767755,False,False,False,0.296032934132,0.42496257485,潜力词,潜力词,常规CRITIC+一维KMeans
495,3481,495403620,9628223555,0,0,1,,,,,,,,,,,,,,,,潜力词,False,True,点击=0但浏览>0,False,,,False,False,False,,,潜力词,潜力词,异常记录不参与拟合；依据0成本、0点击和少量浏览暂归潜力词
496,3548,495403620,9628223555,11.61,15,23,0.774,1.53333333333,0.9167,0.0833,279,0.562125748503,0.232784431138,0.630988023952,0.640344311377,0.388847305389,0.854790419162,0.397455167127,0.615387251502,低,高,黄金词,False,False,,True,0.0990035338266,0.124119710495,False,False,False,0.39745508982,0.62874251497,黄金词,黄金词,常规CRITIC+一维KMeans
497,3567,495403620,9628223555,1.35,2,2,0.675,1,1,0,25,0.146706586826,0.167290419162,0.211826347305,0.40119760479,0.171407185629,0.223053892216,0.156998498162,0.244468705667,低,低,潜力词,False,False,,True,0.339460202791,0.246798835339,False,False,False,0.156998502994,0.251871257485,潜力词,潜力词,常规CRITIC+一维KMeans
498,3575,495403620,9628223555,160.27,44,142,3.6425,3.22727272727,0.5,0.5,370,0.866017964072,0.946856287425,0.802769461078,0.86377245509,0.817739520958,0.902694610778,0.906437106773,0.841912314202,高,高,重点词,False,False,,True,0.40997840582,0.350644773195,False,False,False,0.906437125749,0.846744011976,重点词,重点词,常规CRITIC+一维KMeans
499,3579,495403620,9628223555,0,0,0,,,,,,,,,,,,,,,,无效词,True,False,,False,,,False,False,False,,,无效词,无效词,结构性无成本无效益，先行归为无效词
500,3653,495403620,9628223555,0,0,0,,,,,,,,,,,,,,,,无效词,True,False,,False,,,False,False,False,,,无效词,无效词,结构性无成本无效益，先行归为无效词
501,3659,495403620,9628223555,5.77,7,6,0.824285714286,0.857142857143,1,0,184,0.432260479042,0.272080838323,0.47380239521,0.256736526946,0.171407185629,0.744386227545,0.352170696282,0.40252451429,低,低,潜力词,False,False,,True,0.144288004672,0.0887430267167,False,False,False,0.352170658683,0.411583083832,潜力词,潜力词,常规CRITIC+一维KMeans
502,3677,495403620,9628223555,6.93,10,9,0.693,0.9,1,0,44,0.470808383234,0.181886227545,0.55127245509,0.274700598802,0.171407185629,0.300898203593,0.326347373208,0.332428795978,低,低,潜力词,False,False,,True,0.170111327745,0.158838745028,False,False,False,0.326347305389,0.324569610778,潜力词,潜力词,常规CRITIC+一维KMeans
503,3720,495403620,9628223555,0,0,0,,,,,,,,,,,,,,,,无效词,True,False,,False,,,False,False,False,,,无效词,无效词,结构性无成本无效益，先行归为无效词
504,3769,495403620,9628223555,1.24,3,3,0.413333333333,1,1,0,3,0.127619760479,0.062874251497,0.294161676647,0.40119760479,0.171407185629,0.112275449102,0.0952470211858,0.244274862389,低,低,潜力词,False,False,,True,0.401211679768,0.246992678618,False,False,False,0.095247005988,0.244760479042,潜力词,潜力词,常规CRITIC+一维KMeans
505,3922,495403620,9628223555,2.35,2,2,1.175,1,1,0,25,0.248877245509,0.55127245509,0.211826347305,0.40119760479,0.171407185629,0.223053892216,0.400074779318,0.244468705667,低,低,潜力词,False,False,,True,0.0963839216358,0.246798835339,False,False,False,0.400074850299,0.251871257485,潜力词,潜力词,常规CRITIC+一维KMeans
506,3923,495403620,9628223555,14.78,15,143,0.985333333333,9.53333333333,0.4286,0.5714,930,0.60628742515,0.417664670659,0.630988023952,0.982784431138,0.858158682635,0.986526946108,0.51197609218,0.847276190367,高,高,重点词,False,False,,True,0.0155173912262,0.35600864936,True,False,True,0.511976047904,0.864614520958,重点词,重点词,常规CRITIC+一维KMeans
507,3924,495403620,9628223555,0,0,0,,,,,,,,,,,,,,,,无效词,True,False,,False,,,False,False,False,,,无效词,无效词,结构性无成本无效益，先行归为无效词
508,3949,495403620,9628223555,0,0,0,,,,,,,,,,,,,,,,无效词,True,False,,False,,,False,False,False,,,无效词,无效词,结构性无成本无效益，先行归为无效词
509,3951,495403620,9628223555,0,0,0,,,,,,,,,,,,,,,,无效词,True,False,,False,,,False,False,False,,,无效词,无效词,结构性无成本无效益，先行归为无效词
510,3962,495403620,9628223555,8.52,6,6,1.42,1,1,0,44,0.509730538922,0.696107784431,0.440119760479,0.40119760479,0.171407185629,0.300898203593,0.602919117928,0.32771528924,高,低,问题词,False,False,,True,0.106460416974,0.163552251767,False,False,False,0.602919161677,0.328405688623,问题词,问题词,常规CRITIC+一维KMeans
511,3973,495403620,9628223555,4.8,7,35,0.685714285714,5,0.8,0.2,77,0.387724550898,0.177395209581,0.47380239521,0.927769461078,0.529565868263,0.459206586826,0.28255992961,0.584846571838,低,高,黄金词,False,False,,True,0.213898771343,0.0935790308311,False,False,False,0.28255988024,0.597586077844,黄金词,黄金词,常规CRITIC+一维KMeans
512,3989,495403620,9628223555,106.06,63,407,1.68349206349,6.46031746032,0.4483,0.5517,394,0.830089820359,0.803892215569,0.840194610778,0.963323353293,0.853293413174,0.913173652695,0.816991024113,0.886501051939,高,高,重点词,False,False,,True,0.32053232316,0.395233510932,False,False,False,0.816991017964,0.892496257485,重点词,重点词,常规CRITIC+一维KMeans
513,3991,495403620,9628223555,0,0,0,,,,,,,,,,,,,,,,无效词,True,False,,False,,,False,False,False,,,无效词,无效词,结构性无成本无效益，先行归为无效词
514,4001,495403620,9628223555,0,0,0,,,,,,,,,,,,,,,,无效词,True,False,,False,,,False,False,False,,,无效词,无效词,结构性无成本无效益，先行归为无效词
515,4002,495403620,9628223555,26.24,17,59,1.54352941176,3.47058823529,0.75,0.25,288,0.704341317365,0.758233532934,0.657934131737,0.875,0.591317365269,0.859281437126,0.7312874125,0.730808431857,高,高,重点词,False,False,,True,0.234828711546,0.23954089085,False,False,False,0.73128742515,0.745883233533,重点词,重点词,常规CRITIC+一维KMeans
516,4016,495403620,9628223555,48.68,27,55,1.80296296296,2.03703703704,0.6522,0.3478,172,0.779191616766,0.835329341317,0.738398203593,0.757859281437,0.711826347305,0.726796407186,0.807260465865,0.732834586578,高,高,重点词,False,False,,True,0.310801764911,0.241567045572,False,False,False,0.807260479042,0.73372005988,重点词,重点词,常规CRITIC+一维KMeans
517,4020,495403620,9628223555,0,0,0,,,,,,,,,,,,,,,,无效词,True,False,,False,,,False,False,False,,,无效词,无效词,结构性无成本无效益，先行归为无效词
518,4046,495403620,9628223555,21.51,20,28,1.0755,1.4,0.8235,0.1765,55,0.673652694611,0.480538922156,0.68375748503,0.605538922156,0.501871257485,0.351422155689,0.577095853713,0.544552472753,高,高,重点词,False,False,,True,0.0806371527594,0.0532849317464,False,False,False,0.577095808383,0.53564745509,重点词,重点词,常规CRITIC+一维KMeans
519,4047,495403620,9628223555,50.95,36,52,1.41527777778,1.44444444444,0.7778,0.2222,326,0.784431137725,0.693113772455,0.773952095808,0.61377245509,0.556137724551,0.882110778443,0.738772476525,0.702899843382,高,高,重点词,False,False,,True,0.242313775571,0.211632302376,False,False,False,0.73877245509,0.706493263473,重点词,重点词,常规CRITIC+一维KMeans
520,4052,495403620,9628223555,1.19,1,1,1.19,1,1,0,9,0.122380239521,0.556511976048,0.0815868263473,0.40119760479,0.171407185629,0.163547904192,0.33944600588,0.193691932595,低,低,潜力词,False,False,,True,0.157012695073,0.297575608411,False,False,False,0.339446107784,0.20443488024,潜力词,潜力词,常规CRITIC+一维KMeans
521,4141,495403620,9628223555,0,0,0,,,,,,,,,,,,,,,,无效词,True,False,,False,,,False,False,False,,,无效词,无效词,结构性无成本无效益，先行归为无效词
522,4158,495403620,9628223555,36.54,28,49,1.305,1.75,0.92,0.08,98,0.74625748503,0.630239520958,0.745883233533,0.680389221557,0.385479041916,0.539296407186,0.688248530227,0.587905019902,高,高,重点词,False,False,,True,0.191789829273,0.0966374788956,False,False,False,0.688248502994,0.587761976048,重点词,重点词,常规CRITIC+一维KMeans
523,4163,495403620,9628223555,0.49,2,2,0.245,1,1,0,1,0.0385479041916,0.0291916167665,0.211826347305,0.40119760479,0.171407185629,0.0737275449102,0.0338697626753,0.211972396806,低,低,潜力词,False,False,,True,0.462588938278,0.279295144201,False,False,False,0.033869760479,0.214539670659,潜力词,潜力词,常规CRITIC+一维KMeans
524,4165,495403620,9628223555,36.37,33,30,1.10212121212,0.909090909091,0.8095,0.1905,153,0.744760479042,0.498502994012,0.763847305389,0.277694610778,0.517215568862,0.69872754491,0.621631794331,0.576144965385,高,高,重点词,False,False,,True,0.125173093378,0.0848774243783,False,False,False,0.621631736527,0.564371257485,重点词,重点词,常规CRITIC+一维KMeans
525,4171,495403620,9628223555,1.68,2,1,0.84,0.5,1,0,8,0.186002994012,0.291167664671,0.211826347305,0.109281437126,0.171407185629,0.157934131737,0.238585304656,0.166674351483,低,低,潜力词,False,False,,True,0.257873396298,0.324593189524,False,False,False,0.238585329341,0.162612275449,潜力词,潜力词,常规CRITIC+一维KMeans
526,4188,495403620,9628223555,1533.24,434,1683,3.53281105991,3.87788018433,0.5805,0.4195,286,0.937125748503,0.944610778443,0.929640718563,0.892964071856,0.76122754491,0.857035928144,0.940868261716,0.859703613503,高,高,重点词,False,False,,True,0.444409560762,0.368436072496,False,False,False,0.940868263473,0.860217065868,重点词,重点词,常规CRITIC+一维KMeans
527,4189,495403620,9628223555,19.42,15,28,1.29466666667,1.86666666667,0.6667,0.3333,57,0.657934131737,0.62125748503,0.630988023952,0.709580838323,0.688622754491,0.358532934132,0.639595816992,0.604617030092,高,高,重点词,False,False,,True,0.143137116039,0.113349489086,False,False,False,0.639595808383,0.596931137725,重点词,重点词,常规CRITIC+一维KMeans
528,4251,495403620,9628223555,1.23,1,0,1.23,0,0,1,0,0.126122754491,0.575973053892,0.0815868263473,0.0265718562874,0.953967065868,0.0310628742515,0.351047798598,0.297623280957,低,低,潜力词,False,False,,True,0.145410902356,0.193644260049,False,False,False,0.351047904192,0.273297155689,潜力词,潜力词,常规CRITIC+一维KMeans
529,4310,495403620,9628223555,0,0,0,,,,,,,,,,,,,,,,无效词,True,False,,False,,,False,False,False,,,无效词,无效词,结构性无成本无效益，先行归为无效词
530,4321,495403620,9628223555,89.22,64,291,1.3940625,4.546875,0.566,0.434,525,0.822604790419,0.678143712575,0.842065868263,0.910928143713,0.775449101796,0.948353293413,0.750374285407,0.861952371377,高,高,重点词,False,False,,True,0.253915584453,0.370684830371,False,False,False,0.750374251497,0.869199101796,重点词,重点词,常规CRITIC+一维KMeans
531,4331,495403620,9628223555,16.86,15,9,1.124,0.6,1,0,48,0.629116766467,0.515718562874,0.630988023952,0.139221556886,0.171407185629,0.31998502994,0.572417691289,0.330207651306,高,低,问题词,False,False,,True,0.0759589903351,0.1610598897,False,False,False,0.572417664671,0.315400449102,问题词,问题词,常规CRITIC+一维KMeans
532,4388,495403620,9628223555,8.28,9,5,0.92,0.555555555556,1,0,32,0.505239520958,0.358907185629,0.53255988024,0.129865269461,0.171407185629,0.247005988024,0.432073387642,0.283699062534,低,低,潜力词,False,False,,True,0.0643853133114,0.207568478473,False,False,False,0.432073353293,0.270209580838,潜力词,潜力词,常规CRITIC+一维KMeans
533,4422,495403620,9628223555,5.1,4,31,1.275,7.75,0.6,0.4,1425,0.400823353293,0.60628742515,0.354416167665,0.969311377246,0.748877245509,0.994760479042,0.503555340993,0.735861416243,高,高,重点词,False,False,,True,0.00709664003911,0.244593875236,True,False,True,0.503555389222,0.766841317365,重点词,重点词,常规CRITIC+一维KMeans
534,4454,495403620,9628223555,0,0,0,,,,,,,,,,,,,,,,无效词,True,False,,False,,,False,False,False,,,无效词,无效词,结构性无成本无效益，先行归为无效词
535,4463,495403620,9628223555,0,0,0,,,,,,,,,,,,,,,,无效词,True,False,,False,,,False,False,False,,,无效词,无效词,结构性无成本无效益，先行归为无效词
536,4479,495403620,9628223555,7.22,8,6,0.9025,0.75,1,0,52,0.479790419162,0.345808383234,0.504491017964,0.197604790419,0.171407185629,0.336077844311,0.412799432647,0.309694236024,低,低,潜力词,False,False,,True,0.0836592683063,0.181573304983,False,False,False,0.412799401198,0.302395209581,潜力词,潜力词,常规CRITIC+一维KMeans
537,4480,495403620,9628223555,21.87,15,12,1.458,0.8,0.9091,0.0909,34,0.675149700599,0.716317365269,0.630988023952,0.225299401198,0.398577844311,0.258982035928,0.695733523271,0.397934947034,高,低,问题词,False,False,,True,0.199274822317,0.0933325939723,False,False,False,0.695733532934,0.378461826347,问题词,问题词,常规CRITIC+一维KMeans
538,4498,495403620,9628223555,3.53,2,2,1.765,1,1,0,120,0.324101796407,0.824101796407,0.211826347305,0.40119760479,0.171407185629,0.615643712575,0.574101679042,0.329903863551,高,低,问题词,False,False,,True,0.077642978088,0.161363677456,False,False,False,0.574101796407,0.350018712575,问题词,问题词,常规CRITIC+一维KMeans
539,4504,495403620,9628223555,0,0,0,,,,,,,,,,,,,,,,无效词,True,False,,False,,,False,False,False,,,无效词,无效词,结构性无成本无效益，先行归为无效词
540,4505,495403620,9628223555,0,0,0,,,,,,,,,,,,,,,,无效词,True,False,,False,,,False,False,False,,,无效词,无效词,结构性无成本无效益，先行归为无效词
541,4529,495403620,9628223555,1.62,2,2,0.81,1,1,0,2,0.179266467066,0.259356287425,0.211826347305,0.40119760479,0.171407185629,0.0943113772455,0.219311358446,0.216451837877,低,低,潜力词,False,False,,True,0.277147342508,0.27481570313,False,False,False,0.219311377246,0.219685628743,潜力词,潜力词,常规CRITIC+一维KMeans
542,4541,495403620,9628223555,0,0,0,,,,,,,,,,,,,,,,无效词,True,False,,False,,,False,False,False,,,无效词,无效词,结构性无成本无效益，先行归为无效词
543,4545,495403620,9628223555,0,0,0,,,,,,,,,,,,,,,,无效词,True,False,,False,,,False,False,False,,,无效词,无效词,结构性无成本无效益，先行归为无效词
544,4558,495403620,9628223555,0,0,0,,,,,,,,,,,,,,,,无效词,True,False,,False,,,False,False,False,,,无效词,无效词,结构性无成本无效益，先行归为无效词
545,4560,495403620,9628223555,15.29,8,17,1.91125,2.125,0.6667,0.3333,121,0.617140718563,0.857784431138,0.504491017964,0.767215568862,0.688622754491,0.641092814371,0.737462518364,0.641928879607,高,高,重点词,False,False,,True,0.24100381741,0.1506613386,False,False,False,0.73746257485,0.650355538922,重点词,重点词,常规CRITIC+一维KMeans
546,4581,495403620,9628223555,3.58,2,2,1.79,1,1,0,63,0.326347305389,0.830464071856,0.211826347305,0.40119760479,0.171407185629,0.39745508982,0.578405570291,0.282421788197,高,低,问题词,False,False,,True,0.0819468693372,0.208845752809,False,False,False,0.578405688623,0.295471556886,问题词,问题词,常规CRITIC+一维KMeans
547,4594,495403620,9628223555,20.64,30,24,0.688,0.8,1,0,40,0.669910179641,0.179266467066,0.75374251497,0.225299401198,0.171407185629,0.279191616766,0.424588438523,0.375743995012,低,低,潜力词,False,False,,True,0.0718702624309,0.115523545994,False,False,False,0.424588323353,0.357410179641,潜力词,潜力词,常规CRITIC+一维KMeans
548,4613,495403620,9628223555,5.38,5,3,1.076,0.6,1,0,80,0.413922155689,0.482035928144,0.400449101796,0.139221556886,0.171407185629,0.470808383234,0.447979025928,0.296071394157,低,低,潜力词,False,False,,True,0.0484796750259,0.195196146849,False,False,False,0.447979041916,0.295471556886,潜力词,潜力词,常规CRITIC+一维KMeans
549,4634,495403620,9628223555,375.36,121,502,3.10214876033,4.14876033058,0.5534,0.4466,438,0.90494011976,0.934131736527,0.889221556886,0.902694610778,0.782934131737,0.928143712575,0.919535921292,0.871506714046,高,高,重点词,False,False,,True,0.423077220338,0.38023917304,False,False,False,0.919535928144,0.875748502994,重点词,重点词,常规CRITIC+一维KMeans
550,4637,495403620,9628223555,5.75,11,9,0.522727272727,0.818181818182,1,0,54,0.43001497006,0.0973053892216,0.567739520958,0.235404191617,0.171407185629,0.345434131737,0.263660257738,0.338338777534,低,低,潜力词,False,False,,True,0.232798443216,0.152928763472,False,False,False,0.263660179641,0.329996257485,潜力词,潜力词,常规CRITIC+一维KMeans
551,4706,495403620,9628223555,6.41,11,14,0.582727272727,1.27272727273,0.8889,0.1111,94,0.455089820359,0.119011976048,0.567739520958,0.575224550898,0.42252994012,0.52245508982,0.287050977092,0.51973039052,低,高,黄金词,False,False,,True,0.209407723862,0.0284628495133,False,False,False,0.287050898204,0.521987275449,黄金词,黄金词,常规CRITIC+一维KMeans
552,4717,495403620,9628223555,1.77,3,3,0.59,1,1,0,15,0.192739520958,0.125748502994,0.294161676647,0.40119760479,0.171407185629,0.190868263473,0.159244027701,0.261378182842,低,低,潜力词,False,False,,True,0.337214673253,0.229889358164,False,False,False,0.159244011976,0.264408682635,潜力词,潜力词,常规CRITIC+一维KMeans
553,4718,495403620,9628223555,0,0,0,,,,,,,,,,,,,,,,无效词,True,False,,False,,,False,False,False,,,无效词,无效词,结构性无成本无效益，先行归为无效词
554,4760,495403620,9628223555,0,0,0,,,,,,,,,,,,,,,,无效词,True,False,,False,,,False,False,False,,,无效词,无效词,结构性无成本无效益，先行归为无效词
555,4762,495403620,9628223555,0.97,2,1,0.485,0.5,1,0,2,0.101422155689,0.0834580838323,0.211826347305,0.109281437126,0.171407185629,0.0943113772455,0.0924401239772,0.152828806354,低,低,潜力词,False,False,,True,0.404018576976,0.338438734653,False,False,False,0.0924401197605,0.146706586826,潜力词,潜力词,常规CRITIC+一维KMeans
556,4828,495403620,9628223555,11.05,8,22,1.38125,2.75,0.5,0.5,199,0.553517964072,0.670658682635,0.504491017964,0.832709580838,0.817739520958,0.773577844311,0.612088295857,0.720411067041,高,高,重点词,False,False,,True,0.115629594903,0.229143526034,False,False,False,0.612088323353,0.732129491018,重点词,重点词,常规CRITIC+一维KMeans
557,4832,495403620,9628223555,0,0,0,,,,,,,,,,,,,,,,无效词,True,False,,False,,,False,False,False,,,无效词,无效词,结构性无成本无效益，先行归为无效词
558,4854,495403620,9628223555,0,0,0,,,,,,,,,,,,,,,,无效词,True,False,,False,,,False,False,False,,,无效词,无效词,结构性无成本无效益，先行归为无效词
559,4865,495403620,9628223555,61.99,63,65,0.983968253968,1.03174603175,0.84,0.16,64,0.800898203593,0.414670658683,0.840194610778,0.505988023952,0.473428143713,0.40494011976,0.607784521797,0.572144874113,高,高,重点词,False,False,,True,0.111325820844,0.0808773331063,False,False,False,0.607784431138,0.556137724551,重点词,重点词,常规CRITIC+一维KMeans
560,4888,495403620,9628223555,33.02,26,57,1.27,2.19230769231,0.7083,0.2917,202,0.731661676647,0.603293413174,0.729041916168,0.773952095808,0.644461077844,0.777694610778,0.667477575042,0.726243688252,高,高,重点词,False,False,,True,0.171018874089,0.234976147246,False,False,False,0.66747754491,0.73128742515,重点词,重点词,常规CRITIC+一维KMeans
561,4914,495403620,9628223555,2.05,2,2,1.025,1,1,0,92,0.229790419162,0.452844311377,0.211826347305,0.40119760479,0.171407185629,0.516092814371,0.341317312912,0.308239657643,低,低,潜力词,False,False,,True,0.155141388042,0.183027883363,False,False,False,0.341317365269,0.325130988024,潜力词,潜力词,常规CRITIC+一维KMeans
562,4927,495403620,9628223555,22.07,17,23,1.29823529412,1.35294117647,0.8,0.2,61,0.677395209581,0.625,0.657934131737,0.596556886228,0.529565868263,0.377994011976,0.651197617089,0.548465186267,高,高,重点词,False,False,,True,0.154738916136,0.0571976452609,False,False,False,0.65119760479,0.540512724551,重点词,重点词,常规CRITIC+一维KMeans
563,4931,495403620,9628223555,0.81,2,1,0.405,0.5,1,0,1,0.0744760479042,0.061377245509,0.211826347305,0.109281437126,0.171407185629,0.0737275449102,0.0679266497813,0.148349365283,低,低,潜力词,False,False,,True,0.428532051172,0.342918175724,False,False,False,0.0679266467066,0.141560628743,潜力词,潜力词,常规CRITIC+一维KMeans
564,4935,495403620,9628223555,10.31,11,8,0.937272727273,0.727272727273,1,0,33,0.541167664671,0.376497005988,0.567739520958,0.185628742515,0.171407185629,0.253368263473,0.458832373983,0.307454916734,低,低,潜力词,False,False,,True,0.0376263269709,0.183812624272,False,False,False,0.458832335329,0.294535928144,潜力词,潜力词,常规CRITIC+一维KMeans
565,4949,495403620,9628223555,21.56,17,16,1.26823529412,0.941176470588,0.9286,0.0714,59,0.674401197605,0.599550898204,0.657934131737,0.288173652695,0.375374251497,0.366766467066,0.636976065474,0.436563139502,高,低,问题词,False,False,,True,0.14051736452,0.0547044015045,False,False,False,0.636976047904,0.422062125749,问题词,问题词,常规CRITIC+一维KMeans
566,4960,495403620,9628223555,10.94,15,15,0.729333333333,1,0.7273,0.2727,46,0.551646706587,0.200598802395,0.630988023952,0.40119760479,0.621631736527,0.312874251497,0.376122836893,0.509114040103,低,高,黄金词,False,False,,True,0.120335864061,0.0178464990962,False,False,False,0.376122754491,0.491672904192,潜力词,黄金词,常规CRITIC+一维KMeans
567,5031,495403620,9628223555,0,0,0,,,,,,,,,,,,,,,,无效词,True,False,,False,,,False,False,False,,,无效词,无效词,结构性无成本无效益，先行归为无效词
568,5035,495403620,9628223555,66.79,41,39,1.62902439024,0.951219512195,0.9167,0.0833,104,0.805389221557,0.791167664671,0.791916167665,0.29004491018,0.388847305389,0.556137724551,0.798278446452,0.5207873981,高,高,重点词,False,False,,True,0.301819745498,0.0295198570936,False,False,False,0.798278443114,0.506736526946,重点词,重点词,常规CRITIC+一维KMeans
569,5038,495403620,9628223555,0,0,0,,,,,,,,,,,,,,,,无效词,True,False,,False,,,False,False,False,,,无效词,无效词,结构性无成本无效益，先行归为无效词
570,5064,495403620,9628223555,1.33,3,3,0.443333333333,1,1,0,43,0.143338323353,0.0703592814371,0.294161676647,0.40119760479,0.171407185629,0.294535928144,0.106848819526,0.283938276964,低,低,潜力词,False,False,,True,0.389609881428,0.207329264042,False,False,False,0.106848802395,0.290325598802,潜力词,潜力词,常规CRITIC+一维KMeans
571,5111,495403620,9628223555,0,0,0,,,,,,,,,,,,,,,,无效词,True,False,,False,,,False,False,False,,,无效词,无效词,结构性无成本无效益，先行归为无效词
572,5126,495403620,9628223555,10.69,12,8,0.890833333333,0.666666666667,1,0,21,0.547155688623,0.336826347305,0.585703592814,0.161676646707,0.171407185629,0.208083832335,0.441991067335,0.297597328337,低,低,潜力词,False,False,,True,0.0544676336187,0.19367021267,False,False,False,0.441991017964,0.281717814371,潜力词,潜力词,常规CRITIC+一维KMeans
573,5163,495403620,9628223555,2.85,4,3,0.7125,0.75,1,0,3,0.284056886228,0.189371257485,0.354416167665,0.197604790419,0.171407185629,0.112275449102,0.236714094082,0.217402352454,低,低,潜力词,False,False,,True,0.259744606872,0.273865188552,False,False,False,0.236714071856,0.208925898204,潜力词,潜力词,常规CRITIC+一维KMeans
574,5197,495403620,9628223555,0,0,0,,,,,,,,,,,,,,,,无效词,True,False,,False,,,False,False,False,,,无效词,无效词,结构性无成本无效益，先行归为无效词
575,5199,495403620,9628223555,0,0,0,,,,,,,,,,,,,,,,无效词,True,False,,False,,,False,False,False,,,无效词,无效词,结构性无成本无效益，先行归为无效词
576,5229,495403620,9628223555,28.35,51,38,0.555882352941,0.745098039216,1,0,54,0.714820359281,0.107035928144,0.821107784431,0.190119760479,0.171407185629,0.345434131737,0.410928286379,0.402058009581,低,低,潜力词,False,False,,True,0.0855304145751,0.0892095314254,False,False,False,0.410928143713,0.382017215569,潜力词,潜力词,常规CRITIC+一维KMeans
577,5249,495403620,9628223555,371.71,111,99,3.34873873874,0.891891891892,0.9457,0.0543,71,0.904191616766,0.939371257485,0.881736526946,0.27245508982,0.361526946108,0.431137724551,0.921781428868,0.508353487364,高,高,重点词,False,False,,True,0.425322727914,0.0170859463574,False,False,False,0.921781437126,0.486714071856,问题词,重点词,常规CRITIC+一维KMeans
578,5259,495403620,9628223555,0,0,0,,,,,,,,,,,,,,,,无效词,True,False,,False,,,False,False,False,,,无效词,无效词,结构性无成本无效益，先行归为无效词
579,5306,495403620,9628223555,13.59,17,10,0.799411764706,0.588235294118,0.8889,0.1111,66,0.589820359281,0.245508982036,0.657934131737,0.135479041916,0.42252994012,0.413922155689,0.417664751479,0.426465497113,低,低,潜力词,False,False,,True,0.0787939494743,0.0648020438939,False,False,False,0.417664670659,0.407466317365,潜力词,潜力词,常规CRITIC+一维KMeans
580,5313,495403620,9628223555,11.64,18,32,0.646666666667,1.77777777778,0.7857,0.2143,171,0.562874251497,0.148203592814,0.670658682635,0.688248502994,0.549775449102,0.72380239521,0.355539019492,0.652936894144,低,高,黄金词,False,False,,True,0.140919681462,0.161669353137,False,False,False,0.355538922156,0.658121257485,黄金词,黄金词,常规CRITIC+一维KMeans
581,5314,495403620,9628223555,0.29,1,1,0.29,1,1,0,0,0.0202095808383,0.0351796407186,0.0815868263473,0.40119760479,0.171407185629,0.0310628742515,0.0276946072645,0.164860620974,低,低,潜力词,False,False,,True,0.468764093689,0.326406920033,False,False,False,0.0276946107784,0.171313622754,潜力词,潜力词,常规CRITIC+一维KMeans
582,5395,495403620,9628223555,1.19,1,0,1.19,0,0,1,0,0.122380239521,0.556511976048,0.0815868263473,0.0265718562874,0.953967065868,0.0310628742515,0.33944600588,0.297623280957,低,低,潜力词,False,False,,True,0.157012695073,0.193644260049,False,False,False,0.339446107784,0.273297155689,潜力词,潜力词,常规CRITIC+一维KMeans
583,5406,495403620,9628223555,6.44,8,5,0.805,0.625,1,0,77,0.456961077844,0.252619760479,0.504491017964,0.145583832335,0.171407185629,0.459206586826,0.354790467127,0.325151487578,低,低,潜力词,False,False,,True,0.141668233827,0.166116053429,False,False,False,0.354790419162,0.320172155689,潜力词,潜力词,常规CRITIC+一维KMeans
584,5436,495403620,9628223555,17.1,13,31,1.31538461538,2.38461538462,0.4545,0.5455,297,0.631736526946,0.634730538922,0.605164670659,0.791167664671,0.850673652695,0.868263473054,0.633233532231,0.7702259405,高,高,重点词,False,False,,True,0.136774831278,0.278958399493,False,False,False,0.633233532934,0.778817365269,重点词,重点词,常规CRITIC+一维KMeans
585,5438,495403620,9628223555,0,0,0,,,,,,,,,,,,,,,,无效词,True,False,,False,,,False,False,False,,,无效词,无效词,结构性无成本无效益，先行归为无效词
586,5455,495403620,9628223555,0,0,0,,,,,,,,,,,,,,,,无效词,True,False,,False,,,False,False,False,,,无效词,无效词,结构性无成本无效益，先行归为无效词
587,5460,495403620,9628223555,0,0,0,,,,,,,,,,,,,,,,无效词,True,False,,False,,,False,False,False,,,无效词,无效词,结构性无成本无效益，先行归为无效词
588,5467,495403620,9628223555,9.29,9,7,1.03222222222,0.777777777778,1,0,36,0.523203592814,0.458083832335,0.53255988024,0.213323353293,0.171407185629,0.263473053892,0.49064372786,0.305472276967,低,低,潜力词,False,False,,True,0.00581497309313,0.185795264039,True,False,True,0.490643712575,0.295190868263,潜力词,潜力词,常规CRITIC+一维KMeans
589,5486,495403620,9628223555,0,0,0,,,,,,,,,,,,,,,,无效词,True,False,,False,,,False,False,False,,,无效词,无效词,结构性无成本无效益，先行归为无效词
590,5495,495403620,9628223555,1.56,9,18,0.173333333333,2,0.625,0.375,174,0.173278443114,0.0202095808383,0.53255988024,0.744011976048,0.73128742515,0.73128742515,0.0967440479061,0.676341775057,低,高,黄金词,False,False,,True,0.399714653048,0.185074234051,False,False,False,0.096744011976,0.684786676647,黄金词,黄金词,常规CRITIC+一维KMeans
591,5501,495403620,9628223555,0,0,0,,,,,,,,,,,,,,,,无效词,True,False,,False,,,False,False,False,,,无效词,无效词,结构性无成本无效益，先行归为无效词
592,5508,495403620,9628223555,1.4,1,0,1.4,0,0,1,0,0.152320359281,0.680763473054,0.0815868263473,0.0265718562874,0.953967065868,0.0310628742515,0.416541792126,0.297623280957,低,低,潜力词,False,False,,True,0.079916908828,0.193644260049,False,False,False,0.416541916168,0.273297155689,潜力词,潜力词,常规CRITIC+一维KMeans
593,5534,495403620,9628223555,0.1,1,0,0.1,0,0,1,0,0.00112275449102,0.00112275449102,0.0815868263473,0.0265718562874,0.953967065868,0.0310628742515,0.00112275449102,0.297623280957,低,低,潜力词,False,False,,True,0.495335946463,0.193644260049,False,False,False,0.00112275449102,0.273297155689,潜力词,潜力词,常规CRITIC+一维KMeans
594,5546,495403620,9628223555,0,0,0,,,,,,,,,,,,,,,,无效词,True,False,,False,,,False,False,False,,,无效词,无效词,结构性无成本无效益，先行归为无效词
595,5549,495403620,9628223555,3.05,3,3,1.01666666667,1,1,0,2,0.300898203593,0.446856287425,0.294161676647,0.40119760479,0.171407185629,0.0943113772455,0.373877211248,0.240365531999,低,低,潜力词,False,False,,True,0.122581489706,0.250902009007,False,False,False,0.373877245509,0.240269461078,潜力词,潜力词,常规CRITIC+一维KMeans
596,5576,495403620,9628223555,0,0,0,,,,,,,,,,,,,,,,无效词,True,False,,False,,,False,False,False,,,无效词,无效词,结构性无成本无效益，先行归为无效词
597,5588,495403620,9628223555,1.37,2,1,0.685,0.5,1,0,3,0.148577844311,0.175898203593,0.211826347305,0.109281437126,0.171407185629,0.112275449102,0.162238017539,0.156738136743,低,低,潜力词,False,False,,True,0.334220683414,0.334529404263,False,False,False,0.162238023952,0.15119760479,潜力词,潜力词,常规CRITIC+一维KMeans
598,5622,495403620,9628223555,0,0,0,,,,,,,,,,,,,,,,无效词,True,False,,False,,,False,False,False,,,无效词,无效词,结构性无成本无效益，先行归为无效词
599,5629,495403620,9628223555,1.1,1,0,1.1,0,0,1,0,0.113398203593,0.496631736527,0.0815868263473,0.0265718562874,0.953967065868,0.0310628742515,0.305014880103,0.297623280957,低,低,潜力词,False,False,,True,0.191443820851,0.193644260049,False,False,False,0.30501497006,0.273297155689,潜力词,潜力词,常规CRITIC+一维KMeans
600,5643,495403620,9628223555,5.44,3,3,1.81333333333,1,1,0,3,0.416916167665,0.836826347305,0.294161676647,0.40119760479,0.171407185629,0.112275449102,0.626871158919,0.244274862389,高,低,问题词,False,False,,True,0.130412457965,0.246992678618,False,False,False,0.626871257485,0.244760479042,问题词,问题词,常规CRITIC+一维KMeans
601,5655,495403620,9628223555,0,0,0,,,,,,,,,,,,,,,,无效词,True,False,,False,,,False,False,False,,,无效词,无效词,结构性无成本无效益，先行归为无效词
602,5661,495403620,9628223555,33.08,29,27,1.14068965517,0.931034482759,0.8947,0.1053,100,0.732784431138,0.528443113772,0.750374251497,0.285179640719,0.416167664671,0.545284431138,0.63061382042,0.512785039064,高,高,重点词,False,False,,True,0.134155119467,0.0215174980571,False,False,False,0.630613772455,0.499251497006,问题词,重点词,常规CRITIC+一维KMeans
603,5671,495403620,9628223555,0,0,0,,,,,,,,,,,,,,,,无效词,True,False,,False,,,False,False,False,,,无效词,无效词,结构性无成本无效益，先行归为无效词
604,5672,495403620,9628223555,0,0,0,,,,,,,,,,,,,,,,无效词,True,False,,False,,,False,False,False,,,无效词,无效词,结构性无成本无效益，先行归为无效词
605,5683,495403620,9628223555,0,0,0,,,,,,,,,,,,,,,,无效词,True,False,,False,,,False,False,False,,,无效词,无效词,结构性无成本无效益，先行归为无效词
606,5696,495403620,9628223555,54.85,41,39,1.33780487805,0.951219512195,0.9375,0.0625,76,0.789670658683,0.645209580838,0.791916167665,0.29004491018,0.369760479042,0.452844311377,0.71744015367,0.49307918209,高,高,重点词,False,False,,True,0.220981452716,0.00181164108402,False,True,True,0.71744011976,0.476141467066,问题词,问题词,常规CRITIC+一维KMeans
607,5702,495403620,9628223555,22.93,16,40,1.433125,2.5,0.8182,0.1818,77,0.684880239521,0.702844311377,0.644461077844,0.805763473054,0.507859281437,0.459206586826,0.693862271232,0.601874623503,高,高,重点词,False,False,,True,0.197403570279,0.110607082497,False,False,False,0.693862275449,0.60432260479,重点词,重点词,常规CRITIC+一维KMeans
608,5703,495403620,9628223555,2433.25,464,1009,5.24407327586,2.17456896552,0.7268,0.2732,229,0.955089820359,0.964071856287,0.931886227545,0.77245508982,0.623502994012,0.803892215569,0.959580836215,0.784790900696,高,高,重点词,False,False,,True,0.463122135261,0.29352335969,False,False,False,0.959580838323,0.782934131737,重点词,重点词,常规CRITIC+一维KMeans
609,5705,495403620,9628223555,134.41,26,101,5.16961538462,3.88461538462,0.56,0.44,209,0.859281437126,0.963323353293,0.729041916168,0.89371257485,0.77994011976,0.785179640719,0.911302370788,0.791093998908,高,高,重点词,False,False,,True,0.414843669834,0.299826457902,False,False,False,0.91130239521,0.796968562874,重点词,重点词,常规CRITIC+一维KMeans
610,5721,495403620,9628223555,20.77,18,25,1.15388888889,1.38888888889,0.9444,0.0556,150,0.670658682635,0.535928143713,0.670658682635,0.603293413174,0.363398203593,0.692739520958,0.603293444799,0.576595900285,高,高,重点词,False,False,,True,0.106834743845,0.0853283592789,False,False,False,0.603293413174,0.58252245509,重点词,重点词,常规CRITIC+一维KMeans
611,5767,495403620,9628223555,10.18,6,8,1.69666666667,1.33333333333,0.8571,0.1429,23,0.537425149701,0.809131736527,0.440119760479,0.590194610778,0.457709580838,0.215568862275,0.673278379336,0.428781298465,高,低,问题词,False,False,,True,0.176819678382,0.0624862425418,False,False,False,0.673278443114,0.425898203593,问题词,问题词,常规CRITIC+一维KMeans
612,5779,495403620,9628223555,15.29,14,9,1.09214285714,0.642857142857,1,0,19,0.617140718563,0.490269461078,0.619760479042,0.148952095808,0.171407185629,0.202844311377,0.553705119601,0.30357536882,高,低,问题词,False,False,,True,0.0572464186474,0.187692172186,False,False,False,0.55370508982,0.285741017964,问题词,问题词,常规CRITIC+一维KMeans
613,5795,495403620,9628223555,31.96,31,30,1.03096774194,0.967741935484,0.9231,0.0769,119,0.726796407186,0.457335329341,0.75748502994,0.295658682635,0.381362275449,0.589446107784,0.592065931514,0.517208385644,高,高,重点词,False,False,,True,0.0956072305608,0.0259408446375,False,False,False,0.592065868263,0.505988023952,重点词,重点词,常规CRITIC+一维KMeans
614,5862,495403620,9628223555,5.94,8,5,0.7425,0.625,1,0,33,0.439371257485,0.207335329341,0.504491017964,0.145583832335,0.171407185629,0.253368263473,0.323353347879,0.280357076867,低,低,潜力词,False,False,,True,0.173105353074,0.21091046414,False,False,False,0.323353293413,0.26871257485,潜力词,潜力词,常规CRITIC+一维KMeans
615,5888,495403620,9628223555,1.8,1,1,1.8,1,1,0,1,0.197604790419,0.833458083832,0.0815868263473,0.40119760479,0.171407185629,0.0737275449102,0.515531287871,0.174145280648,高,低,问题词,False,False,,True,0.0190725869175,0.317122260358,False,False,False,0.515531437126,0.181979790419,问题词,问题词,常规CRITIC+一维KMeans
616,5911,495403620,9628223555,29.26,17,100,1.72117647059,5.88235294118,0.4375,0.5625,335,0.719685628743,0.818113772455,0.657934131737,0.951347305389,0.855913173653,0.888098802395,0.768899677495,0.826215663325,高,高,重点词,False,False,,True,0.272440976541,0.334948122319,False,False,False,0.768899700599,0.838323353293,重点词,重点词,常规CRITIC+一维KMeans
617,5912,495403620,9628223555,2.7,4,36,0.675,9,0.25,0.75,315,0.271706586826,0.167290419162,0.354416167665,0.980913173653,0.896706586826,0.876122754491,0.219498527504,0.75307565793,低,高,黄金词,False,False,,True,0.27696017345,0.261808116924,False,False,False,0.219498502994,0.777039670659,黄金词,黄金词,常规CRITIC+一维KMeans
618,5917,495403620,9628223555,0,0,0,,,,,,,,,,,,,,,,无效词,True,False,,False,,,False,False,False,,,无效词,无效词,结构性无成本无效益，先行归为无效词
619,5921,495403620,9628223555,11.58,11,11,1.05272727273,1,0.8333,0.1667,44,0.561377245509,0.471556886228,0.567739520958,0.40119760479,0.487275449102,0.300898203593,0.516467086952,0.451325709886,高,低,问题词,False,False,,True,0.0200083859983,0.0399418311201,False,False,False,0.516467065868,0.439277694611,问题词,问题词,常规CRITIC+一维KMeans
620,5945,495403620,9628223555,0,0,0,,,,,,,,,,,,,,,,无效词,True,False,,False,,,False,False,False,,,无效词,无效词,结构性无成本无效益，先行归为无效词
621,5964,495403620,9628223555,1774.21,550,790,3.22583636364,1.43636363636,0.8364,0.1636,111,0.943862275449,0.937125748503,0.934880239521,0.611526946108,0.47754491018,0.572604790419,0.940494013557,0.660262824589,高,高,重点词,False,False,,True,0.444035312604,0.168995283583,False,False,False,0.940494011976,0.649139221557,重点词,重点词,常规CRITIC+一维KMeans
622,5987,495403620,9628223555,0,0,0,,,,,,,,,,,,,,,,无效词,True,False,,False,,,False,False,False,,,无效词,无效词,结构性无成本无效益，先行归为无效词
623,6017,495403620,9628223555,4.12,4,7,1.03,1.75,0.6667,0.3333,517,0.355538922156,0.455464071856,0.354416167665,0.680389221557,0.688622754491,0.945359281437,0.40550147355,0.645631247129,低,高,黄金词,False,False,,True,0.0909572274032,0.154363706122,False,False,False,0.405501497006,0.667196856287,黄金词,黄金词,常规CRITIC+一维KMeans
624,6027,495403620,9628223555,501.74,66,512,7.60212121212,7.75757575758,0.25,0.75,720,0.911676646707,0.984281437126,0.846182634731,0.97005988024,0.896706586826,0.979041916168,0.947979024874,0.915937364678,高,高,重点词,False,False,,True,0.45152032392,0.424669823672,False,False,False,0.947979041916,0.922997754491,重点词,重点词,常规CRITIC+一维KMeans
625,6028,495403620,9628223555,4.42,3,4,1.47333333333,1.33333333333,0.5,0.5,43,0.368637724551,0.726047904192,0.294161676647,0.590194610778,0.817739520958,0.294535928144,0.547342730476,0.502217581079,高,高,重点词,False,False,,True,0.0508840295223,0.0109500400723,False,True,True,0.547342814371,0.499157934132,问题词,问题词,常规CRITIC+一维KMeans
626,6039,495403620,9628223555,2.31,5,3,0.462,0.6,1,0,6,0.246631736527,0.0778443113772,0.400449101796,0.139221556886,0.171407185629,0.141467065868,0.162238063572,0.224400337019,低,低,潜力词,False,False,,True,0.334220637382,0.266867203987,False,False,False,0.162238023952,0.213136227545,潜力词,潜力词,常规CRITIC+一维KMeans
627,6093,495403620,9628223555,6.74,3,7,2.24666666667,2.33333333333,0.6667,0.3333,652,0.467065868263,0.894461077844,0.294161676647,0.787050898204,0.688622754491,0.967814371257,0.680763372731,0.656264310865,高,高,重点词,False,False,,True,0.184304671777,0.164996769858,False,False,False,0.680763473054,0.68441242515,重点词,重点词,常规CRITIC+一维KMeans
628,6106,495403620,9628223555,1.1,3,9,0.366666666667,3,0,1,47,0.113398203593,0.0538922155689,0.294161676647,0.852170658683,0.953967065868,0.316616766467,0.0836452235487,0.601445139576,低,高,黄金词,False,False,,True,0.412813477405,0.11017759857,False,False,False,0.0836452095808,0.604229041916,黄金词,黄金词,常规CRITIC+一维KMeans
629,6149,495403620,9628223555,60.82,89,25,0.683370786517,0.280898876404,0.9091,0.0909,171,0.799401197605,0.174401197605,0.864520958084,0.0688622754491,0.398577844311,0.72380239521,0.486901344312,0.532821383822,低,高,黄金词,False,False,,True,0.00955735664184,0.0415538428151,True,False,True,0.486901197605,0.513940868263,黄金词,黄金词,常规CRITIC+一维KMeans
630,6152,495403620,9628223555,7.16,9,8,0.795555555556,0.888888888889,1,0,33,0.476796407186,0.243263473054,0.53255988024,0.269835329341,0.171407185629,0.253368263473,0.360029994937,0.315590044982,低,低,潜力词,False,False,,True,0.136428706016,0.175677496024,False,False,False,0.36002994012,0.306792664671,潜力词,潜力词,常规CRITIC+一维KMeans
631,6157,495403620,9628223555,4.06,3,8,1.35333333333,2.66666666667,0.6667,0.3333,72,0.351796407186,0.65494011976,0.294161676647,0.822979041916,0.688622754491,0.436377245509,0.503368192316,0.548443813803,高,高,重点词,False,False,,True,0.00690949136215,0.057176272797,True,False,True,0.503368263473,0.560535179641,重点词,重点词,常规CRITIC+一维KMeans
632,6159,495403620,9628223555,43.15,13,43,3.31923076923,3.30769230769,0.75,0.25,41,0.767215568862,0.938622754491,0.605164670659,0.866766467066,0.591317365269,0.283682634731,0.852919121442,0.58842597091,高,高,重点词,False,False,,True,0.356460420488,0.0971584299037,False,False,False,0.852919161677,0.586732784431,重点词,重点词,常规CRITIC+一维KMeans
633,6162,495403620,9628223555,0,0,0,,,,,,,,,,,,,,,,无效词,True,False,,False,,,False,False,False,,,无效词,无效词,结构性无成本无效益，先行归为无效词
634,6164,495403620,9628223555,0.15,1,1,0.15,1,1,0,1,0.00898203592814,0.0108532934132,0.0815868263473,0.40119760479,0.171407185629,0.0737275449102,0.00991766423142,0.174145280648,低,低,潜力词,False,False,,True,0.486541036722,0.317122260358,False,False,False,0.00991766467066,0.181979790419,潜力词,潜力词,常规CRITIC+一维KMeans
635,6173,495403620,9628223555,0,0,0,,,,,,,,,,,,,,,,无效词,True,False,,False,,,False,False,False,,,无效词,无效词,结构性无成本无效益，先行归为无效词
636,6177,495403620,9628223555,0,0,0,,,,,,,,,,,,,,,,无效词,True,False,,False,,,False,False,False,,,无效词,无效词,结构性无成本无效益，先行归为无效词
637,6198,495403620,9628223555,0.27,2,2,0.135,1,1,0,120,0.0187125748503,0.00299401197605,0.211826347305,0.40119760479,0.171407185629,0.615643712575,0.0108532971028,0.329903863551,低,低,潜力词,False,False,,True,0.485605403851,0.161363677456,False,False,False,0.0108532934132,0.350018712575,潜力词,潜力词,常规CRITIC+一维KMeans
638,6210,495403620,9628223555,1.06,4,3,0.265,0.75,1,0,41,0.109281437126,0.0318113772455,0.354416167665,0.197604790419,0.171407185629,0.283682634731,0.0705464253703,0.254703879919,低,低,潜力词,False,False,,True,0.425912275583,0.236563661087,False,False,False,0.0705464071856,0.251777694611,潜力词,潜力词,常规CRITIC+一维KMeans
639,6229,495403620,9628223555,19.34,17,68,1.13764705882,4,0.9333,0.0667,503,0.657185628743,0.525449101796,0.657934131737,0.898577844311,0.373502994012,0.942365269461,0.591317396192,0.694349288426,高,高,重点词,False,False,,True,0.0948586952385,0.203081747419,False,False,False,0.591317365269,0.71809505988,重点词,重点词,常规CRITIC+一维KMeans
640,6250,495403620,9628223555,0,0,0,,,,,,,,,,,,,,,,无效词,True,False,,False,,,False,False,False,,,无效词,无效词,结构性无成本无效益，先行归为无效词
641,6261,495403620,9628223555,18916.77,16391,13078,1.15409493014,0.797876883656,0.8917,0.1083,106,0.986526946108,0.536676646707,0.989520958084,0.216317365269,0.417664670659,0.562125748503,0.761601902001,0.571310099929,高,高,重点词,False,False,,True,0.265143201047,0.0800425589223,False,False,False,0.761601796407,0.546407185629,重点词,重点词,常规CRITIC+一维KMeans
642,6281,495403620,9628223555,0,0,0,,,,,,,,,,,,,,,,无效词,True,False,,False,,,False,False,False,,,无效词,无效词,结构性无成本无效益，先行归为无效词
643,6294,495403620,9628223555,0,0,0,,,,,,,,,,,,,,,,无效词,True,False,,False,,,False,False,False,,,无效词,无效词,结构性无成本无效益，先行归为无效词
644,6298,495403620,9628223555,1983.14,693,1366,2.86167388167,1.97113997114,0.7867,0.2133,202,0.947604790419,0.925898203593,0.941616766467,0.729790419162,0.547904191617,0.777694610778,0.936751502101,0.751904022915,高,高,重点词,False,False,,True,0.440292801148,0.260636481909,False,False,False,0.936751497006,0.749251497006,重点词,重点词,常规CRITIC+一维KMeans
645,6343,495403620,9628223555,0,0,0,,,,,,,,,,,,,,,,无效词,True,False,,False,,,False,False,False,,,无效词,无效词,结构性无成本无效益，先行归为无效词
646,6360,495403620,9628223555,10735.93,5191,13273,2.06818146793,2.55692544789,0.6879,0.3121,230,0.98128742515,0.880988023952,0.979790419162,0.812125748503,0.660179640719,0.806137724551,0.931137748094,0.817888166359,高,高,重点词,False,False,,True,0.434679047141,0.326620625353,False,False,False,0.931137724551,0.814558383234,重点词,重点词,常规CRITIC+一维KMeans
647,6366,495403620,9628223555,8.41,9,8,0.934444444444,0.888888888889,1,0,32,0.50748502994,0.374251497006,0.53255988024,0.269835329341,0.171407185629,0.247005988024,0.440868294747,0.314205490469,低,低,潜力词,False,False,,True,0.0555904062065,0.177062050537,False,False,False,0.440868263473,0.305202095808,潜力词,潜力词,常规CRITIC+一维KMeans
648,6372,495403620,9628223555,8.06,12,8,0.671666666667,0.666666666667,1,0,76,0.500374251497,0.166167664671,0.585703592814,0.161676646707,0.171407185629,0.452844311377,0.333271036533,0.350861954891,低,低,潜力词,False,False,,True,0.163187664421,0.140405586115,False,False,False,0.333270958084,0.342907934132,潜力词,潜力词,常规CRITIC+一维KMeans
649,6377,495403620,9628223555,20.2,24,370,0.841666666667,15.4166666667,0.08,0.92,761,0.666916167665,0.294161676647,0.715194610778,0.993263473054,0.907185628743,0.982035928144,0.480539009653,0.886472756116,低,高,黄金词,False,False,,True,0.0159196913008,0.395205215109,True,False,True,0.480538922156,0.89941991018,黄金词,黄金词,常规CRITIC+一维KMeans
650,6383,495403620,9628223555,4.85,6,5,0.808333333333,0.833333333333,1,0,2,0.390718562874,0.255988023952,0.440119760479,0.244386227545,0.171407185629,0.0943113772455,0.323353325039,0.248581002316,低,低,潜力词,False,False,,True,0.173105375915,0.242686538691,False,False,False,0.323353293413,0.237556137725,潜力词,潜力词,常规CRITIC+一维KMeans
651,6440,495403620,9628223555,2.62,3,3,0.873333333333,1,1,0,453,0.266467065868,0.321856287425,0.294161676647,0.40119760479,0.171407185629,0.933383233533,0.294161663645,0.422963838935,低,低,潜力词,False,False,,True,0.202297037308,0.0683037020716,False,False,False,0.294161676647,0.45003742515,潜力词,潜力词,常规CRITIC+一维KMeans
652,6447,495403620,9628223555,0,0,0,,,,,,,,,,,,,,,,无效词,True,False,,False,,,False,False,False,,,无效词,无效词,结构性无成本无效益，先行归为无效词
653,6451,495403620,9628223555,0,0,0,,,,,,,,,,,,,,,,无效词,True,False,,False,,,False,False,False,,,无效词,无效词,结构性无成本无效益，先行归为无效词
654,6474,495403620,9628223555,120.04,56,136,2.14357142857,2.42857142857,0.5366,0.4634,265,0.843562874251,0.885479041916,0.830838323353,0.794535928144,0.787425149701,0.844311377246,0.864520948245,0.813963526446,高,高,重点词,False,False,,True,0.368062247291,0.32269598544,False,False,False,0.864520958084,0.814277694611,重点词,重点词,常规CRITIC+一维KMeans
655,6500,495403620,9628223555,116.38,82,350,1.41926829268,4.26829268293,0.4595,0.5405,252,0.841317365269,0.695359281437,0.86002994012,0.904191616766,0.849550898204,0.829715568862,0.768338357614,0.860186833382,高,高,重点词,False,False,,True,0.271879656661,0.368919292376,False,False,False,0.768338323353,0.860872005988,重点词,重点词,常规CRITIC+一维KMeans
656,6504,495403620,9628223555,36.72,26,52,1.41230769231,2,0.7619,0.2381,134,0.747005988024,0.690868263473,0.729041916168,0.744011976048,0.567739520958,0.667664670659,0.718937138926,0.674752794888,高,高,重点词,False,False,,True,0.222478437972,0.183485253882,False,False,False,0.718937125749,0.677114520958,重点词,重点词,常规CRITIC+一维KMeans
657,6538,495403620,9628223555,22.9,20,102,1.145,5.1,0.7222,0.2778,345,0.684131736527,0.531437125749,0.68375748503,0.934131736527,0.626497005988,0.894461077844,0.60778446698,0.768490958638,高,高,重点词,False,False,,True,0.111325766026,0.277223417632,False,False,False,0.607784431138,0.784711826347,重点词,重点词,常规CRITIC+一维KMeans
658,6542,495403620,9628223555,7.58,10,7,0.758,0.7,1,0,28,0.489895209581,0.221556886228,0.55127245509,0.177020958084,0.171407185629,0.233158682635,0.355726110892,0.296398117472,低,低,潜力词,False,False,,True,0.140732590062,0.194869423535,False,False,False,0.355726047904,0.283214820359,潜力词,潜力词,常规CRITIC+一维KMeans
659,6560,495403620,9628223555,4.72,2,4,2.36,2,0.5,0.5,527,0.384730538922,0.898952095808,0.211826347305,0.744011976048,0.817739520958,0.949101796407,0.641841196661,0.654274556551,高,高,重点词,False,False,,True,0.145382495708,0.163007015545,False,False,False,0.641841317365,0.68066991018,重点词,重点词,常规CRITIC+一维KMeans
660,6574,495403620,9628223555,56.31,43,187,1.30953488372,4.3488372093,0.6216,0.3784,267,0.791916167665,0.63248502994,0.797904191617,0.906437125749,0.734655688623,0.845808383234,0.712200636226,0.814654442449,高,高,重点词,False,False,,True,0.215741935272,0.323386901442,False,False,False,0.712200598802,0.821201347305,重点词,重点词,常规CRITIC+一维KMeans
661,6617,495403620,9628223555,318.27,238,301,1.33726890756,1.26470588235,0.858,0.142,99,0.900449101796,0.644461077844,0.912799401198,0.571856287425,0.451347305389,0.542290419162,0.772455149909,0.631428568682,高,高,重点词,False,False,,True,0.275996448955,0.140161027675,False,False,False,0.77245508982,0.619573353293,重点词,重点词,常规CRITIC+一维KMeans
662,6649,495403620,9628223555,0,0,0,,,,,,,,,,,,,,,,无效词,True,False,,False,,,False,False,False,,,无效词,无效词,结构性无成本无效益，先行归为无效词
663,15,495817671,9630806627,0,0,0,,,,,,,,,,,,,,,,无效词,True,False,,False,,,False,False,False,,,无效词,无效词,结构性无成本无效益，先行归为无效词
664,59,495817671,9630806627,0,0,0,,,,,,,,,,,,,,,,无效词,True,False,,False,,,False,False,False,,,无效词,无效词,结构性无成本无效益，先行归为无效词
665,64,495817671,9630806627,6.47,13,10,0.497692307692,0.769230769231,1,0,25,0.458083832335,0.0898203592814,0.605164670659,0.208832335329,0.171407185629,0.223053892216,0.273952182251,0.316784997993,低,低,潜力词,False,False,,True,0.222506518702,0.174482543013,False,False,False,0.273952095808,0.302114520958,潜力词,潜力词,常规CRITIC+一维KMeans
666,65,495817671,9630806627,0,0,0,,,,,,,,,,,,,,,,无效词,True,False,,False,,,False,False,False,,,无效词,无效词,结构性无成本无效益，先行归为无效词
667,108,495817671,9630806627,2.28,2,3,1.14,1.5,0.5,0.5,6,0.244760479042,0.526946107784,0.211826347305,0.630613772455,0.817739520958,0.141467065868,0.385853227175,0.45380247709,低,低,潜力词,False,False,,True,0.110605473778,0.0374650639165,False,False,False,0.385853293413,0.450411676647,潜力词,潜力词,常规CRITIC+一维KMeans
668,110,495817671,9630806627,2838.16,1511,3464,1.87833223031,2.29252150893,0.2866,0.7134,448,0.960329341317,0.848053892216,0.958083832335,0.782934131737,0.890718562874,0.931886227545,0.904191643121,0.895751613883,高,高,重点词,False,False,,True,0.407732942167,0.404484072877,False,False,False,0.904191616766,0.890905688623,重点词,重点词,常规CRITIC+一维KMeans
669,114,495817671,9630806627,5.49,6,6,0.915,1,1,0,64,0.420284431138,0.355538922156,0.440119760479,0.40119760479,0.171407185629,0.40494011976,0.387911691844,0.350356827745,低,低,潜力词,False,False,,True,0.108547009109,0.140910713262,False,False,False,0.387911676647,0.354416167665,潜力词,潜力词,常规CRITIC+一维KMeans
670,127,495817671,9630806627,0,0,0,,,,,,,,,,,,,,,,无效词,True,False,,False,,,False,False,False,,,无效词,无效词,结构性无成本无效益，先行归为无效词
671,136,495817671,9630806627,20.16,35,42,0.576,1.2,0.7931,0.2069,118,0.665419161677,0.11377245509,0.769461077844,0.552020958084,0.542664670659,0.585329341317,0.389595937872,0.619859887508,低,高,黄金词,False,False,,True,0.106862763082,0.128592346502,False,False,False,0.389595808383,0.612369011976,黄金词,黄金词,常规CRITIC+一维KMeans
672,155,495817671,9630806627,0,0,0,,,,,,,,,,,,,,,,无效词,True,False,,False,,,False,False,False,,,无效词,无效词,结构性无成本无效益，先行归为无效词
673,216,495817671,9630806627,0,0,0,,,,,,,,,,,,,,,,无效词,True,False,,False,,,False,False,False,,,无效词,无效词,结构性无成本无效益，先行归为无效词
674,221,495817671,9630806627,0,0,0,,,,,,,,,,,,,,,,无效词,True,False,,False,,,False,False,False,,,无效词,无效词,结构性无成本无效益，先行归为无效词
675,231,495817671,9630806627,0,0,0,,,,,,,,,,,,,,,,无效词,True,False,,False,,,False,False,False,,,无效词,无效词,结构性无成本无效益，先行归为无效词
676,235,495817671,9630806627,123.8,96,181,1.28958333333,1.88541666667,0.7952,0.2048,196,0.849550898204,0.616766467066,0.870508982036,0.714071856287,0.541167664671,0.767215568862,0.733158737276,0.723699259539,高,高,重点词,False,False,,True,0.236700036323,0.232431718533,False,False,False,0.733158682635,0.723241017964,重点词,重点词,常规CRITIC+一维KMeans
677,243,495817671,9630806627,12.22,11,60,1.11090909091,5.45454545455,0.3333,0.6667,226,0.570733532934,0.504491017964,0.567739520958,0.945359281437,0.883607784431,0.799775449102,0.537612290998,0.787081334278,高,高,重点词,False,False,,True,0.0411535900447,0.295813793272,False,False,False,0.537612275449,0.799120508982,重点词,重点词,常规CRITIC+一维KMeans
678,292,495817671,9630806627,0.96,1,1,0.96,1,1,0,1,0.0991766467066,0.396332335329,0.0815868263473,0.40119760479,0.171407185629,0.0737275449102,0.247754421266,0.174145280648,低,低,潜力词,False,False,,True,0.248704279687,0.317122260358,False,False,False,0.247754491018,0.181979790419,潜力词,潜力词,常规CRITIC+一维KMeans
679,299,495817671,9630806627,121.03,97,200,1.24773195876,2.0618556701,0.7143,0.2857,231,0.84505988024,0.585329341317,0.872005988024,0.760479041916,0.636976047904,0.807634730539,0.715194671745,0.769294849875,高,高,重点词,False,False,,True,0.218735970792,0.278027308869,False,False,False,0.715194610778,0.769273952096,重点词,重点词,常规CRITIC+一维KMeans
680,308,495817671,9630806627,83,85,147,0.976470588235,1.72941176471,0.7167,0.2833,196,0.816616766467,0.409431137725,0.862275449102,0.676646706587,0.631736526946,0.767215568862,0.613024047675,0.737965895871,高,高,重点词,False,False,,True,0.116565346721,0.246698354865,False,False,False,0.613023952096,0.734468562874,重点词,重点词,常规CRITIC+一维KMeans
681,314,495817671,9630806627,0,0,0,,,,,,,,,,,,,,,,无效词,True,False,,False,,,False,False,False,,,无效词,无效词,结构性无成本无效益，先行归为无效词
682,316,495817671,9630806627,49.94,43,32,1.16139534884,0.744186046512,1,0,94,0.781437125749,0.543413173653,0.797904191617,0.189371257485,0.171407185629,0.52245508982,0.662425205572,0.433678753016,高,低,问题词,False,False,,True,0.165966504619,0.0575887879902,False,False,False,0.662425149701,0.420284431138,问题词,问题词,常规CRITIC+一维KMeans
683,348,495817671,9630806627,0,0,0,,,,,,,,,,,,,,,,无效词,True,False,,False,,,False,False,False,,,无效词,无效词,结构性无成本无效益，先行归为无效词
684,353,495817671,9630806627,2953.6,2626,2546,1.12475247525,0.96953541508,0.8257,0.1743,148,0.963323353293,0.517215568862,0.97005988024,0.296407185629,0.500748502994,0.688997005988,0.740269565793,0.633486962131,高,高,重点词,False,False,,True,0.24381086484,0.142219421125,False,False,False,0.740269461078,0.614053143713,重点词,重点词,常规CRITIC+一维KMeans
685,370,495817671,9630806627,3.46,8,31,0.4325,3.875,0.1429,0.8571,236,0.317365269461,0.0673652694611,0.504491017964,0.892215568862,0.901946107784,0.812874251497,0.192365328144,0.76500365344,低,高,黄金词,False,False,,True,0.30409337281,0.273736112434,False,False,False,0.192365269461,0.777881736527,黄金词,黄金词,常规CRITIC+一维KMeans
686,381,495817671,9630806627,0.31,1,1,0.31,1,1,0,3,0.0235778443114,0.0396706586826,0.0815868263473,0.40119760479,0.171407185629,0.112275449102,0.0316242477195,0.182534052109,低,低,潜力词,False,False,,True,0.464834453234,0.308733488898,False,False,False,0.031624251497,0.191616766467,潜力词,潜力词,常规CRITIC+一维KMeans
687,391,495817671,9630806627,11.9,8,13,1.4875,1.625,0.6667,0.3333,245,0.565119760479,0.733532934132,0.504491017964,0.655314371257,0.688622754491,0.821856287425,0.649326307774,0.656877687899,高,高,重点词,False,False,,True,0.15286760682,0.165610146893,False,False,False,0.649326347305,0.667571107784,重点词,重点词,常规CRITIC+一维KMeans
688,393,495817671,9630806627,0,0,0,,,,,,,,,,,,,,,,无效词,True,False,,False,,,False,False,False,,,无效词,无效词,结构性无成本无效益，先行归为无效词
689,417,495817671,9630806627,0,0,0,,,,,,,,,,,,,,,,无效词,True,False,,False,,,False,False,False,,,无效词,无效词,结构性无成本无效益，先行归为无效词
690,441,495817671,9630806627,0,0,0,,,,,,,,,,,,,,,,无效词,True,False,,False,,,False,False,False,,,无效词,无效词,结构性无成本无效益，先行归为无效词
691,444,495817671,9630806627,241.33,194,925,1.24396907216,4.76804123711,0.1414,0.8586,551,0.890718562874,0.583832335329,0.907185628743,0.919910179641,0.902694610778,0.951347305389,0.737275521138,0.918338891399,高,高,重点词,False,False,,True,0.240816820184,0.427071350392,False,False,False,0.737275449102,0.920284431138,重点词,重点词,常规CRITIC+一维KMeans
692,445,495817671,9630806627,8.59,8,9,1.07375,1.125,0.8571,0.1429,132,0.511976047904,0.478293413174,0.504491017964,0.534805389222,0.457709580838,0.664296407186,0.495134738445,0.533057212283,低,高,黄金词,False,False,,True,0.00132396250834,0.0417896712765,True,False,True,0.495134730539,0.540325598802,黄金词,黄金词,常规CRITIC+一维KMeans
693,456,495817671,9630806627,26.44,31,39,0.852903225806,1.25806451613,0.7727,0.2273,76,0.705089820359,0.306137724551,0.75748502994,0.570359281437,0.558383233533,0.452844311377,0.505613866102,0.595853753481,高,高,重点词,False,False,,True,0.00915516514797,0.104586212474,True,False,True,0.505613772455,0.584767964072,重点词,重点词,常规CRITIC+一维KMeans
694,505,495817671,9630806627,128.05,108,155,1.18564814815,1.43518518519,0.7722,0.2278,100,0.85628742515,0.555389221557,0.878368263473,0.610778443114,0.559131736527,0.545284431138,0.705838393983,0.660094590882,高,高,重点词,False,False,,True,0.20937969303,0.168827049875,False,False,False,0.705838323353,0.648390718563,重点词,重点词,常规CRITIC+一维KMeans
695,513,495817671,9630806627,0,0,0,,,,,,,,,,,,,,,,无效词,True,False,,False,,,False,False,False,,,无效词,无效词,结构性无成本无效益，先行归为无效词
696,518,495817671,9630806627,1.57,3,11,0.523333333333,3.66666666667,0.5,0.5,156,0.174775449102,0.0980538922156,0.294161676647,0.882110778443,0.817739520958,0.703967065868,0.136414688668,0.654940767725,低,高,黄金词,False,False,,True,0.360044012286,0.163673226719,False,False,False,0.136414670659,0.674494760479,黄金词,黄金词,常规CRITIC+一维KMeans
697,530,495817671,9630806627,74.08,84,140,0.881904761905,1.66666666667,0.8169,0.1831,56,0.812874251497,0.331586826347,0.861526946108,0.663547904192,0.51122754491,0.355164670659,0.572230651895,0.61220530736,高,高,重点词,False,False,,True,0.0757719509417,0.120937766354,False,False,False,0.572230538922,0.597866766467,重点词,重点词,常规CRITIC+一维KMeans
698,533,495817671,9630806627,0,0,0,,,,,,,,,,,,,,,,无效词,True,False,,False,,,False,False,False,,,无效词,无效词,结构性无成本无效益，先行归为无效词
699,546,495817671,9630806627,0,0,0,,,,,,,,,,,,,,,,无效词,True,False,,False,,,False,False,False,,,无效词,无效词,结构性无成本无效益，先行归为无效词
700,560,495817671,9630806627,0,0,0,,,,,,,,,,,,,,,,无效词,True,False,,False,,,False,False,False,,,无效词,无效词,结构性无成本无效益，先行归为无效词
701,561,495817671,9630806627,0,0,0,,,,,,,,,,,,,,,,无效词,True,False,,False,,,False,False,False,,,无效词,无效词,结构性无成本无效益，先行归为无效词
702,567,495817671,9630806627,0,0,0,,,,,,,,,,,,,,,,无效词,True,False,,False,,,False,False,False,,,无效词,无效词,结构性无成本无效益，先行归为无效词
703,584,495817671,9630806627,0.24,1,1,0.24,1,1,0,13,0.0179640718563,0.0280688622754,0.0815868263473,0.40119760479,0.171407185629,0.183008982036,0.023016464694,0.197927040517,低,低,潜力词,False,False,,True,0.47344223626,0.29334050049,False,False,False,0.0230164670659,0.209300149701,潜力词,潜力词,常规CRITIC+一维KMeans
704,617,495817671,9630806627,5.13,6,5,0.855,0.833333333333,1,0,6,0.402694610778,0.308008982036,0.440119760479,0.244386227545,0.171407185629,0.141467065868,0.355351818633,0.258842994588,低,低,潜力词,False,False,,True,0.141106882321,0.232424546419,False,False,False,0.355351796407,0.24934505988,潜力词,潜力词,常规CRITIC+一维KMeans
705,625,495817671,9630806627,0,0,0,,,,,,,,,,,,,,,,无效词,True,False,,False,,,False,False,False,,,无效词,无效词,结构性无成本无效益，先行归为无效词
706,640,495817671,9630806627,0,0,0,,,,,,,,,,,,,,,,无效词,True,False,,False,,,False,False,False,,,无效词,无效词,结构性无成本无效益，先行归为无效词
707,643,495817671,9630806627,0,0,0,,,,,,,,,,,,,,,,无效词,True,False,,False,,,False,False,False,,,无效词,无效词,结构性无成本无效益，先行归为无效词
708,665,495817671,9630806627,0,0,0,,,,,,,,,,,,,,,,无效词,True,False,,False,,,False,False,False,,,无效词,无效词,结构性无成本无效益，先行归为无效词
709,677,495817671,9630806627,1.39,1,1,1.39,1,1,0,120,0.150823353293,0.674775449102,0.0815868263473,0.40119760479,0.171407185629,0.615643712575,0.41279927821,0.292076747393,低,低,潜力词,False,False,,True,0.0836594227439,0.199190793613,False,False,False,0.412799401198,0.317458832335,潜力词,潜力词,常规CRITIC+一维KMeans
710,679,495817671,9630806627,200.65,252,174,0.79623015873,0.690476190476,0.925,0.075,85,0.88248502994,0.244760479042,0.915419161677,0.174401197605,0.377994011976,0.490269461078,0.563622904185,0.514145544276,高,高,重点词,False,False,,True,0.0671642032312,0.0228780032697,False,False,False,0.563622754491,0.489520958084,问题词,重点词,常规CRITIC+一维KMeans
711,680,495817671,9630806627,0,0,0,,,,,,,,,,,,,,,,无效词,True,False,,False,,,False,False,False,,,无效词,无效词,结构性无成本无效益，先行归为无效词
712,714,495817671,9630806627,5.76,12,7,0.48,0.583333333333,1,0,39,0.431137724551,0.0808383233533,0.585703592814,0.133982035928,0.171407185629,0.273952095808,0.255988106178,0.305895508568,低,低,潜力词,False,False,,True,0.240470594775,0.185372032438,False,False,False,0.255988023952,0.291261227545,潜力词,潜力词,常规CRITIC+一维KMeans
713,735,495817671,9630806627,18.17,21,22,0.865238095238,1.04761904762,0.8333,0.1667,87,0.642964071856,0.315868263473,0.692739520958,0.51122754491,0.487275449102,0.501497005988,0.479416244444,0.555266223661,低,高,黄金词,False,False,,True,0.0170424565094,0.0639986826548,False,False,False,0.479416167665,0.54818488024,黄金词,黄金词,常规CRITIC+一维KMeans
714,763,495817671,9630806627,0,0,0,,,,,,,,,,,,,,,,无效词,True,False,,False,,,False,False,False,,,无效词,无效词,结构性无成本无效益，先行归为无效词
715,794,495817671,9630806627,0,0,0,,,,,,,,,,,,,,,,无效词,True,False,,False,,,False,False,False,,,无效词,无效词,结构性无成本无效益，先行归为无效词
716,798,495817671,9630806627,0.89,2,2,0.445,1,1,0,98,0.0857035928144,0.0722305389222,0.211826347305,0.40119760479,0.171407185629,0.539296407186,0.0789670690308,0.313289209396,低,低,潜力词,False,False,,True,0.417491631923,0.17797833161,False,False,False,0.0789670658683,0.330931886228,潜力词,潜力词,常规CRITIC+一维KMeans
717,815,495817671,9630806627,2298.65,2510,2693,0.915796812749,1.07290836653,0.7592,0.2408,154,0.952844311377,0.35628742515,0.968562874251,0.517964071856,0.568862275449,0.701347305389,0.654566008294,0.702690455653,高,高,重点词,False,False,,True,0.15810730734,0.211422914646,False,False,False,0.654565868263,0.689184131737,重点词,重点词,常规CRITIC+一维KMeans
718,847,495817671,9630806627,19.53,16,39,1.220625,2.4375,0.5833,0.4167,184,0.658682634731,0.572604790419,0.644461077844,0.795658682635,0.759356287425,0.744386227545,0.61564373278,0.730640133885,高,高,重点词,False,False,,True,0.119185031826,0.239372592878,False,False,False,0.615643712575,0.735965568862,重点词,重点词,常规CRITIC+一维KMeans
719,848,495817671,9630806627,0,0,0,,,,,,,,,,,,,,,,无效词,True,False,,False,,,False,False,False,,,无效词,无效词,结构性无成本无效益，先行归为无效词
720,858,495817671,9630806627,10.73,23,19,0.46652173913,0.826086956522,0.8824,0.1176,85,0.548278443114,0.0793413173653,0.709580838323,0.238023952096,0.430389221557,0.490269461078,0.313809990314,0.482583539238,低,低,潜力词,False,False,,True,0.18264871064,0.0086840017682,False,True,True,0.31380988024,0.467065868263,潜力词,潜力词,常规CRITIC+一维KMeans
721,859,495817671,9630806627,0,0,0,,,,,,,,,,,,,,,,无效词,True,False,,False,,,False,False,False,,,无效词,无效词,结构性无成本无效益，先行归为无效词
722,872,495817671,9630806627,0,0,0,,,,,,,,,,,,,,,,无效词,True,False,,False,,,False,False,False,,,无效词,无效词,结构性无成本无效益，先行归为无效词
723,875,495817671,9630806627,47.51,29,95,1.63827586207,3.27586206897,0.72,0.28,311,0.777694610778,0.793413173653,0.750374251497,0.865269461078,0.629116766467,0.874251497006,0.785553888526,0.769150588073,高,高,重点词,False,False,,True,0.289095187572,0.277883047067,False,False,False,0.785553892216,0.779752994012,重点词,重点词,常规CRITIC+一维KMeans
724,882,495817671,9630806627,0,0,0,,,,,,,,,,,,,,,,无效词,True,False,,False,,,False,False,False,,,无效词,无效词,结构性无成本无效益，先行归为无效词
725,890,495817671,9630806627,56.98,132,47,0.431666666667,0.356060606061,0.9783,0.0217,86,0.792664670659,0.0666167664671,0.892215568862,0.0845808383234,0.345808383234,0.495883233533,0.429640888989,0.480233094533,低,低,潜力词,False,False,,True,0.0668178119647,0.0110344464734,False,True,True,0.429640718563,0.454622005988,潜力词,潜力词,常规CRITIC+一维KMeans
726,965,495817671,9630806627,12.3,13,11,0.946153846154,0.846153846154,0.875,0.125,129,0.573353293413,0.383233532934,0.605164670659,0.254116766467,0.439371257485,0.658308383234,0.478293457801,0.494793551059,低,高,黄金词,False,False,,True,0.0181652431529,0.00352601005239,False,True,True,0.478293413174,0.489240269461,潜力词,潜力词,常规CRITIC+一维KMeans
727,966,495817671,9630806627,0,0,0,,,,,,,,,,,,,,,,无效词,True,False,,False,,,False,False,False,,,无效词,无效词,结构性无成本无效益，先行归为无效词
728,976,495817671,9630806627,0,0,0,,,,,,,,,,,,,,,,无效词,True,False,,False,,,False,False,False,,,无效词,无效词,结构性无成本无效益，先行归为无效词
729,1018,495817671,9630806627,0.15,1,0,0.15,0,0,1,0,0.00898203592814,0.0108532934132,0.0815868263473,0.0265718562874,0.953967065868,0.0310628742515,0.00991766423142,0.297623280957,低,低,潜力词,False,False,,True,0.486541036722,0.193644260049,False,False,False,0.00991766467066,0.273297155689,潜力词,潜力词,常规CRITIC+一维KMeans
730,1040,495817671,9630806627,6.4,5,3,1.28,0.6,1,0,65,0.454341317365,0.608532934132,0.400449101796,0.139221556886,0.171407185629,0.410179640719,0.531437089555,0.282877404093,高,低,问题词,False,False,,True,0.0349783886013,0.208390136913,False,False,False,0.531437125749,0.280314371257,问题词,问题词,常规CRITIC+一维KMeans
731,1041,495817671,9630806627,2.11,4,4,0.5275,1,1,0,90,0.235778443114,0.0995508982036,0.354416167665,0.40119760479,0.171407185629,0.510104790419,0.167664702636,0.348350717789,低,低,潜力词,False,False,,True,0.328793998318,0.142916823217,False,False,False,0.167664670659,0.359281437126,潜力词,潜力词,常规CRITIC+一维KMeans
732,1045,495817671,9630806627,0,0,0,,,,,,,,,,,,,,,,无效词,True,False,,False,,,False,False,False,,,无效词,无效词,结构性无成本无效益，先行归为无效词
733,1056,495817671,9630806627,1.01,2,1,0.505,0.5,1,0,0,0.10628742515,0.0950598802395,0.211826347305,0.109281437126,0.171407185629,0.0310628742515,0.10067365533,0.139064705608,低,低,潜力词,False,False,,True,0.395785045624,0.352202835398,False,False,False,0.100673652695,0.130894461078,潜力词,潜力词,常规CRITIC+一维KMeans
734,1062,495817671,9630806627,0,0,0,,,,,,,,,,,,,,,,无效词,True,False,,False,,,False,False,False,,,无效词,无效词,结构性无成本无效益，先行归为无效词
735,1089,495817671,9630806627,396.88,330,591,1.20266666667,1.79090909091,0.5259,0.4741,419,0.906437125749,0.564371257485,0.922155688623,0.691616766467,0.792664670659,0.924775449102,0.73540427191,0.83700089977,高,高,重点词,False,False,,True,0.238945570957,0.345733358763,False,False,False,0.735404191617,0.832803143713,重点词,重点词,常规CRITIC+一维KMeans
736,1090,495817671,9630806627,14.8,21,22,0.704761904762,1.04761904762,0.7778,0.2222,84,0.607035928144,0.185628742515,0.692739520958,0.51122754491,0.556137724551,0.485778443114,0.396332434247,0.570713014352,低,高,黄金词,False,False,,True,0.100126266707,0.0794454733452,False,False,False,0.396332335329,0.561470808383,黄金词,黄金词,常规CRITIC+一维KMeans
737,1092,495817671,9630806627,4.16,3,6,1.38666666667,2,0.6667,0.3333,251,0.357035928144,0.672155688623,0.294161676647,0.744011976048,0.688622754491,0.82747005988,0.514595734415,0.616342348448,高,高,重点词,False,False,,True,0.0181370334612,0.125074807441,False,False,False,0.514595808383,0.638566616766,重点词,重点词,常规CRITIC+一维KMeans
738,1150,495817671,9630806627,33.45,50,47,0.669,0.94,0.9231,0.0769,29,0.734281437126,0.163922155689,0.818488023952,0.287425149701,0.381362275449,0.237275449102,0.449101930288,0.456492598748,低,低,潜力词,False,False,,True,0.0473567706653,0.0347749422584,False,False,False,0.449101796407,0.431137724551,潜力词,潜力词,常规CRITIC+一维KMeans
739,1151,495817671,9630806627,0,0,0,,,,,,,,,,,,,,,,无效词,True,False,,False,,,False,False,False,,,无效词,无效词,结构性无成本无效益，先行归为无效词
740,1152,495817671,9630806627,20.59,30,29,0.686333333333,0.966666666667,0.96,0.04,65,0.669161676647,0.178143712575,0.75374251497,0.294161676647,0.35254491018,0.410179640719,0.423652809868,0.468887648417,低,低,潜力词,False,False,,True,0.0728058910856,0.0223798925896,False,False,False,0.423652694611,0.452657185629,潜力词,潜力词,常规CRITIC+一维KMeans
741,1158,495817671,9630806627,0,0,0,,,,,,,,,,,,,,,,无效词,True,False,,False,,,False,False,False,,,无效词,无效词,结构性无成本无效益，先行归为无效词
742,1164,495817671,9630806627,237.11,200,369,1.18555,1.845,0.5455,0.4545,335,0.888473053892,0.553892215569,0.909431137725,0.702844311377,0.785179640719,0.888098802395,0.721182713267,0.825719826868,高,高,重点词,False,False,,True,0.224724012313,0.334452285862,False,False,False,0.721182634731,0.821388473054,重点词,重点词,常规CRITIC+一维KMeans
743,1185,495817671,9630806627,3.09,4,6,0.7725,1.5,0.75,0.25,24,0.302395209581,0.23128742515,0.354416167665,0.630613772455,0.591317365269,0.217814371257,0.266841334056,0.449794289876,低,低,潜力词,False,False,,True,0.229617366897,0.0414732511303,False,False,False,0.266841317365,0.448540419162,潜力词,潜力词,常规CRITIC+一维KMeans
744,1195,495817671,9630806627,0,0,0,,,,,,,,,,,,,,,,无效词,True,False,,False,,,False,False,False,,,无效词,无效词,结构性无成本无效益，先行归为无效词
745,1207,495817671,9630806627,115.45,90,134,1.28277777778,1.48888888889,0.8289,0.1711,91,0.838323353293,0.611526946108,0.866392215569,0.62125748503,0.497754491018,0.513473053892,0.724925202937,0.635160722026,高,高,重点词,False,False,,True,0.228466501983,0.143893181019,False,False,False,0.724925149701,0.624719311377,重点词,重点词,常规CRITIC+一维KMeans
746,1225,495817671,9630806627,0,0,0,,,,,,,,,,,,,,,,无效词,True,False,,False,,,False,False,False,,,无效词,无效词,结构性无成本无效益，先行归为无效词
747,1229,495817671,9630806627,0,0,0,,,,,,,,,,,,,,,,无效词,True,False,,False,,,False,False,False,,,无效词,无效词,结构性无成本无效益，先行归为无效词
748,1241,495817671,9630806627,0,0,0,,,,,,,,,,,,,,,,无效词,True,False,,False,,,False,False,False,,,无效词,无效词,结构性无成本无效益，先行归为无效词
749,1242,495817671,9630806627,10.75,12,11,0.895833333333,0.916666666667,0.7778,0.2222,114,0.550898203593,0.338323353293,0.585703592814,0.280314371257,0.556137724551,0.57747005988,0.444610828341,0.50925163656,低,高,黄金词,False,False,,True,0.0518478726126,0.0179840955537,False,False,False,0.444610778443,0.499906437126,潜力词,黄金词,常规CRITIC+一维KMeans
750,1243,495817671,9630806627,13.53,13,7,1.04076923077,0.538461538462,1,0,72,0.589071856287,0.464071856287,0.605164670659,0.127994011976,0.171407185629,0.436377245509,0.526571885629,0.345589610714,高,低,问题词,False,False,,True,0.0301131846752,0.145677930292,False,False,False,0.526571856287,0.335235778443,问题词,问题词,常规CRITIC+一维KMeans
751,1265,495817671,9630806627,1.37,2,1,0.685,0.5,1,0,1,0.148577844311,0.175898203593,0.211826347305,0.109281437126,0.171407185629,0.0737275449102,0.162238017539,0.148349365283,低,低,潜力词,False,False,,True,0.334220683414,0.342918175724,False,False,False,0.162238023952,0.141560628743,潜力词,潜力词,常规CRITIC+一维KMeans
752,1287,495817671,9630806627,3.95,6,6,0.658333333333,1,1,0,73,0.343937125749,0.155688622754,0.440119760479,0.40119760479,0.171407185629,0.442365269461,0.249812918439,0.358501266056,低,低,潜力词,False,False,,True,0.246645782514,0.132766274951,False,False,False,0.249812874251,0.36377245509,潜力词,潜力词,常规CRITIC+一维KMeans
753,1312,495817671,9630806627,0,0,0,,,,,,,,,,,,,,,,无效词,True,False,,False,,,False,False,False,,,无效词,无效词,结构性无成本无效益，先行归为无效词
754,1314,495817671,9630806627,14.45,12,18,1.20416666667,1.5,0.6364,0.3636,53,0.601796407186,0.565868263473,0.585703592814,0.630613772455,0.723428143713,0.339446107784,0.583832343763,0.579636256985,高,高,重点词,False,False,,True,0.0873736428092,0.0883687159788,False,False,False,0.583832335329,0.569797904192,重点词,重点词,常规CRITIC+一维KMeans
755,1318,495817671,9630806627,0,0,0,,,,,,,,,,,,,,,,无效词,True,False,,False,,,False,False,False,,,无效词,无效词,结构性无成本无效益，先行归为无效词
756,1364,495817671,9630806627,41.04,62,22,0.661935483871,0.354838709677,1,0,63,0.758982035928,0.158682634731,0.83869760479,0.0838323353293,0.171407185629,0.39745508982,0.458832476238,0.395322304573,低,低,潜力词,False,False,,True,0.0376262247153,0.095945236433,False,False,False,0.458832335329,0.372848053892,潜力词,潜力词,常规CRITIC+一维KMeans
757,1365,495817671,9630806627,3.6,5,8,0.72,1.6,0.75,0.25,82,0.327095808383,0.195733532934,0.400449101796,0.652694610778,0.591317365269,0.477919161677,0.261414701494,0.524580576484,低,高,黄金词,False,False,,True,0.23504399946,0.0333130354775,False,False,False,0.261414670659,0.53059505988,黄金词,黄金词,常规CRITIC+一维KMeans
758,1368,495817671,9630806627,0,0,0,,,,,,,,,,,,,,,,无效词,True,False,,False,,,False,False,False,,,无效词,无效词,结构性无成本无效益，先行归为无效词
759,1377,495817671,9630806627,1.03,1,1,1.03,1,1,0,120,0.108158682635,0.455464071856,0.0815868263473,0.40119760479,0.171407185629,0.615643712575,0.281811295722,0.292076747393,低,低,潜力词,False,False,,True,0.214647405232,0.199190793613,False,False,False,0.281811377246,0.317458832335,潜力词,潜力词,常规CRITIC+一维KMeans
760,1390,495817671,9630806627,18.22,25,21,0.7288,0.84,0.9375,0.0625,68,0.644461077844,0.199850299401,0.720808383234,0.251871257485,0.369760479042,0.420284431138,0.422155792987,0.457020850035,低,低,潜力词,False,False,,True,0.0743029079669,0.0342466909713,False,False,False,0.422155688623,0.440681137725,潜力词,潜力词,常规CRITIC+一维KMeans
761,1424,495817671,9630806627,2592.53,2414,145,1.07395608948,0.0600662800331,0.8839,0.1161,97,0.957335329341,0.479041916168,0.965568862275,0.0538922155689,0.428143712575,0.535928143713,0.718188735025,0.526122909233,高,高,重点词,False,False,,True,0.221730034071,0.034855368227,False,False,False,0.718188622754,0.495883233533,问题词,重点词,常规CRITIC+一维KMeans
762,1425,495817671,9630806627,50.01,43,43,1.16302325581,1,0.9091,0.0909,156,0.782185628743,0.544161676647,0.797904191617,0.40119760479,0.398577844311,0.703967065868,0.663173708566,0.581588853349,高,高,重点词,False,False,,True,0.166715007613,0.0903213123421,False,False,False,0.663173652695,0.575411676647,重点词,重点词,常规CRITIC+一维KMeans
763,1437,495817671,9630806627,0.91,1,1,0.91,1,1,0,2,0.0913173652695,0.351422155689,0.0815868263473,0.40119760479,0.171407185629,0.0943113772455,0.221369699424,0.178624721719,低,低,潜力词,False,False,,True,0.275089001529,0.312642819287,False,False,False,0.221369760479,0.187125748503,潜力词,潜力词,常规CRITIC+一维KMeans
764,1438,495817671,9630806627,1912.61,934,966,2.04776231263,1.03426124197,0.6199,0.3801,276,0.946856287425,0.877994011976,0.949101796407,0.506736526946,0.736526946108,0.852919161677,0.912425165865,0.773514214208,高,高,重点词,False,False,,True,0.415966464911,0.282246673202,False,False,False,0.912425149701,0.761321107784,重点词,重点词,常规CRITIC+一维KMeans
765,1446,495817671,9630806627,0,0,0,,,,,,,,,,,,,,,,无效词,True,False,,False,,,False,False,False,,,无效词,无效词,结构性无成本无效益，先行归为无效词
766,1458,495817671,9630806627,0,0,0,,,,,,,,,,,,,,,,无效词,True,False,,False,,,False,False,False,,,无效词,无效词,结构性无成本无效益，先行归为无效词
767,1486,495817671,9630806627,73.03,75,130,0.973733333333,1.73333333333,0.8333,0.1667,101,0.811377245509,0.407934131737,0.855538922156,0.677395209581,0.487275449102,0.549026946108,0.609655783323,0.649109742688,高,高,重点词,False,False,,True,0.11319708237,0.157842201681,False,False,False,0.609655688623,0.642309131737,重点词,重点词,常规CRITIC+一维KMeans
768,1524,495817671,9630806627,5.5,9,6,0.611111111111,0.666666666667,1,0,49,0.421407185629,0.138473053892,0.53255988024,0.161676646707,0.171407185629,0.324850299401,0.279940186174,0.307572773297,低,低,潜力词,False,False,,True,0.21651851478,0.183694767709,False,False,False,0.27994011976,0.297623502994,潜力词,潜力词,常规CRITIC+一维KMeans
769,1566,495817671,9630806627,0.93,1,4,0.93,4,0,1,104,0.0954341317365,0.370883233533,0.0815868263473,0.898577844311,0.953967065868,0.556137724551,0.233158617978,0.60194316514,低,高,黄金词,False,False,,True,0.263300082975,0.110675624134,False,False,False,0.233158682635,0.622567365269,黄金词,黄金词,常规CRITIC+一维KMeans
770,1575,495817671,9630806627,33.9,202,144,0.167821782178,0.712871287129,0.5,0.5,508,0.73877245509,0.0194610778443,0.910179640719,0.178143712575,0.817739520958,0.943862275449,0.379116935312,0.732635141223,低,高,黄金词,False,False,,True,0.117341765642,0.241367600217,False,False,False,0.379116766467,0.712481287425,黄金词,黄金词,常规CRITIC+一维KMeans
771,1581,495817671,9630806627,17.82,27,20,0.66,0.740740740741,0.8571,0.1429,45,0.638473053892,0.157185628743,0.738398203593,0.187874251497,0.457709580838,0.306886227545,0.397829454291,0.447600931516,低,低,潜力词,False,False,,True,0.0986292466631,0.0436666094901,False,False,False,0.397829341317,0.422717065868,潜力词,潜力词,常规CRITIC+一维KMeans
772,1590,495817671,9630806627,126.84,80,136,1.5855,1.7,0.8281,0.1719,137,0.85254491018,0.774700598802,0.859281437126,0.669910179641,0.498502994012,0.672155688623,0.813622772764,0.678436786499,高,高,重点词,False,False,,True,0.31716407181,0.187169245492,False,False,False,0.813622754491,0.67496257485,重点词,重点词,常规CRITIC+一维KMeans
773,1608,495817671,9630806627,0.89,1,1,0.89,1,1,0,120,0.0857035928144,0.335703592814,0.0815868263473,0.40119760479,0.171407185629,0.615643712575,0.210703534132,0.292076747393,低,低,潜力词,False,False,,True,0.285755166822,0.199190793613,False,False,False,0.210703592814,0.317458832335,潜力词,潜力词,常规CRITIC+一维KMeans
774,1619,495817671,9630806627,0,0,0,,,,,,,,,,,,,,,,无效词,True,False,,False,,,False,False,False,,,无效词,无效词,结构性无成本无效益，先行归为无效词
775,1647,495817671,9630806627,0,0,0,,,,,,,,,,,,,,,,无效词,True,False,,False,,,False,False,False,,,无效词,无效词,结构性无成本无效益，先行归为无效词
776,1649,495817671,9630806627,0,0,0,,,,,,,,,,,,,,,,无效词,True,False,,False,,,False,False,False,,,无效词,无效词,结构性无成本无效益，先行归为无效词
777,1656,495817671,9630806627,0.51,2,2,0.255,1,1,0,62,0.0419161676647,0.0306886227545,0.211826347305,0.40119760479,0.171407185629,0.388098802395,0.036302397845,0.280385678619,低,低,潜力词,False,False,,True,0.460156303109,0.210881862387,False,False,False,0.0363023952096,0.29313248503,潜力词,潜力词,常规CRITIC+一维KMeans
778,1666,495817671,9630806627,28.78,19,26,1.51473684211,1.36842105263,0.7,0.3,201,0.716317365269,0.749251497006,0.678892215569,0.600673652695,0.650823353293,0.775823353293,0.732784423407,0.675248062432,高,高,重点词,False,False,,True,0.236325722453,0.183980521426,False,False,False,0.732784431138,0.676553143713,重点词,重点词,常规CRITIC+一维KMeans
779,1691,495817671,9630806627,1.24,1,1,1.24,1,1,0,120,0.127619760479,0.580464071856,0.0815868263473,0.40119760479,0.171407185629,0.615643712575,0.354041809871,0.292076747393,低,低,潜力词,False,False,,True,0.142416891083,0.199190793613,False,False,False,0.354041916168,0.317458832335,潜力词,潜力词,常规CRITIC+一维KMeans
780,1702,495817671,9630806627,0,0,0,,,,,,,,,,,,,,,,无效词,True,False,,False,,,False,False,False,,,无效词,无效词,结构性无成本无效益，先行归为无效词
781,1707,495817671,9630806627,50.61,45,3,1.12466666667,0.0666666666667,1,0,80,0.782934131737,0.516467065868,0.806137724551,0.0546407185629,0.171407185629,0.470808383234,0.649700661351,0.395466321472,高,低,问题词,False,False,,True,0.153241960397,0.0958012195349,False,False,False,0.649700598802,0.375748502994,问题词,问题词,常规CRITIC+一维KMeans
782,1723,495817671,9630806627,3.03,5,3,0.606,0.6,1,0,80,0.298652694611,0.134730538922,0.400449101796,0.139221556886,0.171407185629,0.470808383234,0.216691655244,0.296071394157,低,低,潜力词,False,False,,True,0.27976704571,0.195196146849,False,False,False,0.216691616766,0.295471556886,潜力词,潜力词,常规CRITIC+一维KMeans
783,1727,495817671,9630806627,0,0,0,,,,,,,,,,,,,,,,无效词,True,False,,False,,,False,False,False,,,无效词,无效词,结构性无成本无效益，先行归为无效词
784,1738,495817671,9630806627,162.44,128,148,1.2690625,1.15625,0.8454,0.1546,85,0.86751497006,0.600299401198,0.890718562874,0.538922155689,0.468562874251,0.490269461078,0.733907248353,0.611233462112,高,高,重点词,False,False,,True,0.237448547399,0.119965921105,False,False,False,0.733907185629,0.597118263473,重点词,重点词,常规CRITIC+一维KMeans
785,1754,495817671,9630806627,2.05,5,4,0.41,0.8,1,0,32,0.229790419162,0.062125748503,0.400449101796,0.225299401198,0.171407185629,0.247005988024,0.145958123188,0.266128290557,低,低,潜力词,False,False,,True,0.350500577765,0.22513925045,False,False,False,0.145958083832,0.261040419162,潜力词,潜力词,常规CRITIC+一维KMeans
786,1785,495817671,9630806627,44.38,65,68,0.682769230769,1.04615384615,0.902,0.098,142,0.769461077844,0.172155688623,0.844311377246,0.509730538922,0.407185628743,0.681137724551,0.47080852344,0.616112522271,低,高,黄金词,False,False,,True,0.0256501775139,0.124844981265,False,False,False,0.470808383234,0.610591317365,黄金词,黄金词,常规CRITIC+一维KMeans
787,1786,495817671,9630806627,0,0,0,,,,,,,,,,,,,,,,无效词,True,False,,False,,,False,False,False,,,无效词,无效词,结构性无成本无效益，先行归为无效词
788,1817,495817671,9630806627,115.52,116,109,0.995862068966,0.939655172414,0.9186,0.0814,102,0.839071856287,0.428892215569,0.883607784431,0.286676646707,0.38622754491,0.552020958084,0.63398213221,0.545070773742,高,高,重点词,False,False,,True,0.137523431256,0.0538032327351,False,False,False,0.633982035928,0.527133233533,重点词,重点词,常规CRITIC+一维KMeans
789,1824,495817671,9630806627,4.04,5,5,0.808,1,1,0,106,0.350299401198,0.255239520958,0.400449101796,0.40119760479,0.171407185629,0.562125748503,0.302769483391,0.373041416029,低,低,潜力词,False,False,,True,0.193689217562,0.118226124978,False,False,False,0.302769461078,0.38379491018,潜力词,潜力词,常规CRITIC+一维KMeans
790,1825,495817671,9630806627,0,0,0,,,,,,,,,,,,,,,,无效词,True,False,,False,,,False,False,False,,,无效词,无效词,结构性无成本无效益，先行归为无效词
791,1844,495817671,9630806627,8.64,13,68,0.664615384615,5.23076923077,0.6364,0.3636,329,0.512724550898,0.160179640719,0.605164670659,0.937125748503,0.723428143713,0.885853293413,0.336452178562,0.771001567128,低,高,黄金词,False,False,,True,0.160006522392,0.279734026122,False,False,False,0.336452095808,0.787892964072,黄金词,黄金词,常规CRITIC+一维KMeans
792,1853,495817671,9630806627,4.59,8,6,0.57375,0.75,1,0,230,0.376497005988,0.112275449102,0.504491017964,0.197604790419,0.171407185629,0.806137724551,0.244386289566,0.411988381211,低,低,潜力词,False,False,,True,0.252072411388,0.079279159795,False,False,False,0.244386227545,0.419910179641,潜力词,潜力词,常规CRITIC+一维KMeans
793,1914,495817671,9630806627,14.49,9,17,1.61,1.88888888889,0.8333,0.1667,202,0.60254491018,0.782934131737,0.53255988024,0.715943113772,0.487275449102,0.777694610778,0.692739478615,0.613466863523,高,高,重点词,False,False,,True,0.196280777661,0.122199322517,False,False,False,0.692739520958,0.628368263473,重点词,重点词,常规CRITIC+一维KMeans
794,1917,495817671,9630806627,0,0,0,,,,,,,,,,,,,,,,无效词,True,False,,False,,,False,False,False,,,无效词,无效词,结构性无成本无效益，先行归为无效词
795,1921,495817671,9630806627,0,0,0,,,,,,,,,,,,,,,,无效词,True,False,,False,,,False,False,False,,,无效词,无效词,结构性无成本无效益，先行归为无效词
796,1924,495817671,9630806627,1649.24,645,683,2.55696124031,1.05891472868,0.7829,0.2171,165,0.940868263473,0.910179640719,0.937874251497,0.515718562874,0.551646706587,0.715194610778,0.925523959299,0.691584340207,高,高,重点词,False,False,,True,0.429065258346,0.2003167992,False,False,False,0.925523952096,0.680108532934,重点词,重点词,常规CRITIC+一维KMeans
797,1976,495817671,9630806627,58.12,47,46,1.23659574468,0.978723404255,0.8378,0.1622,139,0.794161676647,0.578592814371,0.809880239521,0.297155688623,0.476047904192,0.674026946108,0.68637729611,0.577101643858,高,高,重点词,False,False,,True,0.189918595156,0.0858341028519,False,False,False,0.686377245509,0.564277694611,重点词,重点词,常规CRITIC+一维KMeans
798,1981,495817671,9630806627,375.87,274,329,1.37178832117,1.20072992701,0.8894,0.1106,126,0.905688622754,0.665419161677,0.919161676647,0.554640718563,0.419910179641,0.650074850299,0.785553948614,0.644366896612,高,高,重点词,False,False,,True,0.289095247661,0.153099355606,False,False,False,0.785553892216,0.635946856287,重点词,重点词,常规CRITIC+一维KMeans
799,1983,495817671,9630806627,5.04,4,5,1.26,1.25,0.6667,0.3333,21,0.396706586826,0.592065868263,0.354416167665,0.565119760479,0.688622754491,0.208083832335,0.494386181688,0.460062871747,低,低,潜力词,False,False,,True,0.00207251926563,0.0312046692595,True,False,True,0.494386227545,0.454060628743,潜力词,潜力词,常规CRITIC+一维KMeans
800,2019,495817671,9630806627,901.8,964,1186,0.935477178423,1.23029045643,0.7208,0.2792,166,0.919910179641,0.375,0.949850299401,0.561377245509,0.627245508982,0.716691616766,0.647455217728,0.726052951975,高,高,重点词,False,False,,True,0.150996516774,0.234785410969,False,False,False,0.64745508982,0.713791167665,重点词,重点词,常规CRITIC+一维KMeans
801,2036,495817671,9630806627,0,0,0,,,,,,,,,,,,,,,,无效词,True,False,,False,,,False,False,False,,,无效词,无效词,结构性无成本无效益，先行归为无效词
802,2093,495817671,9630806627,0,0,0,,,,,,,,,,,,,,,,无效词,True,False,,False,,,False,False,False,,,无效词,无效词,结构性无成本无效益，先行归为无效词
803,2096,495817671,9630806627,5.78,12,18,0.481666666667,1.5,0.6667,0.3333,49,0.433383233533,0.0823353293413,0.585703592814,0.630613772455,0.688622754491,0.324850299401,0.257859363839,0.566923658138,低,高,黄金词,False,False,,True,0.238599337115,0.0756561171318,False,False,False,0.257859281437,0.55744760479,黄金词,黄金词,常规CRITIC+一维KMeans
804,2097,495817671,9630806627,0.91,1,0,0.91,0,0,1,0,0.0913173652695,0.351422155689,0.0815868263473,0.0265718562874,0.953967065868,0.0310628742515,0.221369699424,0.297623280957,低,低,潜力词,False,False,,True,0.275089001529,0.193644260049,False,False,False,0.221369760479,0.273297155689,潜力词,潜力词,常规CRITIC+一维KMeans
805,2124,495817671,9630806627,5.91,6,7,0.985,1.16666666667,0.8333,0.1667,29,0.4375,0.415793413174,0.440119760479,0.543038922156,0.487275449102,0.237275449102,0.426646711682,0.431328206749,低,低,潜力词,False,False,,True,0.0698119892716,0.0599393342579,False,False,False,0.426646706587,0.42692739521,潜力词,潜力词,常规CRITIC+一维KMeans
806,2125,495817671,9630806627,0.15,1,0,0.15,0,0,1,0,0.00898203592814,0.0108532934132,0.0815868263473,0.0265718562874,0.953967065868,0.0310628742515,0.00991766423142,0.297623280957,低,低,潜力词,False,False,,True,0.486541036722,0.193644260049,False,False,False,0.00991766467066,0.273297155689,潜力词,潜力词,常规CRITIC+一维KMeans
807,2128,495817671,9630806627,32.54,38,55,0.856315789474,1.44736842105,0.8571,0.1429,125,0.729790419162,0.309131736527,0.778817365269,0.615269461078,0.457709580838,0.647829341317,0.519461176586,0.626686857961,高,高,重点词,False,False,,True,0.0230024756324,0.135419316955,False,False,False,0.519461077844,0.624906437126,重点词,重点词,常规CRITIC+一维KMeans
808,2129,495817671,9630806627,1.95,1,1,1.95,1,1,0,1,0.218562874251,0.86377245509,0.0815868263473,0.40119760479,0.171407185629,0.0737275449102,0.54116751322,0.174145280648,高,低,问题词,False,False,,True,0.0447088122662,0.317122260358,False,False,False,0.541167664671,0.181979790419,问题词,问题词,常规CRITIC+一维KMeans
809,2139,495817671,9630806627,0,0,0,,,,,,,,,,,,,,,,无效词,True,False,,False,,,False,False,False,,,无效词,无效词,结构性无成本无效益，先行归为无效词
810,2152,495817671,9630806627,18.12,21,38,0.862857142857,1.80952380952,0.6667,0.3333,69,0.641092814371,0.313997005988,0.692739520958,0.694610778443,0.688622754491,0.424401197605,0.477544986959,0.633623792547,低,高,黄金词,False,False,,True,0.0189137139944,0.14235625154,False,False,False,0.47754491018,0.625093562874,黄金词,黄金词,常规CRITIC+一维KMeans
811,2176,495817671,9630806627,0,0,0,,,,,,,,,,,,,,,,无效词,True,False,,False,,,False,False,False,,,无效词,无效词,结构性无成本无效益，先行归为无效词
812,2195,495817671,9630806627,0.65,1,1,0.65,1,1,0,120,0.0561377245509,0.15119760479,0.0815868263473,0.40119760479,0.171407185629,0.615643712575,0.103667642357,0.292076747393,低,低,潜力词,False,False,,True,0.392791058596,0.199190793613,False,False,False,0.103667664671,0.317458832335,潜力词,潜力词,常规CRITIC+一维KMeans
813,2203,495817671,9630806627,0.78,1,1,0.78,1,1,0,289,0.0692365269461,0.237275449102,0.0815868263473,0.40119760479,0.171407185629,0.860404191617,0.15325594858,0.345341373948,低,低,潜力词,False,False,,True,0.343202752374,0.145926167058,False,False,False,0.153255988024,0.378648952096,潜力词,潜力词,常规CRITIC+一维KMeans
814,2267,495817671,9630806627,0,0,0,,,,,,,,,,,,,,,,无效词,True,False,,False,,,False,False,False,,,无效词,无效词,结构性无成本无效益，先行归为无效词
815,2280,495817671,9630806627,13.66,10,8,1.366,0.8,0.8571,0.1429,58,0.591317365269,0.663922155689,0.55127245509,0.225299401198,0.457709580838,0.363023952096,0.627619743436,0.413625083072,高,低,问题词,False,False,,True,0.131161042483,0.0776424579343,False,False,False,0.627619760479,0.399326347305,问题词,问题词,常规CRITIC+一维KMeans
816,2320,495817671,9630806627,55.43,61,44,0.90868852459,0.72131147541,0.9211,0.0789,101,0.791167664671,0.34880239521,0.837200598802,0.183383233533,0.384730538922,0.549026946108,0.569985133777,0.508017664019,高,高,重点词,False,False,,True,0.0735264328234,0.016750123013,False,True,True,0.56998502994,0.488585329341,问题词,重点词,常规CRITIC+一维KMeans
817,2322,495817671,9630806627,0,0,0,,,,,,,,,,,,,,,,无效词,True,False,,False,,,False,False,False,,,无效词,无效词,结构性无成本无效益，先行归为无效词
818,2328,495817671,9630806627,0,0,0,,,,,,,,,,,,,,,,无效词,True,False,,False,,,False,False,False,,,无效词,无效词,结构性无成本无效益，先行归为无效词
819,2354,495817671,9630806627,2.39,2,4,1.195,2,0,1,126,0.251871257485,0.55875748503,0.211826347305,0.744011976048,0.953967065868,0.650074850299,0.405314299222,0.626525241947,低,高,黄金词,False,False,,True,0.0911444017319,0.13525770094,False,False,False,0.405314371257,0.63997005988,黄金词,黄金词,常规CRITIC+一维KMeans
820,2367,495817671,9630806627,3.84,5,4,0.768,0.8,1,0,64,0.337200598802,0.22754491018,0.400449101796,0.225299401198,0.171407185629,0.40494011976,0.282372780231,0.30049782023,低,低,潜力词,False,False,,True,0.214085920723,0.190769720777,False,False,False,0.282372754491,0.300523952096,潜力词,潜力词,常规CRITIC+一维KMeans
821,2370,495817671,9630806627,0,0,0,,,,,,,,,,,,,,,,无效词,True,False,,False,,,False,False,False,,,无效词,无效词,结构性无成本无效益，先行归为无效词
822,2381,495817671,9630806627,0,0,0,,,,,,,,,,,,,,,,无效词,True,False,,False,,,False,False,False,,,无效词,无效词,结构性无成本无效益，先行归为无效词
823,2383,495817671,9630806627,19.2,39,30,0.492307692308,0.769230769231,0.9655,0.0345,45,0.655688622754,0.0868263473054,0.78255988024,0.208832335329,0.34880239521,0.306886227545,0.37125761856,0.435155884948,低,低,潜力词,False,False,,True,0.125201082394,0.0561116560586,False,False,False,0.37125748503,0.411770209581,潜力词,潜力词,常规CRITIC+一维KMeans
824,2390,495817671,9630806627,22.25,16,7,1.390625,0.4375,0.8333,0.1667,84,0.680389221557,0.676646706587,0.644461077844,0.0890718562874,0.487275449102,0.485778443114,0.67851796495,0.445814747185,高,低,问题词,False,False,,True,0.182059263997,0.0454527938214,False,False,False,0.678517964072,0.426646706587,问题词,问题词,常规CRITIC+一维KMeans
825,2425,495817671,9630806627,0,0,0,,,,,,,,,,,,,,,,无效词,True,False,,False,,,False,False,False,,,无效词,无效词,结构性无成本无效益，先行归为无效词
826,2432,495817671,9630806627,2.71,3,3,0.903333333333,1,1,0,8,0.273577844311,0.346556886228,0.294161676647,0.40119760479,0.171407185629,0.157934131737,0.310067348139,0.254211077128,低,低,潜力词,False,False,,True,0.186391352815,0.237056463878,False,False,False,0.310067365269,0.256175149701,潜力词,潜力词,常规CRITIC+一维KMeans
827,2438,495817671,9630806627,663.8,552,565,1.20253623188,1.02355072464,0.7393,0.2607,236,0.916916167665,0.563622754491,0.936377245509,0.504491017964,0.614520958084,0.812874251497,0.740269544007,0.727186296625,高,高,重点词,False,False,,True,0.243810843053,0.235918755619,False,False,False,0.740269461078,0.717065868263,重点词,重点词,常规CRITIC+一维KMeans
828,2447,495817671,9630806627,0,0,0,,,,,,,,,,,,,,,,无效词,True,False,,False,,,False,False,False,,,无效词,无效词,结构性无成本无效益，先行归为无效词
829,2479,495817671,9630806627,0.8,1,1,0.8,1,1,0,120,0.0714820359281,0.248877245509,0.0815868263473,0.40119760479,0.171407185629,0.615643712575,0.160179599078,0.292076747393,低,低,潜力词,False,False,,True,0.336279101875,0.199190793613,False,False,False,0.160179640719,0.317458832335,潜力词,潜力词,常规CRITIC+一维KMeans
830,2501,495817671,9630806627,15.12,17,17,0.889411764706,1,0.7778,0.2222,390,0.612275449102,0.334580838323,0.657934131737,0.40119760479,0.556137724551,0.91130239521,0.473428208896,0.629225318447,低,高,黄金词,False,False,,True,0.0230304920575,0.137957777441,False,False,False,0.473428143713,0.631642964072,黄金词,黄金词,常规CRITIC+一维KMeans
831,2516,495817671,9630806627,1.29,6,4,0.215,0.666666666667,1,0,70,0.137350299401,0.0243263473054,0.440119760479,0.161676646707,0.171407185629,0.427395209581,0.0808383498835,0.303039977687,低,低,潜力词,False,False,,True,0.41562035107,0.18822756332,False,False,False,0.0808383233533,0.300149700599,潜力词,潜力词,常规CRITIC+一维KMeans
832,2524,495817671,9630806627,20.21,13,13,1.55461538462,1,0.8,0.2,45,0.667664670659,0.763473053892,0.605164670659,0.40119760479,0.529565868263,0.306886227545,0.715568839786,0.475085759189,高,低,问题词,False,False,,True,0.219110138833,0.0161817818175,False,True,True,0.715568862275,0.460703592814,问题词,问题词,常规CRITIC+一维KMeans
833,2527,495817671,9630806627,2.29,5,0,0.458,0,0,1,0,0.245508982036,0.0755988023952,0.400449101796,0.0265718562874,0.953967065868,0.0310628742515,0.160553932099,0.390234496377,低,低,潜力词,False,False,,True,0.335904768855,0.101033044629,False,False,False,0.160553892216,0.353012724551,潜力词,潜力词,常规CRITIC+一维KMeans
834,2533,495817671,9630806627,19372.48,19493,16351,0.993817267737,0.838813933207,0.6791,0.3209,148,0.987275449102,0.426646706587,0.991766467066,0.250748502994,0.666916167665,0.688997005988,0.706961209441,0.675368175528,高,高,重点词,False,False,,True,0.210502508488,0.184100634521,False,False,False,0.706961077844,0.649607035928,重点词,重点词,常规CRITIC+一维KMeans
835,2541,495817671,9630806627,1719.88,695,3422,2.47464748201,4.92374100719,0.4544,0.5456,346,0.943113772455,0.907185628743,0.942365269461,0.923652694611,0.851796407186,0.895209580838,0.925149709032,0.903210073075,高,高,重点词,False,False,,True,0.428691008079,0.411942532068,False,False,False,0.925149700599,0.903255988024,重点词,重点词,常规CRITIC+一维KMeans
836,2586,495817671,9630806627,1676.01,523,808,3.20460803059,1.54493307839,0.7976,0.2024,129,0.942365269461,0.936377245509,0.934131736527,0.641467065868,0.539670658683,0.658308383234,0.939371258891,0.702243355742,高,高,重点词,False,False,,True,0.442912557937,0.210975814735,False,False,False,0.939371257485,0.693394461078,重点词,重点词,常规CRITIC+一维KMeans
837,2587,495817671,9630806627,0,0,0,,,,,,,,,,,,,,,,无效词,True,False,,False,,,False,False,False,,,无效词,无效词,结构性无成本无效益，先行归为无效词
838,2629,495817671,9630806627,4.43,5,3,0.886,0.6,1,0,82,0.369760479042,0.333083832335,0.400449101796,0.139221556886,0.171407185629,0.477919161677,0.351422164298,0.297618837436,低,低,潜力词,False,False,,True,0.145036536656,0.19364870357,False,False,False,0.351422155689,0.297249251497,潜力词,潜力词,常规CRITIC+一维KMeans
839,2633,495817671,9630806627,0,0,0,,,,,,,,,,,,,,,,无效词,True,False,,False,,,False,False,False,,,无效词,无效词,结构性无成本无效益，先行归为无效词
840,2699,495817671,9630806627,1.08,1,1,1.08,1,1,0,129,0.110778443114,0.484281437126,0.0815868263473,0.40119760479,0.171407185629,0.658308383234,0.297529852447,0.301361407068,低,低,潜力词,False,False,,True,0.198928848507,0.189906133938,False,False,False,0.29752994012,0.328125,潜力词,潜力词,常规CRITIC+一维KMeans
841,2703,495817671,9630806627,0,0,0,,,,,,,,,,,,,,,,无效词,True,False,,False,,,False,False,False,,,无效词,无效词,结构性无成本无效益，先行归为无效词
842,2727,495817671,9630806627,11.66,15,15,0.777333333333,1,1,0,45,0.563622754491,0.234281437126,0.630988023952,0.40119760479,0.171407185629,0.306886227545,0.398952173115,0.38445469029,低,低,潜力词,False,False,,True,0.0975065278386,0.106812850717,False,False,False,0.398952095808,0.377619760479,潜力词,潜力词,常规CRITIC+一维KMeans
843,2738,495817671,9630806627,0,0,0,,,,,,,,,,,,,,,,无效词,True,False,,False,,,False,False,False,,,无效词,无效词,结构性无成本无效益，先行归为无效词
844,2745,495817671,9630806627,2.05,3,3,0.683333333333,1,1,0,1,0.229790419162,0.173652694611,0.294161676647,0.40119760479,0.171407185629,0.0737275449102,0.201721570064,0.235886090928,低,低,潜力词,False,False,,True,0.29473713089,0.255381450078,False,False,False,0.201721556886,0.235123502994,潜力词,潜力词,常规CRITIC+一维KMeans
845,2793,495817671,9630806627,17.12,21,19,0.815238095238,0.904761904762,0.875,0.125,102,0.63248502994,0.262724550898,0.692739520958,0.27619760479,0.439371257485,0.552020958084,0.447604877213,0.501911332272,低,高,黄金词,False,False,,True,0.0488538237401,0.0106437912652,False,True,True,0.447604790419,0.490082335329,潜力词,潜力词,常规CRITIC+一维KMeans
846,2814,495817671,9630806627,2.07,2,2,1.035,1,1,0,62,0.231661676647,0.45995508982,0.211826347305,0.40119760479,0.171407185629,0.388098802395,0.345808329646,0.280385678619,低,低,潜力词,False,False,,True,0.150650371308,0.210881862387,False,False,False,0.345808383234,0.29313248503,潜力词,潜力词,常规CRITIC+一维KMeans
847,2821,495817671,9630806627,1327.25,927,1812,1.43176914779,1.95469255663,0.7814,0.2186,140,0.931137724551,0.702095808383,0.948353293413,0.726047904192,0.553143712575,0.67627245509,0.81661682023,0.732409057386,高,高,重点词,False,False,,True,0.320158119277,0.241141516379,False,False,False,0.816616766467,0.725954341317,重点词,重点词,常规CRITIC+一维KMeans
848,2825,495817671,9630806627,10.3,8,14,1.2875,1.75,0.75,0.25,298,0.540419161677,0.616017964072,0.504491017964,0.680389221557,0.591317365269,0.869386227545,0.578218545129,0.646025645896,高,高,重点词,False,False,,True,0.0817598441752,0.15475810489,False,False,False,0.578218562874,0.661395958084,重点词,重点词,常规CRITIC+一维KMeans
849,2855,495817671,9630806627,42.31,55,60,0.769272727273,1.09090909091,0.8444,0.1556,60,0.763473053892,0.228293413174,0.829715568862,0.523203592814,0.469685628743,0.370508982036,0.495883359156,0.564335152145,低,高,黄金词,False,False,,True,0.000575341797336,0.0730676111389,True,False,True,0.495883233533,0.548278443114,黄金词,黄金词,常规CRITIC+一维KMeans
850,2869,495817671,9630806627,57.95,52,127,1.11442307692,2.44230769231,0.8409,0.1591,118,0.793413173653,0.508233532934,0.822979041916,0.797155688623,0.472305389222,0.585329341317,0.650823420234,0.669553204728,高,高,重点词,False,False,,True,0.15436471928,0.178285663722,False,False,False,0.650823353293,0.669442365269,重点词,重点词,常规CRITIC+一维KMeans
851,2874,495817671,9630806627,6.68,7,5,0.954285714286,0.714285714286,1,0,263,0.464071856287,0.390718562874,0.47380239521,0.180763473054,0.171407185629,0.842065868263,0.427395226799,0.407223196488,低,低,潜力词,False,False,,True,0.0690634741545,0.0840443445184,False,False,False,0.427395209581,0.417009730539,潜力词,潜力词,常规CRITIC+一维KMeans
852,2891,495817671,9630806627,4.31,6,5,0.718333333333,0.833333333333,0.6667,0.3333,115,0.36377245509,0.193862275449,0.440119760479,0.244386227545,0.688622754491,0.580089820359,0.278817405153,0.496006803483,低,高,黄金词,False,False,,True,0.217641295801,0.0047392624763,False,True,True,0.278817365269,0.488304640719,潜力词,潜力词,常规CRITIC+一维KMeans
853,2892,495817671,9630806627,0,0,0,,,,,,,,,,,,,,,,无效词,True,False,,False,,,False,False,False,,,无效词,无效词,结构性无成本无效益，先行归为无效词
854,2896,495817671,9630806627,6.25,9,8,0.694444444444,0.888888888889,1,0,26,0.449850299401,0.183383233533,0.53255988024,0.269835329341,0.171407185629,0.228293413174,0.316616829015,0.310133271314,低,低,潜力词,False,False,,True,0.179841871938,0.181134269693,False,False,False,0.316616766467,0.300523952096,潜力词,潜力词,常规CRITIC+一维KMeans
855,2898,495817671,9630806627,0,0,0,,,,,,,,,,,,,,,,无效词,True,False,,False,,,False,False,False,,,无效词,无效词,结构性无成本无效益，先行归为无效词
856,2899,495817671,9630806627,1569.85,1892,1578,0.829730443975,0.834038054968,0.822,0.178,176,0.939371257485,0.281437125749,0.960329341317,0.25,0.502994011976,0.735404191617,0.610404346054,0.631260714225,高,高,重点词,False,False,,True,0.113945645101,0.139993173218,False,False,False,0.610404191617,0.612181886228,重点词,重点词,常规CRITIC+一维KMeans
857,2921,495817671,9630806627,0,0,0,,,,,,,,,,,,,,,,无效词,True,False,,False,,,False,False,False,,,无效词,无效词,结构性无成本无效益，先行归为无效词
858,2933,495817671,9630806627,2839.7,2473,3691,1.14828143955,1.49251920744,0.6966,0.3034,195,0.961077844311,0.532934131737,0.967814371257,0.622005988024,0.656437125749,0.764595808383,0.747006088523,0.762907540695,高,高,重点词,False,False,,True,0.250547387569,0.271639999688,False,False,False,0.747005988024,0.752713323353,重点词,重点词,常规CRITIC+一维KMeans
859,2966,495817671,9630806627,1.5,1,0,1.5,0,0,1,0,0.167290419162,0.741017964072,0.0815868263473,0.0265718562874,0.953967065868,0.0310628742515,0.454154056945,0.297623280957,低,低,潜力词,False,False,,True,0.0423046440086,0.193644260049,False,False,False,0.454154191617,0.273297155689,潜力词,潜力词,常规CRITIC+一维KMeans
860,2987,495817671,9630806627,442.84,485,133,0.913072164948,0.274226804124,0.9145,0.0855,111,0.910179640719,0.354790419162,0.932634730539,0.0681137724551,0.39371257485,0.572604790419,0.632485160307,0.518204837326,高,高,重点词,False,False,,True,0.136026459354,0.0269372963193,False,False,False,0.63248502994,0.491766467066,问题词,重点词,常规CRITIC+一维KMeans
861,2995,495817671,9630806627,0,0,0,,,,,,,,,,,,,,,,无效词,True,False,,False,,,False,False,False,,,无效词,无效词,结构性无成本无效益，先行归为无效词
862,2996,495817671,9630806627,0,0,0,,,,,,,,,,,,,,,,无效词,True,False,,False,,,False,False,False,,,无效词,无效词,结构性无成本无效益，先行归为无效词
863,2997,495817671,9630806627,0.71,1,3,0.71,3,0,1,37,0.060254491018,0.1875,0.0815868263473,0.852170658683,0.953967065868,0.266841317365,0.12387721564,0.528872226343,低,高,黄金词,False,False,,True,0.372581485313,0.0376046853361,False,False,False,0.123877245509,0.538641467066,黄金词,黄金词,常规CRITIC+一维KMeans
864,3008,495817671,9630806627,0,0,0,,,,,,,,,,,,,,,,无效词,True,False,,False,,,False,False,False,,,无效词,无效词,结构性无成本无效益，先行归为无效词
865,3016,495817671,9630806627,22.59,16,51,1.411875,3.1875,0.6875,0.3125,191,0.681886227545,0.689371257485,0.644461077844,0.863023952096,0.661676646707,0.757859281437,0.685628740758,0.721491295275,高,高,重点词,False,False,,True,0.189170039804,0.230223754269,False,False,False,0.685628742515,0.731755239521,重点词,重点词,常规CRITIC+一维KMeans
866,3040,495817671,9630806627,1.98,4,4,0.495,1,1,0,65,0.223053892216,0.0883233532934,0.354416167665,0.40119760479,0.171407185629,0.410179640719,0.15568865438,0.326605067499,低,低,潜力词,False,False,,True,0.340770046574,0.164662473508,False,False,False,0.155688622754,0.334300149701,潜力词,潜力词,常规CRITIC+一维KMeans
867,3082,495817671,9630806627,5.14,3,16,1.71333333333,5.33333333333,0,1,403,0.404191616766,0.816616766467,0.294161676647,0.941616766467,0.953967065868,0.918413173653,0.610404094808,0.751902457022,高,高,重点词,False,False,,True,0.113945393854,0.260634916015,False,False,False,0.610404191617,0.777039670659,重点词,重点词,常规CRITIC+一维KMeans
868,3101,495817671,9630806627,0,0,0,,,,,,,,,,,,,,,,无效词,True,False,,False,,,False,False,False,,,无效词,无效词,结构性无成本无效益，先行归为无效词
869,3104,495817671,9630806627,18.62,25,23,0.7448,0.92,1,0,25,0.650449101796,0.209580838323,0.720808383234,0.282185628743,0.171407185629,0.223053892216,0.430015073545,0.366360194244,低,低,潜力词,False,False,,True,0.0664436274082,0.124907346762,False,False,False,0.43001497006,0.349363772455,潜力词,潜力词,常规CRITIC+一维KMeans
870,3112,495817671,9630806627,8.5,10,10,0.85,1,1,0,49,0.508982035928,0.302769461078,0.55127245509,0.40119760479,0.171407185629,0.324850299401,0.405875796908,0.365211216824,低,低,潜力词,False,False,,True,0.0905829040461,0.126056324182,False,False,False,0.405875748503,0.362181886228,潜力词,潜力词,常规CRITIC+一维KMeans
871,3127,495817671,9630806627,5.8,7,10,0.828571428571,1.42857142857,0.8,0.2,351,0.434880239521,0.279191616766,0.47380239521,0.609655688623,0.529565868263,0.897829341317,0.357035964689,0.610966598082,低,高,黄金词,False,False,,True,0.139422736265,0.119699057075,False,False,False,0.357035928144,0.627713323353,黄金词,黄金词,常规CRITIC+一维KMeans
872,3132,495817671,9630806627,36.2,53,318,0.683018867925,6,0.7111,0.2889,443,0.744011976048,0.172904191617,0.825224550898,0.954715568862,0.642964071856,0.930389221557,0.458458217889,0.826395715931,低,高,黄金词,False,False,,True,0.0380004830645,0.335128174925,False,False,False,0.458458083832,0.838323353293,黄金词,黄金词,常规CRITIC+一维KMeans
873,3135,495817671,9630806627,240.28,168,310,1.43023809524,1.84523809524,0.8429,0.1571,186,0.88997005988,0.700598802395,0.903443113772,0.703592814371,0.471556886228,0.747754491018,0.795284475589,0.707673189759,高,高,重点词,False,False,,True,0.298825774635,0.216405648753,False,False,False,0.795284431138,0.706586826347,重点词,重点词,常规CRITIC+一维KMeans
874,3149,495817671,9630806627,1.86,2,2,0.93,1,1,0,120,0.208083832335,0.370883233533,0.211826347305,0.40119760479,0.171407185629,0.615643712575,0.28948349472,0.329903863551,低,低,潜力词,False,False,,True,0.206975206234,0.161363677456,False,False,False,0.289483532934,0.350018712575,潜力词,潜力词,常规CRITIC+一维KMeans
875,3157,495817671,9630806627,88.98,92,89,0.967173913043,0.967391304348,0.8857,0.1143,74,0.821856287425,0.403443113772,0.86751497006,0.294910179641,0.427020958084,0.446107784431,0.612649798813,0.530319385015,高,高,重点词,False,False,,True,0.11619109786,0.0390518440082,False,False,False,0.612649700599,0.508888473054,重点词,重点词,常规CRITIC+一维KMeans
876,3170,495817671,9630806627,0,0,0,,,,,,,,,,,,,,,,无效词,True,False,,False,,,False,False,False,,,无效词,无效词,结构性无成本无效益，先行归为无效词
877,3195,495817671,9630806627,0,0,0,,,,,,,,,,,,,,,,无效词,True,False,,False,,,False,False,False,,,无效词,无效词,结构性无成本无效益，先行归为无效词
878,3215,495817671,9630806627,203.86,101,1085,2.01841584158,10.7425742574,0.1604,0.8396,679,0.883982035928,0.875748502994,0.873502994012,0.988023952096,0.90119760479,0.974550898204,0.879865271394,0.928040780245,高,高,重点词,False,False,,True,0.38340657044,0.436773239238,False,False,False,0.879865269461,0.934318862275,重点词,重点词,常规CRITIC+一维KMeans
879,3217,495817671,9630806627,0,0,0,,,,,,,,,,,,,,,,无效词,True,False,,False,,,False,False,False,,,无效词,无效词,结构性无成本无效益，先行归为无效词
880,3275,495817671,9630806627,0,0,0,,,,,,,,,,,,,,,,无效词,True,False,,False,,,False,False,False,,,无效词,无效词,结构性无成本无效益，先行归为无效词
881,3303,495817671,9630806627,3.47,3,3,1.15666666667,1,1,0,95,0.318113772455,0.538173652695,0.294161676647,0.40119760479,0.171407185629,0.526571856287,0.42814366092,0.334433794493,低,低,潜力词,False,False,,True,0.0683150400337,0.156833746513,False,False,False,0.428143712575,0.348334580838,潜力词,潜力词,常规CRITIC+一维KMeans
882,3305,495817671,9630806627,0,0,0,,,,,,,,,,,,,,,,无效词,True,False,,False,,,False,False,False,,,无效词,无效词,结构性无成本无效益，先行归为无效词
883,3321,495817671,9630806627,0,0,0,,,,,,,,,,,,,,,,无效词,True,False,,False,,,False,False,False,,,无效词,无效词,结构性无成本无效益，先行归为无效词
884,3323,495817671,9630806627,0,0,0,,,,,,,,,,,,,,,,无效词,True,False,,False,,,False,False,False,,,无效词,无效词,结构性无成本无效益，先行归为无效词
885,3327,495817671,9630806627,84.29,58,107,1.45327586207,1.84482758621,0.7917,0.2083,151,0.818862275449,0.714071856287,0.833083832335,0.702095808383,0.54378742515,0.693862275449,0.766467090466,0.694973907438,高,高,重点词,False,False,,True,0.270008389512,0.203706366432,False,False,False,0.766467065868,0.693207335329,重点词,重点词,常规CRITIC+一维KMeans
886,3374,495817671,9630806627,0,0,0,,,,,,,,,,,,,,,,无效词,True,False,,False,,,False,False,False,,,无效词,无效词,结构性无成本无效益，先行归为无效词
887,3382,495817671,9630806627,14.26,18,31,0.792222222222,1.72222222222,0.6429,0.3571,90,0.600299401198,0.24251497006,0.670658682635,0.672155688623,0.715943113772,0.510104790419,0.421407269612,0.648452716565,低,高,黄金词,False,False,,True,0.0750514313417,0.157185175559,False,False,False,0.421407185629,0.642215568862,黄金词,黄金词,常规CRITIC+一维KMeans
888,3393,495817671,9630806627,0,0,0,,,,,,,,,,,,,,,,无效词,True,False,,False,,,False,False,False,,,无效词,无效词,结构性无成本无效益，先行归为无效词
889,3412,495817671,9630806627,77.97,59,72,1.32152542373,1.22033898305,0.7556,0.2444,80,0.815119760479,0.636976047904,0.834580838323,0.559131736527,0.570359281437,0.470808383234,0.726047946008,0.622989254267,高,高,重点词,False,False,,True,0.229589245054,0.131721713261,False,False,False,0.726047904192,0.60872005988,重点词,重点词,常规CRITIC+一维KMeans
890,3416,495817671,9630806627,10.74,8,9,1.3425,1.125,0.875,0.125,92,0.549775449102,0.648577844311,0.504491017964,0.534805389222,0.439371257485,0.516092814371,0.599176623515,0.49578075133,高,高,重点词,False,False,,True,0.102717922561,0.00451321032383,False,True,True,0.599176646707,0.49869011976,问题词,问题词,常规CRITIC+一维KMeans
891,3417,495817671,9630806627,15.19,16,49,0.949375,3.0625,0.8,0.2,478,0.616017964072,0.385479041916,0.644461077844,0.86002994012,0.529565868263,0.938248502994,0.500748557109,0.723898142186,高,高,重点词,False,False,,True,0.00428985615506,0.23263060118,True,False,True,0.500748502994,0.743076347305,重点词,黄金词,常规CRITIC+一维KMeans
892,3420,495817671,9630806627,1.26,1,1,1.26,1,1,0,7,0.130239520958,0.592065868263,0.0815868263473,0.40119760479,0.171407185629,0.150074850299,0.361152586206,0.190759934803,低,低,潜力词,False,False,,True,0.135306114748,0.300507606203,False,False,False,0.361152694611,0.201066616766,潜力词,潜力词,常规CRITIC+一维KMeans
893,3437,495817671,9630806627,1.98,2,1,0.99,0.5,1,0,17,0.223053892216,0.421781437126,0.211826347305,0.109281437126,0.171407185629,0.198353293413,0.322417618023,0.175470344859,低,低,潜力词,False,False,,True,0.174041082931,0.315797196148,False,False,False,0.322417664671,0.172717065868,潜力词,潜力词,常规CRITIC+一维KMeans
894,3443,495817671,9630806627,7.46,22,21,0.339090909091,0.954545454545,1,0,105,0.487649700599,0.0471556886228,0.702844311377,0.292664670659,0.171407185629,0.559505988024,0.267402798008,0.436645065094,低,低,潜力词,False,False,,True,0.229055902945,0.0546224759124,False,False,False,0.267402694611,0.431605538922,潜力词,潜力词,常规CRITIC+一维KMeans
895,3497,495817671,9630806627,0,0,0,,,,,,,,,,,,,,,,无效词,True,False,,False,,,False,False,False,,,无效词,无效词,结构性无成本无效益，先行归为无效词
896,3505,495817671,9630806627,0.5,1,1,0.5,1,1,0,120,0.0404191616766,0.0924401197605,0.0815868263473,0.40119760479,0.171407185629,0.615643712575,0.0664296285076,0.292076747393,低,低,潜力词,False,False,,True,0.430029072446,0.199190793613,False,False,False,0.0664296407186,0.317458832335,潜力词,潜力词,常规CRITIC+一维KMeans
897,3520,495817671,9630806627,0,0,0,,,,,,,,,,,,,,,,无效词,True,False,,False,,,False,False,False,,,无效词,无效词,结构性无成本无效益，先行归为无效词
898,3526,495817671,9630806627,29.64,25,39,1.1856,1.56,0.7895,0.2105,121,0.721556886228,0.554640718563,0.720808383234,0.646706586826,0.546407185629,0.641092814371,0.638098841576,0.639526387739,高,高,重点词,False,False,,True,0.141640140622,0.148258846733,False,False,False,0.638098802395,0.638753742515,重点词,重点词,常规CRITIC+一维KMeans
899,3533,495817671,9630806627,0,0,0,,,,,,,,,,,,,,,,无效词,True,False,,False,,,False,False,False,,,无效词,无效词,结构性无成本无效益，先行归为无效词
900,3536,495817671,9630806627,0,0,0,,,,,,,,,,,,,,,,无效词,True,False,,False,,,False,False,False,,,无效词,无效词,结构性无成本无效益，先行归为无效词
901,3539,495817671,9630806627,0.89,2,120,0.445,60,0.5,0.5,5099,0.0857035928144,0.0722305389222,0.211826347305,1,0.817739520958,1,0.0789670690308,0.72114349722,低,高,黄金词,False,False,,True,0.417491631923,0.229875956214,False,False,False,0.0789670658683,0.757391467066,黄金词,黄金词,常规CRITIC+一维KMeans
902,3549,495817671,9630806627,14.61,13,9,1.12384615385,0.692307692308,1,0,52,0.603293413174,0.51497005988,0.605164670659,0.175149700599,0.171407185629,0.336077844311,0.559131757259,0.334040082671,高,低,问题词,False,False,,True,0.0626730563056,0.157227458335,False,False,False,0.559131736527,0.321949850299,问题词,问题词,常规CRITIC+一维KMeans
903,3566,495817671,9630806627,0,0,0,,,,,,,,,,,,,,,,无效词,True,False,,False,,,False,False,False,,,无效词,无效词,结构性无成本无效益，先行归为无效词
904,3567,495817671,9630806627,33494.72,17166,33833,1.95122451357,1.97093090994,0.6059,0.3941,185,0.99251497006,0.865269461078,0.991017964072,0.729041916168,0.741017964072,0.74625748503,0.928892245437,0.812158681028,高,高,重点词,False,False,,True,0.432433544484,0.320891140022,False,False,False,0.928892215569,0.801833832335,重点词,重点词,常规CRITIC+一维KMeans
905,3575,495817671,9630806627,1246.44,197,682,6.32710659898,3.46192893401,0.6395,0.3605,291,0.928892215569,0.979041916168,0.908308383234,0.874251497006,0.718562874251,0.862275449102,0.953967054097,0.838879995937,高,高,重点词,False,False,,True,0.457508353143,0.34761245493,False,False,False,0.953967065868,0.840849550898,重点词,重点词,常规CRITIC+一维KMeans
906,3579,495817671,9630806627,0,0,0,,,,,,,,,,,,,,,,无效词,True,False,,False,,,False,False,False,,,无效词,无效词,结构性无成本无效益，先行归为无效词
907,3587,495817671,9630806627,1331.48,832,1556,1.60033653846,1.87019230769,0.586,0.414,145,0.931886227545,0.780688622754,0.946856287425,0.711077844311,0.758233532934,0.684880239521,0.85628746064,0.786776966476,高,高,重点词,False,False,,True,0.359828759687,0.29550942547,False,False,False,0.85628742515,0.775261976048,重点词,重点词,常规CRITIC+一维KMeans
908,3600,495817671,9630806627,0,0,0,,,,,,,,,,,,,,,,无效词,True,False,,False,,,False,False,False,,,无效词,无效词,结构性无成本无效益，先行归为无效词
909,3603,495817671,9630806627,0,0,0,,,,,,,,,,,,,,,,无效词,True,False,,False,,,False,False,False,,,无效词,无效词,结构性无成本无效益，先行归为无效词
910,3652,495817671,9630806627,0,0,0,,,,,,,,,,,,,,,,无效词,True,False,,False,,,False,False,False,,,无效词,无效词,结构性无成本无效益，先行归为无效词
911,3659,495817671,9630806627,0,0,0,,,,,,,,,,,,,,,,无效词,True,False,,False,,,False,False,False,,,无效词,无效词,结构性无成本无效益，先行归为无效词
912,3678,495817671,9630806627,3.98,11,11,0.361818181818,1,0.75,0.25,127,0.346182634731,0.0523952095808,0.567739520958,0.40119760479,0.591317365269,0.652320359281,0.199288991117,0.55630824883,低,高,黄金词,False,False,,True,0.297169709837,0.0650407078233,False,False,False,0.199288922156,0.553143712575,黄金词,黄金词,常规CRITIC+一维KMeans
913,3701,495817671,9630806627,0,0,0,,,,,,,,,,,,,,,,无效词,True,False,,False,,,False,False,False,,,无效词,无效词,结构性无成本无效益，先行归为无效词
914,3714,495817671,9630806627,1,1,1,1,1,1,0,27,0.104416167665,0.433008982036,0.0815868263473,0.40119760479,0.171407185629,0.230538922156,0.268712497719,0.208270477172,低,低,潜力词,False,False,,True,0.227746203234,0.282997063835,False,False,False,0.26871257485,0.221182634731,潜力词,潜力词,常规CRITIC+一维KMeans
915,3731,495817671,9630806627,0,0,0,,,,,,,,,,,,,,,,无效词,True,False,,False,,,False,False,False,,,无效词,无效词,结构性无成本无效益，先行归为无效词
916,3774,495817671,9630806627,2.56,9,9,0.284444444444,1,0.875,0.125,68,0.26497005988,0.0344311377246,0.53255988024,0.40119760479,0.439371257485,0.420284431138,0.149700652917,0.453963612857,低,低,潜力词,False,False,,True,0.346758048037,0.0373039281492,False,False,False,0.149700598802,0.448353293413,潜力词,潜力词,常规CRITIC+一维KMeans
917,3784,495817671,9630806627,6.91,15,11,0.460666666667,0.733333333333,1,0,58,0.47005988024,0.0770958083832,0.630988023952,0.187125748503,0.171407185629,0.363023952096,0.273577936552,0.350014457973,低,低,潜力词,False,False,,True,0.222880764401,0.141253083033,False,False,False,0.273577844311,0.338136227545,潜力词,潜力词,常规CRITIC+一维KMeans
918,3794,495817671,9630806627,0,0,0,,,,,,,,,,,,,,,,无效词,True,False,,False,,,False,False,False,,,无效词,无效词,结构性无成本无效益，先行归为无效词
919,3809,495817671,9630806627,17.29,21,27,0.823333333333,1.28571428571,0.75,0.25,107,0.633982035928,0.270958083832,0.692739520958,0.579715568862,0.591317365269,0.563997005988,0.452470145093,0.612300640854,低,高,黄金词,False,False,,True,0.0439885558603,0.121033099847,False,False,False,0.45247005988,0.606942365269,黄金词,黄金词,常规CRITIC+一维KMeans
920,3816,495817671,9630806627,0,0,0,,,,,,,,,,,,,,,,无效词,True,False,,False,,,False,False,False,,,无效词,无效词,结构性无成本无效益，先行归为无效词
921,3830,495817671,9630806627,53.31,116,129,0.459568965517,1.11206896552,0.7935,0.2065,134,0.786676646707,0.0763473053892,0.883607784431,0.531437125749,0.541916167665,0.667664670659,0.431512142784,0.666239407303,低,高,黄金词,False,False,,True,0.0649465581693,0.174971866297,False,False,False,0.431511976048,0.656156437126,黄金词,黄金词,常规CRITIC+一维KMeans
922,3842,495817671,9630806627,1.8,2,2,0.9,1,0,1,38,0.197604790419,0.343562874251,0.211826347305,0.40119760479,0.953967065868,0.269461077844,0.270583798074,0.468980026278,低,低,潜力词,False,False,,True,0.225874902879,0.0222875147287,False,False,False,0.270583832335,0.459113023952,潜力词,潜力词,常规CRITIC+一维KMeans
923,3873,495817671,9630806627,1.53,1,4,1.53,4,0,1,118,0.171032934132,0.754116766467,0.0815868263473,0.898577844311,0.953967065868,0.585329341317,0.462574713431,0.608295827023,低,高,黄金词,False,False,,True,0.0338839875222,0.117028286016,False,False,False,0.462574850299,0.629865269461,黄金词,黄金词,常规CRITIC+一维KMeans
924,3875,495817671,9630806627,0,0,0,,,,,,,,,,,,,,,,无效词,True,False,,False,,,False,False,False,,,无效词,无效词,结构性无成本无效益，先行归为无效词
925,3877,495817671,9630806627,1.5,1,1,1.5,1,1,0,2,0.167290419162,0.741017964072,0.0815868263473,0.40119760479,0.171407185629,0.0943113772455,0.454154056945,0.178624721719,低,低,潜力词,False,False,,True,0.0423046440086,0.312642819287,False,False,False,0.454154191617,0.187125748503,潜力词,潜力词,常规CRITIC+一维KMeans
926,3882,495817671,9630806627,2.83,3,3,0.943333333333,1,1,0,25,0.282185628743,0.380613772455,0.294161676647,0.40119760479,0.171407185629,0.223053892216,0.331399677495,0.26838239979,低,低,潜力词,False,False,,True,0.165059023459,0.222885141217,False,False,False,0.331399700599,0.27245508982,潜力词,潜力词,常规CRITIC+一维KMeans
927,3905,495817671,9630806627,115.64,57,204,2.02877192982,3.57894736842,0.5333,0.4667,419,0.839820359281,0.877245508982,0.831586826347,0.87874251497,0.789296407186,0.924775449102,0.858532925347,0.850556966165,高,高,重点词,False,False,,True,0.362074224393,0.359289425158,False,False,False,0.858532934132,0.856100299401,重点词,重点词,常规CRITIC+一维KMeans
928,3913,495817671,9630806627,0.45,3,1,0.15,0.333333333333,1,0,120,0.0355538922156,0.0108532934132,0.294161676647,0.0774700598802,0.171407185629,0.615643712575,0.0232035986124,0.283261247074,低,低,潜力词,False,False,,True,0.473255102341,0.208006293932,False,False,False,0.0232035928144,0.289670658683,潜力词,潜力词,常规CRITIC+一维KMeans
929,3936,495817671,9630806627,0,0,0,,,,,,,,,,,,,,,,无效词,True,False,,False,,,False,False,False,,,无效词,无效词,结构性无成本无效益，先行归为无效词
930,3964,495817671,9630806627,15.17,14,36,1.08357142857,2.57142857143,0.6,0.4,197,0.61377245509,0.486526946108,0.619760479042,0.813997005988,0.748877245509,0.770958083832,0.550149730467,0.730374273893,高,高,重点词,False,False,,True,0.0536910295137,0.239106732887,False,False,False,0.550149700599,0.738398203593,重点词,重点词,常规CRITIC+一维KMeans
931,3973,495817671,9630806627,7.09,8,7,0.88625,0.875,1,0,50,0.474550898204,0.333832335329,0.504491017964,0.263473053892,0.171407185629,0.329341317365,0.404191649798,0.322584203215,低,低,潜力词,False,False,,True,0.0922670511561,0.168683337792,False,False,False,0.404191616766,0.317178143713,潜力词,潜力词,常规CRITIC+一维KMeans
932,3989,495817671,9630806627,8240.76,1204,10226,6.84448504983,8.49335548173,0.1738,0.8262,567,0.976796407186,0.982035928144,0.954341317365,0.97754491018,0.900449101796,0.954341317365,0.979416166435,0.944632698515,高,高,重点词,False,False,,True,0.482957465481,0.453365157509,False,False,False,0.979416167665,0.946669161677,重点词,重点词,常规CRITIC+一维KMeans
933,4001,495817671,9630806627,1.61,2,2,0.805,1,1,0,120,0.177395209581,0.252619760479,0.211826347305,0.40119760479,0.171407185629,0.615643712575,0.215007467372,0.329903863551,低,低,潜力词,False,False,,True,0.281451233581,0.161363677456,False,False,False,0.21500748503,0.350018712575,潜力词,潜力词,常规CRITIC+一维KMeans
934,4002,495817671,9630806627,194.96,150,388,1.29973333333,2.58666666667,0.68,0.32,321,0.881736526946,0.626497005988,0.898952095808,0.816616766467,0.666167664671,0.879491017964,0.75411682638,0.812991829876,高,高,重点词,False,False,,True,0.257658125426,0.32172428887,False,False,False,0.754116766467,0.815306886228,重点词,重点词,常规CRITIC+一维KMeans
935,4006,495817671,9630806627,0,0,0,,,,,,,,,,,,,,,,无效词,True,False,,False,,,False,False,False,,,无效词,无效词,结构性无成本无效益，先行归为无效词
936,4016,495817671,9630806627,5.08,4,21,1.27,5.25,0.75,0.25,565,0.399326347305,0.603293413174,0.354416167665,0.938997005988,0.591317365269,0.953592814371,0.501309832362,0.677125970118,高,高,重点词,False,False,,True,0.00485113140847,0.185858429111,True,False,True,0.50130988024,0.709580838323,重点词,黄金词,常规CRITIC+一维KMeans
937,4025,495817671,9630806627,0,0,0,,,,,,,,,,,,,,,,无效词,True,False,,False,,,False,False,False,,,无效词,无效词,结构性无成本无效益，先行归为无效词
938,4054,495817671,9630806627,1793.1,669,1298,2.6802690583,1.94020926756,0.7342,0.2658,146,0.944610778443,0.916916167665,0.938622754491,0.721556886228,0.616766467066,0.686751497006,0.930763479555,0.748316407962,高,高,重点词,False,False,,True,0.434304778601,0.257048866956,False,False,False,0.930763473054,0.740924401198,重点词,重点词,常规CRITIC+一维KMeans
939,4056,495817671,9630806627,5.66,7,4,0.808571428571,0.571428571429,1,0,11,0.427020958084,0.256736526946,0.47380239521,0.131736526946,0.171407185629,0.175523952096,0.341878782486,0.251485343591,低,低,潜力词,False,False,,True,0.154579918468,0.239782197416,False,False,False,0.341878742515,0.23811751497,潜力词,潜力词,常规CRITIC+一维KMeans
940,4076,495817671,9630806627,0,0,0,,,,,,,,,,,,,,,,无效词,True,False,,False,,,False,False,False,,,无效词,无效词,结构性无成本无效益，先行归为无效词
941,4110,495817671,9630806627,1.55,5,4,0.31,0.8,1,0,62,0.172155688623,0.0396706586826,0.400449101796,0.225299401198,0.171407185629,0.388098802395,0.105913204751,0.29683282299,低,低,潜力词,False,False,,True,0.390545496203,0.194434718017,False,False,False,0.105913173653,0.296313622754,潜力词,潜力词,常规CRITIC+一维KMeans
942,4128,495817671,9630806627,0,0,0,,,,,,,,,,,,,,,,无效词,True,False,,False,,,False,False,False,,,无效词,无效词,结构性无成本无效益，先行归为无效词
943,4158,495817671,9630806627,11.34,13,17,0.872307692308,1.30769230769,0.6667,0.3333,301,0.558383233533,0.320359281437,0.605164670659,0.586077844311,0.688622754491,0.87125748503,0.439371313357,0.681778194476,低,高,黄金词,False,False,,True,0.0570873875969,0.190510653469,False,False,False,0.439371257485,0.687780688623,黄金词,黄金词,常规CRITIC+一维KMeans
944,4173,495817671,9630806627,27.6,28,50,0.985714285714,1.78571428571,0.88,0.12,170,0.710329341317,0.418413173653,0.745883233533,0.689745508982,0.432634730539,0.721931137725,0.564371326007,0.642609183493,高,高,重点词,False,False,,True,0.0679126250532,0.151341642487,False,False,False,0.564371257485,0.647548652695,重点词,重点词,常规CRITIC+一维KMeans
945,4177,495817671,9630806627,1.93,2,1,0.965,0.5,1,0,24,0.216691616766,0.401571856287,0.211826347305,0.109281437126,0.171407185629,0.217814371257,0.30913169313,0.179705452781,低,低,潜力词,False,False,,True,0.187327007824,0.311562088226,False,False,False,0.309131736527,0.177582335329,潜力词,潜力词,常规CRITIC+一维KMeans
946,4189,495817671,9630806627,0,0,0,,,,,,,,,,,,,,,,无效词,True,False,,False,,,False,False,False,,,无效词,无效词,结构性无成本无效益，先行归为无效词
947,4190,495817671,9630806627,21.98,25,49,0.8792,1.96,0.4762,0.5238,87,0.675898203593,0.327844311377,0.720808383234,0.728293413174,0.845434131737,0.501497005988,0.501871339184,0.708859326046,高,高,重点词,False,False,,True,0.00541263823051,0.21759178504,True,False,True,0.501871257485,0.699008233533,重点词,重点词,常规CRITIC+一维KMeans
948,4244,495817671,9630806627,14.34,17,46,0.843529411765,2.70588235294,0.9375,0.0625,181,0.601047904192,0.295658682635,0.657934131737,0.827844311377,0.369760479042,0.741766467066,0.448353365098,0.634253343981,低,高,黄金词,False,False,,True,0.0481053358561,0.142985802975,False,False,False,0.448353293413,0.649326347305,黄金词,黄金词,常规CRITIC+一维KMeans
949,4256,495817671,9630806627,187.93,58,100,3.24017241379,1.72413793103,0.8125,0.1875,194,0.87874251497,0.937874251497,0.833083832335,0.672904191617,0.515718562874,0.763473053892,0.908308369353,0.696069720911,高,高,重点词,False,False,,True,0.4118496684,0.204802179904,False,False,False,0.908308383234,0.69629491018,重点词,重点词,常规CRITIC+一维KMeans
950,4258,495817671,9630806627,0,0,0,,,,,,,,,,,,,,,,无效词,True,False,,False,,,False,False,False,,,无效词,无效词,结构性无成本无效益，先行归为无效词
951,4280,495817671,9630806627,19.71,26,27,0.758076923077,1.03846153846,0.913,0.087,58,0.661676646707,0.222305389222,0.729041916168,0.50748502994,0.394835329341,0.363023952096,0.441991121098,0.509532379921,低,高,黄金词,False,False,,True,0.0544675798554,0.0182648389149,False,False,False,0.441991017964,0.498596556886,潜力词,黄金词,常规CRITIC+一维KMeans
952,4286,495817671,9630806627,1.71,1,11,1.71,11,0,1,230,0.188622754491,0.815494011976,0.0815868263473,0.989146706587,0.953967065868,0.806137724551,0.502058236087,0.676087466428,高,高,重点词,False,False,,True,0.00559953513368,0.184819925422,True,False,True,0.502058383234,0.707709580838,重点词,重点词,常规CRITIC+一维KMeans
953,4326,495817671,9630806627,0,0,0,,,,,,,,,,,,,,,,无效词,True,False,,False,,,False,False,False,,,无效词,无效词,结构性无成本无效益，先行归为无效词
954,4331,495817671,9630806627,10.97,13,23,0.843846153846,1.76923076923,0.9167,0.0833,162,0.552395209581,0.296407185629,0.605164670659,0.685628742515,0.388847305389,0.711826347305,0.424401257693,0.586645019772,低,高,黄金词,False,False,,True,0.0720574432605,0.0953774787661,False,False,False,0.424401197605,0.597866766467,黄金词,黄金词,常规CRITIC+一维KMeans
955,4350,495817671,9630806627,0,0,0,,,,,,,,,,,,,,,,无效词,True,False,,False,,,False,False,False,,,无效词,无效词,结构性无成本无效益，先行归为无效词
956,4355,495817671,9630806627,19.69,16,32,1.230625,2,0.8182,0.1818,263,0.660928143713,0.577844311377,0.644461077844,0.744011976048,0.507859281437,0.842065868263,0.619386247047,0.671733509219,高,高,重点词,False,False,,True,0.122927546094,0.180465968213,False,False,False,0.619386227545,0.684599550898,重点词,重点词,常规CRITIC+一维KMeans
957,4364,495817671,9630806627,0,0,0,,,,,,,,,,,,,,,,无效词,True,False,,False,,,False,False,False,,,无效词,无效词,结构性无成本无效益，先行归为无效词
958,4419,495817671,9630806627,0,0,0,,,,,,,,,,,,,,,,无效词,True,False,,False,,,False,False,False,,,无效词,无效词,结构性无成本无效益，先行归为无效词
959,4447,495817671,9630806627,0,0,0,,,,,,,,,,,,,,,,无效词,True,False,,False,,,False,False,False,,,无效词,无效词,结构性无成本无效益，先行归为无效词
960,4467,495817671,9630806627,9.91,17,14,0.582941176471,0.823529411765,0.9231,0.0769,32,0.532934131737,0.120508982036,0.657934131737,0.236526946108,0.381362275449,0.247005988024,0.326721653695,0.400885202648,低,低,潜力词,False,False,,True,0.169737047258,0.0903823383585,False,False,False,0.326721556886,0.380707335329,潜力词,潜力词,常规CRITIC+一维KMeans
961,4480,495817671,9630806627,0,0,0,,,,,,,,,,,,,,,,无效词,True,False,,False,,,False,False,False,,,无效词,无效词,结构性无成本无效益，先行归为无效词
962,4522,495817671,9630806627,0,0,0,,,,,,,,,,,,,,,,无效词,True,False,,False,,,False,False,False,,,无效词,无效词,结构性无成本无效益，先行归为无效词
963,4538,495817671,9630806627,5.54,4,2,1.385,0.5,1,0,4,0.423652694611,0.671407185629,0.354416167665,0.109281437126,0.171407185629,0.126122754491,0.547529881964,0.201165749194,高,低,问题词,False,False,,True,0.0510711810104,0.290101791812,False,False,False,0.54752994012,0.190306886228,问题词,问题词,常规CRITIC+一维KMeans
964,4539,495817671,9630806627,25.13,28,25,0.8975,0.892857142857,0.9048,0.0952,56,0.699850299401,0.339820359281,0.745883233533,0.273203592814,0.405688622754,0.355164670659,0.519835413852,0.464625599052,高,低,问题词,False,False,,True,0.0233767128979,0.0266419419547,False,False,False,0.519835329341,0.44498502994,问题词,问题词,常规CRITIC+一维KMeans
965,4541,495817671,9630806627,0,0,0,,,,,,,,,,,,,,,,无效词,True,False,,False,,,False,False,False,,,无效词,无效词,结构性无成本无效益，先行归为无效词
966,4546,495817671,9630806627,33.96,44,38,0.771818181818,0.863636363636,0.9259,0.0741,82,0.740269461078,0.229790419162,0.802769461078,0.259730538922,0.377245508982,0.477919161677,0.485030059945,0.497132018621,低,高,黄金词,False,False,,True,0.0114286410085,0.00586447761486,True,True,True,0.48502994012,0.479416167665,潜力词,潜力词,常规CRITIC+一维KMeans
967,4563,495817671,9630806627,1429.75,374,522,3.82286096257,1.39572192513,0.854,0.146,130,0.934880239521,0.948353293413,0.925898203593,0.604041916168,0.464071856287,0.66130239521,0.941616763305,0.671633558428,高,高,重点词,False,False,,True,0.445158062351,0.180366017422,False,False,False,0.941616766467,0.663828592814,重点词,重点词,常规CRITIC+一维KMeans
968,4579,495817671,9630806627,193.14,89,82,2.17011235955,0.921348314607,0.9048,0.0952,94,0.880239520958,0.889221556886,0.864520958084,0.282934131737,0.405688622754,0.52245508982,0.884730536814,0.537609465278,高,高,重点词,False,False,,True,0.38827183586,0.0463419242719,False,False,False,0.884730538922,0.518899700599,重点词,重点词,常规CRITIC+一维KMeans
969,4593,495817671,9630806627,5.08,6,11,0.846666666667,1.83333333333,0.4,0.6,63,0.399326347305,0.298652694611,0.440119760479,0.69872754491,0.866766467066,0.39745508982,0.348989544589,0.604094768525,低,高,黄金词,False,False,,True,0.147469156364,0.112827227519,False,False,False,0.348989520958,0.600767215569,黄金词,黄金词,常规CRITIC+一维KMeans
970,4606,495817671,9630806627,1.3,1,0,1.3,0,0,1,0,0.13997005988,0.627245508982,0.0815868263473,0.0265718562874,0.953967065868,0.0310628742515,0.383607670052,0.297623280957,低,低,潜力词,False,False,,True,0.112851030901,0.193644260049,False,False,False,0.383607784431,0.273297155689,潜力词,潜力词,常规CRITIC+一维KMeans
971,4613,495817671,9630806627,0,0,0,,,,,,,,,,,,,,,,无效词,True,False,,False,,,False,False,False,,,无效词,无效词,结构性无成本无效益，先行归为无效词
972,4625,495817671,9630806627,0,0,0,,,,,,,,,,,,,,,,无效词,True,False,,False,,,False,False,False,,,无效词,无效词,结构性无成本无效益，先行归为无效词
973,4652,495817671,9630806627,194.44,90,101,2.16044444444,1.12222222222,0.8378,0.1622,73,0.880988023952,0.888473053892,0.866392215569,0.532934131737,0.476047904192,0.442365269461,0.884730537165,0.594488893923,高,高,重点词,False,False,,True,0.388271836212,0.103221352916,False,False,False,0.884730538922,0.57943488024,重点词,重点词,常规CRITIC+一维KMeans
974,4688,495817671,9630806627,2.48,5,9,0.496,1.8,0.6667,0.3333,638,0.258607784431,0.0890718562874,0.400449101796,0.693113772455,0.688622754491,0.965568862275,0.173839860155,0.666172484434,低,高,黄金词,False,False,,True,0.322618840799,0.174904943428,False,False,False,0.173839820359,0.686938622754,黄金词,黄金词,常规CRITIC+一维KMeans
975,4718,495817671,9630806627,1.41,1,0,1.41,0,0,1,0,0.153817365269,0.6875,0.0815868263473,0.0265718562874,0.953967065868,0.0310628742515,0.420658557363,0.297623280957,低,低,潜力词,False,False,,True,0.0758001435908,0.193644260049,False,False,False,0.420658682635,0.273297155689,潜力词,潜力词,常规CRITIC+一维KMeans
976,4721,495817671,9630806627,18.53,32,59,0.5790625,1.84375,0.72,0.28,191,0.648577844311,0.115269461078,0.760853293413,0.700973053892,0.629116766467,0.757859281437,0.381923777879,0.711056598767,低,高,黄金词,False,False,,True,0.114534923075,0.21978905776,False,False,False,0.381923652695,0.712200598802,黄金词,黄金词,常规CRITIC+一维KMeans
977,4735,495817671,9630806627,8,12,12,0.666666666667,1,0.9,0.1,54,0.497754491018,0.162425149701,0.585703592814,0.40119760479,0.41130239521,0.345434131737,0.330089899072,0.445419400171,低,低,潜力词,False,False,,True,0.166368801882,0.045848140835,False,False,False,0.330089820359,0.435909431138,潜力词,潜力词,常规CRITIC+一维KMeans
978,4751,495817671,9630806627,453.98,133,230,3.41338345865,1.72932330827,0.7905,0.2095,180,0.910928143713,0.942365269461,0.892964071856,0.675898203593,0.544910179641,0.739895209581,0.926646699208,0.716981206411,高,高,重点词,False,False,,True,0.430187998254,0.225713665404,False,False,False,0.926646706587,0.713416916168,重点词,重点词,常规CRITIC+一维KMeans
979,4760,495817671,9630806627,2556.38,436,1281,5.86325688073,2.9380733945,0.7647,0.2353,242,0.956586826347,0.973053892216,0.930389221557,0.84505988024,0.566616766467,0.818488023952,0.964820355416,0.787770468793,高,高,重点词,False,False,,True,0.468361654462,0.296502927787,False,False,False,0.964820359281,0.790138473054,重点词,重点词,常规CRITIC+一维KMeans
980,4762,495817671,9630806627,3.14,7,5,0.448571428571,0.714285714286,1,0,293,0.305763473054,0.0733532934132,0.47380239521,0.180763473054,0.171407185629,0.864895209581,0.189558437787,0.412191303858,低,低,潜力词,False,False,,True,0.306900263166,0.0790762371486,False,False,False,0.189558383234,0.422717065868,潜力词,潜力词,常规CRITIC+一维KMeans
981,4763,495817671,9630806627,0,0,0,,,,,,,,,,,,,,,,无效词,True,False,,False,,,False,False,False,,,无效词,无效词,结构性无成本无效益，先行归为无效词
982,4776,495817671,9630806627,17.93,25,29,0.7172,1.16,0.9,0.1,44,0.639221556886,0.192365269461,0.720808383234,0.540419161677,0.41130239521,0.300898203593,0.415793518065,0.505311008621,低,高,黄金词,False,False,,True,0.0806651828889,0.0140434676148,False,True,True,0.415793413174,0.493357035928,潜力词,潜力词,常规CRITIC+一维KMeans
983,4782,495817671,9630806627,42.62,45,50,0.947111111111,1.11111111111,0.8857,0.1143,76,0.76497005988,0.383982035928,0.806137724551,0.52994011976,0.427020958084,0.452844311377,0.574476137334,0.565183509103,高,高,重点词,False,False,,True,0.0780174363803,0.0739159680968,False,False,False,0.574476047904,0.553985778443,重点词,重点词,常规CRITIC+一维KMeans
984,4804,495817671,9630806627,24.55,27,65,0.909259259259,2.40740740741,0.619,0.381,96,0.696856287425,0.349550898204,0.738398203593,0.793413173653,0.737649700599,0.531437125749,0.523203674338,0.705144873104,高,高,重点词,False,False,,True,0.0267449733842,0.213877332098,False,False,False,0.523203592814,0.700224550898,重点词,重点词,常规CRITIC+一维KMeans
985,4807,495817671,9630806627,0.31,1,6,0.31,6,0,1,117,0.0235778443114,0.0396706586826,0.0815868263473,0.954715568862,0.953967065868,0.582709580838,0.0316242477195,0.619960914711,低,高,黄金词,False,False,,True,0.464834453234,0.128693373704,False,False,False,0.031624251497,0.643244760479,黄金词,黄金词,常规CRITIC+一维KMeans
986,4828,495817671,9630806627,159.62,47,88,3.39617021277,1.87234042553,0.7857,0.2143,201,0.865269461078,0.941616766467,0.809880239521,0.711826347305,0.549775449102,0.775823353293,0.903443095851,0.709832329501,高,高,重点词,False,False,,True,0.406984394898,0.218564788494,False,False,False,0.903443113772,0.711826347305,重点词,重点词,常规CRITIC+一维KMeans
987,4830,495817671,9630806627,0,0,0,,,,,,,,,,,,,,,,无效词,True,False,,False,,,False,False,False,,,无效词,无效词,结构性无成本无效益，先行归为无效词
988,4832,495817671,9630806627,171.45,73,180,2.34863013699,2.46575342466,0.7231,0.2769,162,0.873502994012,0.898203592814,0.852919161677,0.800149700599,0.625748502994,0.711826347305,0.885853287615,0.748471450101,高,高,重点词,False,False,,True,0.389394586662,0.257203909095,False,False,False,0.885853293413,0.747660928144,重点词,重点词,常规CRITIC+一维KMeans
989,4843,495817671,9630806627,12.41,21,22,0.590952380952,1.04761904762,0.9444,0.0556,46,0.574850299401,0.127994011976,0.692739520958,0.51122754491,0.363398203593,0.312874251497,0.35142226058,0.48027734407,低,低,潜力词,False,False,,True,0.145036440374,0.0109901969362,False,True,True,0.351422155689,0.47005988024,潜力词,潜力词,常规CRITIC+一维KMeans
990,4854,495817671,9630806627,7.17,12,10,0.5975,0.833333333333,1,0,58,0.47754491018,0.130239520958,0.585703592814,0.244386227545,0.171407185629,0.363023952096,0.303892297092,0.349341828543,低,低,潜力词,False,False,,True,0.192566403861,0.141925712464,False,False,False,0.303892215569,0.341130239521,潜力词,潜力词,常规CRITIC+一维KMeans
991,4870,495817671,9630806627,0,0,0,,,,,,,,,,,,,,,,无效词,True,False,,False,,,False,False,False,,,无效词,无效词,结构性无成本无效益，先行归为无效词
992,4887,495817671,9630806627,167.05,190,239,0.879210526316,1.25789473684,0.8592,0.1408,128,0.870508982036,0.328592814371,0.906437125749,0.569610778443,0.450598802395,0.65494011976,0.599551025408,0.653400962669,高,高,重点词,False,False,,True,0.103092324455,0.162133421663,False,False,False,0.599550898204,0.645396706587,重点词,重点词,常规CRITIC+一维KMeans
993,4923,495817671,9630806627,2.4,3,14,0.8,4.66666666667,0.3333,0.6667,244,0.25374251497,0.246631736527,0.294161676647,0.914296407186,0.883607784431,0.820733532934,0.250187127418,0.705413392982,低,高,黄金词,False,False,,True,0.246271573536,0.214145851975,False,False,False,0.250187125749,0.728199850299,黄金词,黄金词,常规CRITIC+一维KMeans
994,4927,495817671,9630806627,150.07,36,45,4.16861111111,1.25,0.72,0.28,193,0.863023952096,0.952095808383,0.773952095808,0.565119760479,0.629116766467,0.762350299401,0.907559859332,0.686229202647,高,高,重点词,False,False,,True,0.411101158378,0.19496166164,False,False,False,0.90755988024,0.682634730539,重点词,重点词,常规CRITIC+一维KMeans
995,4931,495817671,9630806627,1.62,3,2,0.54,0.666666666667,1,0,62,0.179266467066,0.101796407186,0.294161676647,0.161676646707,0.171407185629,0.388098802395,0.14053145531,0.252095859697,低,低,潜力词,False,False,,True,0.355927245643,0.239171681309,False,False,False,0.140531437126,0.253836077844,潜力词,潜力词,常规CRITIC+一维KMeans
996,4949,495817671,9630806627,0,0,0,,,,,,,,,,,,,,,,无效词,True,False,,False,,,False,False,False,,,无效词,无效词,结构性无成本无效益，先行归为无效词
997,4995,495817671,9630806627,182.38,142,50,1.28436619718,0.352112676056,0.8537,0.1463,105,0.874251497006,0.61377245509,0.895958083832,0.0830838323353,0.464820359281,0.559505988024,0.74401203719,0.527447237608,高,高,重点词,False,False,,True,0.247553336237,0.036179696602,False,False,False,0.744011976048,0.500842065868,问题词,重点词,常规CRITIC+一维KMeans
998,5009,495817671,9630806627,2.96,5,8,0.592,1.6,0.75,0.25,60,0.29378742515,0.12874251497,0.400449101796,0.652694610778,0.591317365269,0.370508982036,0.211265008801,0.501206038531,低,高,黄金词,False,False,,True,0.285193692153,0.00993849752456,False,True,True,0.21126497006,0.50374251497,黄金词,潜力词,常规CRITIC+一维KMeans
999,5027,495817671,9630806627,0.1,1,1,0.1,1,1,0,120,0.00112275449102,0.00112275449102,0.0815868263473,0.40119760479,0.171407185629,0.615643712575,0.00112275449102,0.292076747393,低,低,潜力词,False,False,,True,0.495335946463,0.199190793613,False,False,False,0.00112275449102,0.317458832335,潜力词,潜力词,常规CRITIC+一维KMeans
1000,5038,495817671,9630806627,0,0,0,,,,,,,,,,,,,,,,无效词,True,False,,False,,,False,False,False,,,无效词,无效词,结构性无成本无效益，先行归为无效词
1001,5048,495817671,9630806627,2.15,3,1,0.716666666667,0.333333333333,1,0,3,0.236526946108,0.191616766467,0.294161676647,0.0774700598802,0.171407185629,0.112275449102,0.214071866829,0.17371855179,低,低,潜力词,False,False,,True,0.282386834124,0.317548989217,False,False,False,0.214071856287,0.163828592814,潜力词,潜力词,常规CRITIC+一维KMeans
1002,5050,495817671,9630806627,13.37,21,16,0.636666666667,0.761904761905,1,0,35,0.586077844311,0.145958083832,0.692739520958,0.205464071856,0.171407185629,0.26122754491,0.366018067382,0.349793687826,低,低,潜力词,False,False,,True,0.130440633572,0.14147385318,False,False,False,0.366017964072,0.332709580838,潜力词,潜力词,常规CRITIC+一维KMeans
1003,5061,495817671,9630806627,1.26,1,1,1.26,1,1,0,120,0.130239520958,0.592065868263,0.0815868263473,0.40119760479,0.171407185629,0.615643712575,0.361152586206,0.292076747393,低,低,潜力词,False,False,,True,0.135306114748,0.199190793613,False,False,False,0.361152694611,0.317458832335,潜力词,潜力词,常规CRITIC+一维KMeans
1004,5071,495817671,9630806627,0,0,0,,,,,,,,,,,,,,,,无效词,True,False,,False,,,False,False,False,,,无效词,无效词,结构性无成本无效益，先行归为无效词
1005,5082,495817671,9630806627,0.74,1,0,0.74,0,0,1,0,0.065119760479,0.205838323353,0.0815868263473,0.0265718562874,0.953967065868,0.0310628742515,0.135479008885,0.297623280957,低,低,潜力词,False,False,,True,0.360979692068,0.193644260049,False,False,False,0.135479041916,0.273297155689,潜力词,潜力词,常规CRITIC+一维KMeans
1006,5122,495817671,9630806627,0,0,0,,,,,,,,,,,,,,,,无效词,True,False,,False,,,False,False,False,,,无效词,无效词,结构性无成本无效益，先行归为无效词
1007,5126,495817671,9630806627,0,0,0,,,,,,,,,,,,,,,,无效词,True,False,,False,,,False,False,False,,,无效词,无效词,结构性无成本无效益，先行归为无效词
1008,5194,495817671,9630806627,1244.51,197,219,6.31730964467,1.1116751269,0.9338,0.0662,118,0.928143712575,0.978293413174,0.908308383234,0.530688622754,0.372754491018,0.585329341317,0.953218551103,0.608984302445,高,高,重点词,False,False,,True,0.456759850149,0.117716761439,False,False,False,0.953218562874,0.599270209581,重点词,重点词,常规CRITIC+一维KMeans
1009,5199,495817671,9630806627,2.75,2,3,1.375,1.5,0.5,0.5,4,0.277694610778,0.667664670659,0.211826347305,0.630613772455,0.817739520958,0.126122754491,0.47267954918,0.450463257382,低,低,潜力词,False,False,,True,0.0237791517732,0.0408042836241,False,False,False,0.472679640719,0.446575598802,潜力词,潜力词,常规CRITIC+一维KMeans
1010,5210,495817671,9630806627,12400.94,6640,12836,1.86761144578,1.93313253012,0.408,0.592,379,0.984281437126,0.84505988024,0.983532934132,0.720808383234,0.863023952096,0.908682634731,0.914670691362,0.876965283272,高,高,重点词,False,False,,True,0.418211990409,0.385697742265,False,False,False,0.914670658683,0.869011976048,重点词,重点词,常规CRITIC+一维KMeans
1011,5259,495817671,9630806627,0,0,0,,,,,,,,,,,,,,,,无效词,True,False,,False,,,False,False,False,,,无效词,无效词,结构性无成本无效益，先行归为无效词
1012,5272,495817671,9630806627,0,0,0,,,,,,,,,,,,,,,,无效词,True,False,,False,,,False,False,False,,,无效词,无效词,结构性无成本无效益，先行归为无效词
1013,5273,495817671,9630806627,0.36,1,1,0.36,1,1,0,1,0.0291916167665,0.0508982035928,0.0815868263473,0.40119760479,0.171407185629,0.0737275449102,0.0400449050844,0.174145280648,低,低,潜力词,False,False,,True,0.456413795869,0.317122260358,False,False,False,0.0400449101796,0.181979790419,潜力词,潜力词,常规CRITIC+一维KMeans
1014,5274,495817671,9630806627,0,0,0,,,,,,,,,,,,,,,,无效词,True,False,,False,,,False,False,False,,,无效词,无效词,结构性无成本无效益，先行归为无效词
1015,5280,495817671,9630806627,0,0,0,,,,,,,,,,,,,,,,无效词,True,False,,False,,,False,False,False,,,无效词,无效词,结构性无成本无效益，先行归为无效词
1016,5282,495817671,9630806627,0,0,0,,,,,,,,,,,,,,,,无效词,True,False,,False,,,False,False,False,,,无效词,无效词,结构性无成本无效益，先行归为无效词
1017,5284,495817671,9630806627,0.91,1,1,0.91,1,1,0,4,0.0913173652695,0.351422155689,0.0815868263473,0.40119760479,0.171407185629,0.126122754491,0.221369699424,0.185547494284,低,低,潜力词,False,False,,True,0.275089001529,0.305720046723,False,False,False,0.221369760479,0.195078592814,潜力词,潜力词,常规CRITIC+一维KMeans
1018,5288,495817671,9630806627,41.91,24,24,1.74625,1,0.9375,0.0625,61,0.76122754491,0.821107784431,0.715194610778,0.40119760479,0.369760479042,0.377994011976,0.791167650615,0.478732783263,高,低,问题词,False,False,,True,0.294708949661,0.0125347577439,False,True,True,0.791167664671,0.466036676647,问题词,问题词,常规CRITIC+一维KMeans
1019,5304,495817671,9630806627,299.99,77,371,3.89597402597,4.81818181818,0.5352,0.4648,293,0.898203592814,0.950598802395,0.858158682635,0.921407185629,0.788173652695,0.864895209581,0.924401185306,0.854234595368,高,高,重点词,False,False,,True,0.427942484352,0.362967054361,False,False,False,0.924401197605,0.858158682635,重点词,重点词,常规CRITIC+一维KMeans
1020,5308,495817671,9630806627,0,0,0,,,,,,,,,,,,,,,,无效词,True,False,,False,,,False,False,False,,,无效词,无效词,结构性无成本无效益，先行归为无效词
1021,5345,495817671,9630806627,140.22,49,122,2.86163265306,2.48979591837,0.7429,0.2571,246,0.860778443114,0.925149700599,0.815868263473,0.803143712575,0.611526946108,0.823353293413,0.892964056746,0.758736718252,高,高,重点词,False,False,,True,0.396505355793,0.267469177246,False,False,False,0.892964071856,0.763473053892,重点词,重点词,常规CRITIC+一维KMeans
1022,5406,495817671,9630806627,0,0,0,,,,,,,,,,,,,,,,无效词,True,False,,False,,,False,False,False,,,无效词,无效词,结构性无成本无效益，先行归为无效词
1023,5428,495817671,9630806627,3.11,4,3,0.7775,0.75,1,0,7,0.303892215569,0.23502994012,0.354416167665,0.197604790419,0.171407185629,0.150074850299,0.269461094008,0.225628235149,低,低,潜力词,False,False,,True,0.226997606945,0.265639305858,False,False,False,0.269461077844,0.218375748503,潜力词,潜力词,常规CRITIC+一维KMeans
1024,5431,495817671,9630806627,0,0,0,,,,,,,,,,,,,,,,无效词,True,False,,False,,,False,False,False,,,无效词,无效词,结构性无成本无效益，先行归为无效词
1025,5486,495817671,9630806627,1121.76,52,93,21.5723076923,1.78846153846,0.7955,0.2045,234,0.925149700599,0.998502994012,0.822979041916,0.690868263473,0.540419161677,0.809131736527,0.961826330087,0.713754010666,高,高,重点词,False,False,,True,0.465367629133,0.222486469659,False,False,False,0.961826347305,0.715849550898,重点词,重点词,常规CRITIC+一维KMeans
1026,5493,495817671,9630806627,6217.86,3852,3190,1.61419003115,0.828141225337,0.8329,0.1671,153,0.975299401198,0.786676646707,0.976047904192,0.23877245509,0.49625748503,0.69872754491,0.880988068228,0.623551737339,高,高,重点词,False,False,,True,0.384529367274,0.132284196333,False,False,False,0.880988023952,0.602451347305,重点词,重点词,常规CRITIC+一维KMeans
1027,5501,495817671,9630806627,0.59,1,1,0.59,1,1,0,2,0.0490269461078,0.125748502994,0.0815868263473,0.40119760479,0.171407185629,0.0943113772455,0.087387706542,0.178624721719,低,低,潜力词,False,False,,True,0.409070994412,0.312642819287,False,False,False,0.0873877245509,0.187125748503,潜力词,潜力词,常规CRITIC+一维KMeans
1028,5527,495817671,9630806627,13.68,35,47,0.390857142857,1.34285714286,0.9643,0.0357,90,0.592814371257,0.060628742515,0.769461077844,0.594311377246,0.349550898204,0.510104790419,0.326721681807,0.559795843476,低,高,黄金词,False,False,,True,0.169737019147,0.0685283024693,False,False,False,0.326721556886,0.555857035928,黄金词,黄金词,常规CRITIC+一维KMeans
1029,5550,495817671,9630806627,0,0,0,,,,,,,,,,,,,,,,无效词,True,False,,False,,,False,False,False,,,无效词,无效词,结构性无成本无效益，先行归为无效词
1030,5588,495817671,9630806627,0,0,0,,,,,,,,,,,,,,,,无效词,True,False,,False,,,False,False,False,,,无效词,无效词,结构性无成本无效益，先行归为无效词
1031,5602,495817671,9630806627,1.5,1,1,1.5,1,1,0,524,0.167290419162,0.741017964072,0.0815868263473,0.40119760479,0.171407185629,0.947604790419,0.454154056945,0.364317915213,低,低,潜力词,False,False,,True,0.0423046440086,0.126949625793,False,False,False,0.454154191617,0.400449101796,潜力词,潜力词,常规CRITIC+一维KMeans
1032,5621,495817671,9630806627,200.67,223,215,0.899865470852,0.964125560538,0.9398,0.0602,63,0.883233532934,0.341317365269,0.911676646707,0.293413173653,0.366766467066,0.39745508982,0.612275576306,0.515722756259,高,高,重点词,False,False,,True,0.115816875353,0.0244552152522,False,False,False,0.612275449102,0.492327844311,问题词,重点词,常规CRITIC+一维KMeans
1033,5626,495817671,9630806627,1662.23,1045,802,1.5906507177,0.767464114833,0.868,0.132,137,0.941616766467,0.776946107784,0.952095808383,0.206586826347,0.446856287425,0.672155688623,0.859281475779,0.59026228006,高,高,重点词,False,False,,True,0.362822774825,0.0989947390537,False,False,False,0.859281437126,0.569423652695,重点词,重点词,常规CRITIC+一维KMeans
1034,5630,495817671,9630806627,5131.63,5913,4780,0.867855572467,0.808388296973,0.9174,0.0826,91,0.97380239521,0.316616766467,0.982035928144,0.233532934132,0.386976047904,0.513473053892,0.6452097351,0.553892163192,高,高,重点词,False,False,,True,0.148751034147,0.0626246221856,False,False,False,0.645209580838,0.529004491018,重点词,重点词,常规CRITIC+一维KMeans
1035,5653,495817671,9630806627,13.05,16,26,0.815625,1.625,0.9286,0.0714,72,0.583832335329,0.264221556886,0.644461077844,0.655314371257,0.375374251497,0.436377245509,0.42402702113,0.527816842152,低,高,黄金词,False,False,,True,0.0724316798232,0.0365493011454,False,False,False,0.424026946108,0.527881736527,黄金词,黄金词,常规CRITIC+一维KMeans
1036,5655,495817671,9630806627,3.04,5,4,0.608,0.8,1,0,63,0.299775449102,0.136601796407,0.400449101796,0.225299401198,0.171407185629,0.39745508982,0.218188661056,0.298868932568,低,低,潜力词,False,False,,True,0.278270039897,0.192398608439,False,False,False,0.218188622754,0.298652694611,潜力词,潜力词,常规CRITIC+一维KMeans
1037,5661,495817671,9630806627,0,0,0,,,,,,,,,,,,,,,,无效词,True,False,,False,,,False,False,False,,,无效词,无效词,结构性无成本无效益，先行归为无效词
1038,5672,495817671,9630806627,0,0,0,,,,,,,,,,,,,,,,无效词,True,False,,False,,,False,False,False,,,无效词,无效词,结构性无成本无效益，先行归为无效词
1039,5679,495817671,9630806627,28.92,27,42,1.07111111111,1.55555555556,0.8261,0.1739,109,0.717065868263,0.47754491018,0.738398203593,0.644835329341,0.5,0.568113772455,0.597305445445,0.615630703866,高,高,重点词,False,False,,True,0.100846744491,0.12436316286,False,False,False,0.597305389222,0.612836826347,重点词,重点词,常规CRITIC+一维KMeans
1040,5696,495817671,9630806627,0,0,0,,,,,,,,,,,,,,,,无效词,True,False,,False,,,False,False,False,,,无效词,无效词,结构性无成本无效益，先行归为无效词
1041,5702,495817671,9630806627,924.69,93,107,9.94290322581,1.15053763441,0.8919,0.1081,96,0.920658682635,0.991017964072,0.868637724551,0.537425149701,0.416916167665,0.531437125749,0.955838306838,0.599302263242,高,高,重点词,False,False,,True,0.459379605884,0.108034722236,False,False,False,0.955838323353,0.588604041916,重点词,重点词,常规CRITIC+一维KMeans
1042,5713,495817671,9630806627,42.48,38,52,1.11789473684,1.36842105263,0.875,0.125,60,0.764221556886,0.508982035928,0.778817365269,0.600673652695,0.439371257485,0.370508982036,0.63660185632,0.558130933259,高,高,重点词,False,False,,True,0.140143155366,0.0668633922528,False,False,False,0.636601796407,0.547342814371,重点词,重点词,常规CRITIC+一维KMeans
1043,5721,495817671,9630806627,0,0,0,,,,,,,,,,,,,,,,无效词,True,False,,False,,,False,False,False,,,无效词,无效词,结构性无成本无效益，先行归为无效词
1044,5723,495817671,9630806627,16.57,18,13,0.920555555556,0.722222222222,1,0,93,0.625748502994,0.363023952096,0.670658682635,0.184131736527,0.171407185629,0.519086826347,0.494386289215,0.39484627444,低,低,潜力词,False,False,,True,0.00207241173907,0.0964212665664,True,False,True,0.494386227545,0.386321107784,潜力词,潜力词,常规CRITIC+一维KMeans
1045,5734,495817671,9630806627,4.55,4,7,1.1375,1.75,0.75,0.25,93,0.375,0.524700598802,0.354416167665,0.680389221557,0.591317365269,0.519086826347,0.449850264262,0.526205560835,低,高,黄金词,False,False,,True,0.0466084366918,0.0349380198288,False,False,False,0.449850299401,0.53630239521,黄金词,黄金词,常规CRITIC+一维KMeans
1046,5742,495817671,9630806627,1.27,1,1,1.27,1,1,0,4,0.133233532934,0.603293413174,0.0815868263473,0.40119760479,0.171407185629,0.126122754491,0.368263362716,0.185547494284,低,低,潜力词,False,False,,True,0.128195338237,0.305720046723,False,False,False,0.368263473054,0.195078592814,潜力词,潜力词,常规CRITIC+一维KMeans
1047,5767,495817671,9630806627,18.66,14,12,1.33285714286,0.857142857143,0.9091,0.0909,48,0.652320359281,0.640718562874,0.619760479042,0.256736526946,0.398577844311,0.31998502994,0.646519463801,0.414801134279,高,低,问题词,False,False,,True,0.150060762848,0.0764664067275,False,False,False,0.646519461078,0.39876497006,问题词,问题词,常规CRITIC+一维KMeans
1048,5783,495817671,9630806627,170.77,117,128,1.45957264957,1.09401709402,0.8571,0.1429,129,0.872754491018,0.717065868263,0.885104790419,0.524700598802,0.457709580838,0.658308383234,0.794910216186,0.640098252459,高,高,重点词,False,False,,True,0.298451515232,0.148830711452,False,False,False,0.794910179641,0.631455838323,重点词,重点词,常规CRITIC+一维KMeans
1049,5787,495817671,9630806627,0,0,0,,,,,,,,,,,,,,,,无效词,True,False,,False,,,False,False,False,,,无效词,无效词,结构性无成本无效益，先行归为无效词
1050,5795,495817671,9630806627,1.29,1,1,1.29,1,1,0,1,0.137350299401,0.618263473054,0.0815868263473,0.40119760479,0.171407185629,0.0737275449102,0.377806773342,0.174145280648,低,低,潜力词,False,False,,True,0.118651927611,0.317122260358,False,False,False,0.377806886228,0.181979790419,潜力词,潜力词,常规CRITIC+一维KMeans
1051,5813,495817671,9630806627,2.31,3,3,0.77,1,1,0,43,0.246631736527,0.229041916168,0.294161676647,0.40119760479,0.171407185629,0.294535928144,0.237836830476,0.283938276964,低,低,潜力词,False,False,,True,0.258621870477,0.207329264042,False,False,False,0.237836826347,0.290325598802,潜力词,潜力词,常规CRITIC+一维KMeans
1052,5831,495817671,9630806627,0,0,0,,,,,,,,,,,,,,,,无效词,True,False,,False,,,False,False,False,,,无效词,无效词,结构性无成本无效益，先行归为无效词
1053,5832,495817671,9630806627,5.52,8,6,0.69,0.75,1,0,25,0.42252994012,0.180763473054,0.504491017964,0.197604790419,0.171407185629,0.223053892216,0.301646763337,0.285098032324,低,低,潜力词,False,False,,True,0.194811937617,0.206169508682,False,False,False,0.301646706587,0.274139221557,潜力词,潜力词,常规CRITIC+一维KMeans
1054,5833,495817671,9630806627,0,0,0,,,,,,,,,,,,,,,,无效词,True,False,,False,,,False,False,False,,,无效词,无效词,结构性无成本无效益，先行归为无效词
1055,5834,495817671,9630806627,1229.83,157,191,7.83331210191,1.21656050955,0.8879,0.1121,160,0.927395209581,0.986526946108,0.899700598802,0.556886227545,0.425149700599,0.708832335329,0.956961063964,0.653426312205,高,高,重点词,False,False,,True,0.460502363011,0.162158771199,False,False,False,0.956961077844,0.647642215569,重点词,重点词,常规CRITIC+一维KMeans
1056,5862,495817671,9630806627,0,0,0,,,,,,,,,,,,,,,,无效词,True,False,,False,,,False,False,False,,,无效词,无效词,结构性无成本无效益，先行归为无效词
1057,5870,495817671,9630806627,7.27,11,10,0.660909090909,0.909090909091,1,0,28,0.480538922156,0.157934131737,0.567739520958,0.277694610778,0.171407185629,0.233158682635,0.319236602672,0.323122645373,低,低,潜力词,False,False,,True,0.177222098282,0.168144895634,False,False,False,0.319236526946,0.3125,潜力词,潜力词,常规CRITIC+一维KMeans
1058,5895,495817671,9630806627,40.9,33,22,1.23939393939,0.666666666667,0.95,0.05,46,0.75748502994,0.579341317365,0.763847305389,0.161676646707,0.357784431138,0.312874251497,0.668413215469,0.423207470327,高,低,问题词,False,False,,True,0.171954514515,0.0680600706792,False,False,False,0.668413173653,0.399045658683,问题词,问题词,常规CRITIC+一维KMeans
1059,5917,495817671,9630806627,0,0,0,,,,,,,,,,,,,,,,无效词,True,False,,False,,,False,False,False,,,无效词,无效词,结构性无成本无效益，先行归为无效词
1060,5944,495817671,9630806627,0,0,0,,,,,,,,,,,,,,,,无效词,True,False,,False,,,False,False,False,,,无效词,无效词,结构性无成本无效益，先行归为无效词
1061,5964,495817671,9630806627,0,0,0,,,,,,,,,,,,,,,,无效词,True,False,,False,,,False,False,False,,,无效词,无效词,结构性无成本无效益，先行归为无效词
1062,5980,495817671,9630806627,9.57,8,6,1.19625,0.75,1,0,43,0.526571856287,0.561002994012,0.504491017964,0.197604790419,0.171407185629,0.294535928144,0.543787417068,0.300653909498,高,低,问题词,False,False,,True,0.047328716114,0.190613631508,False,False,False,0.54378742515,0.292009730539,问题词,问题词,常规CRITIC+一维KMeans
1063,6004,495817671,9630806627,42.67,39,74,1.0941025641,1.89743589744,0.8065,0.1935,126,0.765718562874,0.491766467066,0.78255988024,0.717814371257,0.519461077844,0.650074850299,0.628742579275,0.667531324373,高,高,重点词,False,False,,True,0.132283878322,0.176263783366,False,False,False,0.62874251497,0.66747754491,重点词,重点词,常规CRITIC+一维KMeans
1064,6069,495817671,9630806627,0,0,0,,,,,,,,,,,,,,,,无效词,True,False,,False,,,False,False,False,,,无效词,无效词,结构性无成本无效益，先行归为无效词
1065,6076,495817671,9630806627,0,0,0,,,,,,,,,,,,,,,,无效词,True,False,,False,,,False,False,False,,,无效词,无效词,结构性无成本无效益，先行归为无效词
1066,6091,495817671,9630806627,6.28,7,45,0.897142857143,6.42857142857,0.5,0.5,466,0.451721556886,0.339071856287,0.47380239521,0.962574850299,0.817739520958,0.935254491018,0.395396733029,0.774985846783,低,高,黄金词,False,False,,True,0.101061967924,0.283718305776,False,False,False,0.395396706587,0.797342814371,黄金词,黄金词,常规CRITIC+一维KMeans
1067,6095,495817671,9630806627,0,0,0,,,,,,,,,,,,,,,,无效词,True,False,,False,,,False,False,False,,,无效词,无效词,结构性无成本无效益，先行归为无效词
1068,6119,495817671,9630806627,1007.59,169,182,5.96207100592,1.07692307692,0.8915,0.1085,86,0.922155688623,0.97380239521,0.904191616766,0.519461077844,0.418413173653,0.495883233533,0.947979029793,0.598386313346,高,高,重点词,False,False,,True,0.451520328839,0.107118772339,False,False,False,0.947979041916,0.584487275449,重点词,重点词,常规CRITIC+一维KMeans
1069,6133,495817671,9630806627,76.35,40,98,1.90875,2.45,0.575,0.425,173,0.814371257485,0.857035928144,0.787799401198,0.798652694611,0.765344311377,0.729416167665,0.8357035828,0.77130711821,高,高,重点词,False,False,,True,0.339244881846,0.280039577204,False,False,False,0.835703592814,0.770303143713,重点词,重点词,常规CRITIC+一维KMeans
1070,6148,495817671,9630806627,12.03,14,19,0.859285714286,1.35714285714,0.8462,0.1538,51,0.567365269461,0.309880239521,0.619760479042,0.598053892216,0.466691616766,0.333083832335,0.438622814931,0.510704067527,低,高,黄金词,False,False,,True,0.0578358860228,0.0194365265207,False,False,False,0.438622754491,0.50439745509,黄金词,黄金词,常规CRITIC+一维KMeans
1071,6154,495817671,9630806627,4.51,6,5,0.751666666667,0.833333333333,1,0,34,0.373128742515,0.218562874251,0.440119760479,0.244386227545,0.171407185629,0.258982035928,0.295845844665,0.284416530885,低,低,潜力词,False,False,,True,0.200612856289,0.206851010122,False,False,False,0.295845808383,0.278723802395,潜力词,潜力词,常规CRITIC+一维KMeans
1072,6157,495817671,9630806627,6.75,7,17,0.964285714286,2.42857142857,0.6,0.4,366,0.467814371257,0.400449101796,0.47380239521,0.794535928144,0.748877245509,0.899700598802,0.43413175234,0.711757148486,低,高,黄金词,False,False,,True,0.0623269486139,0.220489607479,False,False,False,0.434131736527,0.729229041916,黄金词,黄金词,常规CRITIC+一维KMeans
1073,6159,495817671,9630806627,2951.62,1910,1493,1.54535078534,0.78167539267,0.8262,0.1738,168,0.962574850299,0.759730538922,0.961077844311,0.214820359281,0.499251497006,0.719685628743,0.861152742225,0.619364651224,高,高,重点词,False,False,,True,0.364694041271,0.128097110217,False,False,False,0.861152694611,0.598708832335,重点词,重点词,常规CRITIC+一维KMeans
1074,6203,495817671,9630806627,0,0,0,,,,,,,,,,,,,,,,无效词,True,False,,False,,,False,False,False,,,无效词,无效词,结构性无成本无效益，先行归为无效词
1075,6209,495817671,9630806627,7.2,4,3,1.8,0.75,1,0,2,0.479041916168,0.833458083832,0.354416167665,0.197604790419,0.171407185629,0.0943113772455,0.656249916807,0.213493022065,高,低,问题词,False,False,,True,0.159791215854,0.277774518941,False,False,False,0.65625,0.20443488024,问题词,问题词,常规CRITIC+一维KMeans
1076,6210,495817671,9630806627,0,0,0,,,,,,,,,,,,,,,,无效词,True,False,,False,,,False,False,False,,,无效词,无效词,结构性无成本无效益，先行归为无效词
1077,6250,495817671,9630806627,3,3,3,1,1,1,0,80,0.296781437126,0.433008982036,0.294161676647,0.40119760479,0.171407185629,0.470808383234,0.364895177604,0.322298581409,低,低,潜力词,False,False,,True,0.13156352335,0.168968959597,False,False,False,0.364895209581,0.334393712575,潜力词,潜力词,常规CRITIC+一维KMeans
1078,6256,495817671,9630806627,127.35,41,59,3.10609756098,1.43902439024,0.8235,0.1765,125,0.854790419162,0.934880239521,0.791916167665,0.612275449102,0.501871257485,0.647829341317,0.894835310542,0.64193854617,高,高,重点词,False,False,,True,0.398376609588,0.150671005163,False,False,False,0.894835329341,0.638473053892,重点词,重点词,常规CRITIC+一维KMeans
1079,6259,495817671,9630806627,0,0,0,,,,,,,,,,,,,,,,无效词,True,False,,False,,,False,False,False,,,无效词,无效词,结构性无成本无效益，先行归为无效词
1080,6261,495817671,9630806627,136.68,48,89,2.8475,1.85416666667,0.619,0.381,635,0.86002994012,0.924401197605,0.812874251497,0.704341317365,0.737649700599,0.964820359281,0.892215553752,0.801675310654,高,高,重点词,False,False,,True,0.395756852799,0.310407769647,False,False,False,0.892215568862,0.804921407186,重点词,重点词,常规CRITIC+一维KMeans
1081,6270,495817671,9630806627,0.9,2,1,0.45,0.5,1,0,5,0.0886976047904,0.0744760479042,0.211826347305,0.109281437126,0.171407185629,0.134356287425,0.0815868296855,0.161543355347,低,低,潜力词,False,False,,True,0.414871871268,0.32972418566,False,False,False,0.0815868263473,0.156717814371,潜力词,潜力词,常规CRITIC+一维KMeans
1082,6280,495817671,9630806627,3.71,4,4,0.9275,1,1,0,24,0.332709580838,0.368637724551,0.354416167665,0.40119760479,0.171407185629,0.217814371257,0.350673644261,0.284742654579,低,低,潜力词,False,False,,True,0.145785056692,0.206524886427,False,False,False,0.350673652695,0.286208832335,潜力词,潜力词,常规CRITIC+一维KMeans
1083,6315,495817671,9630806627,20.1,21,16,0.957142857143,0.761904761905,1,0,100,0.664670658683,0.39371257485,0.692739520958,0.205464071856,0.171407185629,0.545284431138,0.529191680369,0.411609974608,高,低,问题词,False,False,,True,0.0327329794152,0.0796575663988,False,False,False,0.529191616766,0.403723802395,问题词,问题词,常规CRITIC+一维KMeans
1084,6360,495817671,9630806627,31984.96,19838,39158,1.61230769231,1.97388849682,0.6224,0.3776,273,0.991766467066,0.785928143713,0.99251497006,0.730538922156,0.733532934132,0.849176646707,0.888847353706,0.833266142476,高,高,重点词,False,False,,True,0.392388652752,0.34199860147,False,False,False,0.888847305389,0.826440868263,重点词,重点词,常规CRITIC+一维KMeans
1085,6378,495817671,9630806627,1.85,3,2,0.616666666667,0.666666666667,1,0,5,0.205838323353,0.140344311377,0.294161676647,0.161676646707,0.171407185629,0.134356287425,0.173091332739,0.196876567948,低,低,潜力词,False,False,,True,0.323367368215,0.294390973059,False,False,False,0.173091317365,0.190400449102,潜力词,潜力词,常规CRITIC+一维KMeans
1086,6390,495817671,9630806627,0,0,0,,,,,,,,,,,,,,,,无效词,True,False,,False,,,False,False,False,,,无效词,无效词,结构性无成本无效益，先行归为无效词
1087,6435,495817671,9630806627,0,0,0,,,,,,,,,,,,,,,,无效词,True,False,,False,,,False,False,False,,,无效词,无效词,结构性无成本无效益，先行归为无效词
1088,6436,495817671,9630806627,0,0,0,,,,,,,,,,,,,,,,无效词,True,False,,False,,,False,False,False,,,无效词,无效词,结构性无成本无效益，先行归为无效词
1089,6463,495817671,9630806627,127.09,21,177,6.0519047619,8.42857142857,0.4091,0.5909,401,0.854041916168,0.975299401198,0.692739520958,0.976422155689,0.861526946108,0.917664670659,0.91467063022,0.849761903287,高,高,重点词,False,False,,True,0.418211929266,0.35849436228,False,False,False,0.914670658683,0.862088323353,重点词,重点词,常规CRITIC+一维KMeans
1090,6474,495817671,9630806627,23.07,18,34,1.28166666667,1.88888888889,0.625,0.375,273,0.686377245509,0.61002994012,0.670658682635,0.715943113772,0.73128742515,0.849176646707,0.648203610735,0.735988943512,高,高,重点词,False,False,,True,0.151744909782,0.244721402506,False,False,False,0.648203592814,0.741766467066,重点词,重点词,常规CRITIC+一维KMeans
1091,6486,495817671,9630806627,186.06,55,295,3.38290909091,5.36363636364,0.463,0.537,267,0.877994011976,0.940868263473,0.829715568862,0.943862275449,0.848053892216,0.845808383234,0.909431122966,0.863120399262,高,高,重点词,False,False,,True,0.412972422012,0.371852858256,False,False,False,0.909431137725,0.86686002994,重点词,重点词,常规CRITIC+一维KMeans
1092,6489,495817671,9630806627,1542.48,551,581,2.79941923775,1.05444646098,0.8906,0.1094,109,0.937874251497,0.922904191617,0.935628742515,0.513473053892,0.419161676647,0.568113772455,0.930389225071,0.622135755701,高,高,重点词,False,False,,True,0.433930524117,0.130868214694,False,False,False,0.930389221557,0.609094311377,重点词,重点词,常规CRITIC+一维KMeans
1093,6500,495817671,9630806627,0,0,0,,,,,,,,,,,,,,,,无效词,True,False,,False,,,False,False,False,,,无效词,无效词,结构性无成本无效益，先行归为无效词
1094,6504,495817671,9630806627,269.55,136,212,1.98198529412,1.55882352941,0.814,0.186,184,0.895209580838,0.869760479042,0.895209580838,0.645958083832,0.513847305389,0.744386227545,0.882485035914,0.703574428781,高,高,重点词,False,False,,True,0.38602633496,0.212306887774,False,False,False,0.88248502994,0.699850299401,重点词,重点词,常规CRITIC+一维KMeans
1095,6505,495817671,9630806627,0,0,0,,,,,,,,,,,,,,,,无效词,True,False,,False,,,False,False,False,,,无效词,无效词,结构性无成本无效益，先行归为无效词
1096,6510,495817671,9630806627,45.13,28,155,1.61178571429,5.53571428571,0.3333,0.6667,517,0.77245508982,0.785179640719,0.745883233533,0.946856287425,0.883607784431,0.945359281437,0.778817362283,0.870830009457,高,高,重点词,False,False,,True,0.282358661329,0.379562468451,False,False,False,0.778817365269,0.880426646707,重点词,重点词,常规CRITIC+一维KMeans
1097,6514,495817671,9630806627,0,0,0,,,,,,,,,,,,,,,,无效词,True,False,,False,,,False,False,False,,,无效词,无效词,结构性无成本无效益，先行归为无效词
1098,6538,495817671,9630806627,1.11,1,1,1.11,1,1,0,9,0.115643712575,0.50374251497,0.0815868263473,0.40119760479,0.171407185629,0.163547904192,0.309693022674,0.193691932595,低,低,潜力词,False,False,,True,0.18676567828,0.297575608411,False,False,False,0.309693113772,0.20443488024,潜力词,潜力词,常规CRITIC+一维KMeans
1099,6548,495817671,9630806627,0,0,0,,,,,,,,,,,,,,,,无效词,True,False,,False,,,False,False,False,,,无效词,无效词,结构性无成本无效益，先行归为无效词
1100,6549,495817671,9630806627,0,0,0,,,,,,,,,,,,,,,,无效词,True,False,,False,,,False,False,False,,,无效词,无效词,结构性无成本无效益，先行归为无效词
1101,6578,495817671,9630806627,9.86,32,3,0.308125,0.09375,1,0,18,0.532185628743,0.0374251497006,0.760853293413,0.0553892215569,0.171407185629,0.200224550898,0.284805505357,0.323592636693,低,低,潜力词,False,False,,True,0.211653195596,0.167674904313,False,False,False,0.284805389222,0.296968562874,潜力词,潜力词,常规CRITIC+一维KMeans
1102,6596,495817671,9630806627,1.48,3,1,0.493333333333,0.333333333333,1,0,1,0.162799401198,0.0875748502994,0.294161676647,0.0774700598802,0.171407185629,0.0737275449102,0.125187143406,0.165329780329,低,低,潜力词,False,False,,True,0.371271557548,0.325937760677,False,False,False,0.125187125749,0.154191616766,潜力词,潜力词,常规CRITIC+一维KMeans
1103,6607,495817671,9630806627,0,0,0,,,,,,,,,,,,,,,,无效词,True,False,,False,,,False,False,False,,,无效词,无效词,结构性无成本无效益，先行归为无效词
1104,6617,495817671,9630806627,17.81,11,19,1.61909090909,1.72727272727,0.7,0.3,324,0.637724550898,0.788173652695,0.567739520958,0.674026946108,0.650823353293,0.880988023952,0.712949066481,0.681837772891,高,高,重点词,False,False,,True,0.216490365528,0.190570231885,False,False,False,0.712949101796,0.693394461078,重点词,重点词,常规CRITIC+一维KMeans
1105,434,500635396,9657930100,18.54,7,12,2.64857142857,1.71428571429,0.7143,0.2857,50,0.649700598802,0.915419161677,0.47380239521,0.671407185629,0.636976047904,0.329341317365,0.782559817867,0.53014042618,高,高,重点词,False,False,,True,0.286101116913,0.0388728851739,False,False,False,0.78255988024,0.527881736527,重点词,重点词,常规CRITIC+一维KMeans
1106,509,500635396,9657930100,2532.96,350,889,7.23702857143,2.54,0.5478,0.4522,192,0.955838323353,0.982784431138,0.924401197605,0.811377245509,0.784431137725,0.760479041916,0.96931137092,0.825744872431,高,高,重点词,False,False,,True,0.472852669967,0.334477331425,False,False,False,0.969311377246,0.820172155689,重点词,重点词,常规CRITIC+一维KMeans
1107,797,500635396,9657930100,8332.06,3712,9168,2.24462823276,2.46982758621,0.6722,0.3278,213,0.97754491018,0.89371257485,0.975299401198,0.801646706587,0.669910179641,0.791167664671,0.935628762193,0.813708157416,高,高,重点词,False,False,,True,0.439170061239,0.32244061641,False,False,False,0.935628742515,0.809505988024,重点词,重点词,常规CRITIC+一维KMeans
1108,844,500635396,9657930100,38287.88,15931,48781,2.40335697696,3.06201745025,0.5177,0.4823,229,0.993263473054,0.90119760479,0.98877245509,0.859281437126,0.793413173653,0.803892215569,0.947230560533,0.866790256703,高,高,重点词,False,False,,True,0.450771859579,0.375522715697,False,False,False,0.947230538922,0.861339820359,重点词,重点词,常规CRITIC+一维KMeans
1109,861,500635396,9657930100,4227.49,768,2244,5.50454427083,2.921875,0.5787,0.4213,239,0.968562874251,0.968562874251,0.943862275449,0.842814371257,0.762724550898,0.81624251497,0.968562874251,0.844436774427,高,高,重点词,False,False,,True,0.472104173298,0.353169233421,False,False,False,0.968562874251,0.841410928144,重点词,重点词,常规CRITIC+一维KMeans
1110,919,500635396,9657930100,0,0,0,,,,,,,,,,,,,,,,无效词,True,False,,False,,,False,False,False,,,无效词,无效词,结构性无成本无效益，先行归为无效词
1111,998,500635396,9657930100,2.91,1,3,2.91,3,0,1,189,0.289296407186,0.928892215569,0.0815868263473,0.852170658683,0.953967065868,0.754491017964,0.609094161244,0.634994257537,高,高,重点词,False,False,,True,0.112635460291,0.14372671653,False,False,False,0.609094311377,0.660553892216,重点词,重点词,常规CRITIC+一维KMeans
1112,1380,500635396,9657930100,0,0,0,,,,,,,,,,,,,,,,无效词,True,False,,False,,,False,False,False,,,无效词,无效词,结构性无成本无效益，先行归为无效词
1113,1934,500635396,9657930100,4656.78,2449,5135,1.90150265414,2.09677419355,0.6731,0.3269,189,0.973053892216,0.855538922156,0.967065868263,0.761976047904,0.669161676647,0.754491017964,0.91429643477,0.794483950581,高,高,重点词,False,False,,True,0.417837733816,0.303216409574,False,False,False,0.914296407186,0.788173652695,重点词,重点词,常规CRITIC+一维KMeans
1114,1998,500635396,9657930100,418.66,97,484,4.31608247423,4.98969072165,0.494,0.506,369,0.907934131737,0.955838323353,0.872005988024,0.924401197605,0.841317365269,0.90119760479,0.9318862163,0.881369846146,高,高,重点词,False,False,,True,0.435427515347,0.390102305139,False,False,False,0.931886227545,0.884730538922,重点词,重点词,常规CRITIC+一维KMeans
1115,2253,500635396,9657930100,70.6,27,62,2.61481481481,2.2962962963,0.6364,0.3636,295,0.809880239521,0.913173652695,0.738398203593,0.783682634731,0.723428143713,0.866766467066,0.861526921862,0.77210173308,高,高,重点词,False,False,,True,0.365068220908,0.280834192074,False,False,False,0.861526946108,0.778068862275,重点词,重点词,常规CRITIC+一维KMeans
1116,2531,500635396,9657930100,0,0,0,,,,,,,,,,,,,,,,无效词,True,False,,False,,,False,False,False,,,无效词,无效词,结构性无成本无效益，先行归为无效词
1117,2533,500635396,9657930100,172871.87,59522,156572,2.90433570781,2.63048956688,0.5621,0.4379,222,1,0.928143712575,0.998502994012,0.820359281437,0.777694610778,0.796032934132,0.964071873154,0.855116316004,高,高,重点词,False,False,,True,0.467613172201,0.363848774998,False,False,False,0.964071856287,0.84814745509,重点词,重点词,常规CRITIC+一维KMeans
1118,2818,500635396,9657930100,13968.87,6980,12860,2.00127077364,1.84240687679,0.6439,0.3561,136,0.985778443114,0.872005988024,0.985778443114,0.699850299401,0.714820359281,0.670284431138,0.928892242275,0.780563551511,高,高,重点词,False,False,,True,0.432433541321,0.289296010505,False,False,False,0.928892215569,0.767683383234,重点词,重点词,常规CRITIC+一维KMeans
1119,2832,500635396,9657930100,164553.1,74970,173306,2.19491930105,2.3116713352,0.5672,0.4328,212,0.999251497006,0.88997005988,0.999251497006,0.785179640719,0.774700598802,0.789296407186,0.944610804095,0.845379999228,高,高,重点词,False,False,,True,0.448152103141,0.354112458222,False,False,False,0.944610778443,0.837107035928,重点词,重点词,常规CRITIC+一维KMeans
1120,2874,500635396,9657930100,103832.28,39270,110134,2.64406111536,2.80453272218,0.5535,0.4465,234,0.998502994012,0.914670658683,0.99625748503,0.836826347305,0.782185628743,0.809131736527,0.956586846025,0.862134155458,高,高,重点词,False,False,,True,0.460128145072,0.370866614452,False,False,False,0.956586826347,0.856100299401,重点词,重点词,常规CRITIC+一维KMeans
1121,2992,500635396,9657930100,10.54,3,38,3.51333333333,12.6666666667,0,1,686,0.544535928144,0.943862275449,0.294161676647,0.99251497006,0.953967065868,0.976047904192,0.744199008062,0.775538138543,高,高,重点词,False,False,,True,0.247740307108,0.284270597537,False,False,False,0.744199101796,0.804172904192,重点词,重点词,常规CRITIC+一维KMeans
1122,3324,500635396,9657930100,0,0,0,,,,,,,,,,,,,,,,无效词,True,False,,False,,,False,False,False,,,无效词,无效词,结构性无成本无效益，先行归为无效词
1123,3366,500635396,9657930100,513.5,239,700,2.14853556485,2.92887029289,0.5176,0.4824,236,0.912425149701,0.88622754491,0.913922155689,0.844311377246,0.794161676647,0.812874251497,0.899326353455,0.843947561433,高,高,重点词,False,False,,True,0.402867652501,0.352680020427,False,False,False,0.899326347305,0.841317365269,重点词,重点词,常规CRITIC+一维KMeans
1124,3408,500635396,9657930100,12956.21,6733,12890,1.92428486559,1.91445121046,0.5714,0.4286,229,0.98502994012,0.860778443114,0.984281437126,0.72005988024,0.769835329341,0.803892215569,0.922904220782,0.828682528978,高,高,重点词,False,False,,True,0.426445519829,0.337414987972,False,False,False,0.922904191617,0.819517215569,重点词,重点词,常规CRITIC+一维KMeans
1125,3567,500635396,9657930100,38819.52,16735,32505,2.31966059157,1.94233642068,0.6115,0.3885,175,0.994011976048,0.89745508982,0.990269461078,0.723053892216,0.739520958084,0.733532934132,0.945733555599,0.807456924896,高,高,重点词,False,False,,True,0.449274854645,0.31618938389,False,False,False,0.945733532934,0.796594311377,重点词,重点词,常规CRITIC+一维KMeans
1126,3587,500635396,9657930100,7.03,6,11,1.17166666667,1.83333333333,0.3333,0.6667,77,0.473053892216,0.548652694611,0.440119760479,0.69872754491,0.883607784431,0.459206586826,0.510853275668,0.622147414919,高,高,重点词,False,False,,True,0.0143945747142,0.130879873912,True,False,True,0.510853293413,0.620415419162,重点词,重点词,常规CRITIC+一维KMeans
1127,3935,500635396,9657930100,0,0,0,,,,,,,,,,,,,,,,无效词,True,False,,False,,,False,False,False,,,无效词,无效词,结构性无成本无效益，先行归为无效词
1128,4127,500635396,9657930100,20.95,13,14,1.61153846154,1.07692307692,0.8333,0.1667,46,0.672155688623,0.784431137725,0.605164670659,0.519461077844,0.487275449102,0.312874251497,0.728293386819,0.490577275676,高,低,问题词,False,False,,True,0.231834685865,0.000690265329996,False,True,True,0.728293413174,0.481193862275,问题词,问题词,常规CRITIC+一维KMeans
1129,4196,500635396,9657930100,657.56,352,563,1.86806818182,1.59943181818,0.659,0.341,152,0.915419161677,0.845808383234,0.925149700599,0.65119760479,0.708832335329,0.695733532934,0.880613788795,0.756248107971,高,高,重点词,False,False,,True,0.384155087841,0.264980566964,False,False,False,0.880613772455,0.745228293413,重点词,重点词,常规CRITIC+一维KMeans
1130,4482,500635396,9657930100,1556.31,396,1005,3.93007575758,2.53787878788,0.6404,0.3596,197,0.938622754491,0.951347305389,0.926646706587,0.809880239521,0.717814371257,0.770958083832,0.944985026953,0.810099023169,高,高,重点词,False,False,,True,0.448526326,0.318831482163,False,False,False,0.94498502994,0.806324850299,重点词,重点词,常规CRITIC+一维KMeans
1131,4491,500635396,9657930100,0,0,0,,,,,,,,,,,,,,,,无效词,True,False,,False,,,False,False,False,,,无效词,无效词,结构性无成本无效益，先行归为无效词
1132,4536,500635396,9657930100,48121.97,23315,52173,2.06399185074,2.23774394167,0.575,0.425,196,0.995508982036,0.880239520958,0.993263473054,0.776946107784,0.765344311377,0.767215568862,0.937874278554,0.834477594232,高,高,重点词,False,False,,True,0.441415577601,0.343210053225,False,False,False,0.937874251497,0.825692365269,重点词,重点词,常规CRITIC+一维KMeans
1133,4721,500635396,9657930100,72765.96,23486,55320,3.09826960743,2.3554457975,0.57,0.43,222,0.997005988024,0.933383233533,0.994011976048,0.788922155689,0.773952095808,0.796032934132,0.965194625713,0.84593481645,高,高,重点词,False,False,,True,0.468735924759,0.354667275444,False,False,False,0.965194610778,0.838229790419,重点词,重点词,常规CRITIC+一维KMeans
1134,4766,500635396,9657930100,83.21,22,40,3.78227272727,1.81818181818,0.625,0.375,101,0.817365269461,0.947604790419,0.702844311377,0.696107784431,0.73128742515,0.549026946108,0.882484999369,0.675695525263,高,高,重点词,False,False,,True,0.386026298415,0.184427984256,False,False,False,0.88248502994,0.669816616766,重点词,重点词,常规CRITIC+一维KMeans
1135,5166,500635396,9657930100,3.88,1,1,3.88,1,1,0,120,0.339820359281,0.949850299401,0.0815868263473,0.40119760479,0.171407185629,0.615643712575,0.644835186148,0.292076747393,高,低,问题词,False,False,,True,0.148376485195,0.199190793613,False,False,False,0.644835329341,0.317458832335,问题词,问题词,常规CRITIC+一维KMeans
1136,5331,500635396,9657930100,4160.45,2130,3953,1.9532629108,1.8558685446,0.7037,0.2963,152,0.967814371257,0.866017964072,0.962574850299,0.705089820359,0.648203592814,0.695733532934,0.916916191559,0.762252195922,高,高,重点词,False,False,,True,0.420457490606,0.270984654915,False,False,False,0.916916167665,0.752900449102,重点词,重点词,常规CRITIC+一维KMeans
1137,5337,500635396,9657930100,727.12,260,711,2.79661538462,2.73461538462,0.5821,0.4179,193,0.917664670659,0.922155688623,0.916916167665,0.830838323353,0.760479041916,0.762350299401,0.919910178587,0.821657064621,高,高,重点词,False,False,,True,0.423451477633,0.330389523615,False,False,False,0.919910179641,0.817645958084,重点词,重点词,常规CRITIC+一维KMeans
1138,5553,500635396,9657930100,71798.68,51724,100920,1.38811151496,1.951125203,0.5765,0.4235,187,0.99625748503,0.672904191617,0.997754491018,0.725299401198,0.764221556886,0.750748502994,0.834580914224,0.820634420645,高,高,重点词,False,False,,True,0.338122213271,0.329366879638,False,False,False,0.834580838323,0.809505988024,重点词,重点词,常规CRITIC+一维KMeans
1139,5573,500635396,9657930100,10656.71,10553,10503,1.00982753719,0.995262010803,0.5927,0.4073,209,0.980538922156,0.440119760479,0.987275449102,0.300898203593,0.755988023952,0.785179640719,0.710329468171,0.730329751813,高,高,重点词,False,False,,True,0.213870767217,0.239062210806,False,False,False,0.710329341317,0.707335329341,重点词,重点词,常规CRITIC+一维KMeans
1140,5867,500635396,9657930100,24613.57,15146,13988,1.62508715172,0.923544170078,0.5599,0.4401,213,0.990269461078,0.790419161677,0.988023952096,0.284431137725,0.780688622754,0.791167664671,0.890344358288,0.735028941638,高,高,重点词,False,False,,True,0.393885657335,0.243761400631,False,False,False,0.890344311377,0.711077844311,重点词,重点词,常规CRITIC+一维KMeans
1141,5874,500635396,9657930100,18.64,22,61,0.847272727273,2.77272727273,0.6,0.4,100,0.65119760479,0.299401197605,0.702844311377,0.835329341317,0.748877245509,0.545284431138,0.475299483775,0.710043777599,低,高,黄金词,False,False,,True,0.0211592171784,0.218776236593,False,False,False,0.475299401198,0.708083832335,黄金词,黄金词,常规CRITIC+一维KMeans
1142,6001,500635396,9657930100,182.78,71,244,2.57436619718,3.43661971831,0.5385,0.4615,327,0.875,0.910928143713,0.850299401198,0.872754491018,0.786676646707,0.883233532934,0.892964063423,0.84492869869,高,高,重点词,False,False,,True,0.396505362469,0.353661157683,False,False,False,0.892964071856,0.848241017964,重点词,重点词,常规CRITIC+一维KMeans
1143,6023,500635396,9657930100,344.18,149,280,2.30993288591,1.87919463087,0.6667,0.3333,207,0.901946107784,0.895958083832,0.898203592814,0.713323353293,0.688622754491,0.782185628743,0.898952097214,0.775238558954,高,高,重点词,False,False,,True,0.40249339626,0.283971017948,False,False,False,0.898952095808,0.770583832335,重点词,重点词,常规CRITIC+一维KMeans
1144,6133,500635396,9657930100,2.08,2,2,1.04,1,1,0,120,0.233532934132,0.462574850299,0.211826347305,0.40119760479,0.171407185629,0.615643712575,0.348053838452,0.329903863551,低,低,潜力词,False,False,,True,0.148404862501,0.161363677456,False,False,False,0.348053892216,0.350018712575,潜力词,潜力词,常规CRITIC+一维KMeans
1145,6180,500635396,9657930100,1896.27,400,1364,4.740675,3.41,0.4804,0.5196,337,0.946107784431,0.959580838323,0.927395209581,0.87125748503,0.843188622754,0.889595808383,0.952844308215,0.883862512616,高,高,重点词,False,False,,True,0.456385607261,0.39259497161,False,False,False,0.952844311377,0.882859281437,重点词,重点词,常规CRITIC+一维KMeans
1146,6271,500635396,9657930100,17.47,11,9,1.58818181818,0.818181818182,1,0,53,0.634730538922,0.77619760479,0.567739520958,0.235404191617,0.171407185629,0.339446107784,0.70546403865,0.337035667405,高,低,问题词,False,False,,True,0.209005337696,0.154231873602,False,False,False,0.705464071856,0.328499251497,问题词,问题词,常规CRITIC+一维KMeans
1147,6434,500635396,9657930100,89.74,49,76,1.83142857143,1.55102040816,0.7619,0.2381,68,0.823353293413,0.843562874251,0.815868263473,0.64371257485,0.567739520958,0.420284431138,0.833458079089,0.624275914003,高,高,重点词,False,False,,True,0.336999378135,0.133008372996,False,False,False,0.833458083832,0.611901197605,重点词,重点词,常规CRITIC+一维KMeans
1148,6452,500635396,9657930100,5.59,5,4,1.118,0.8,1,0,33,0.425149700599,0.509730538922,0.400449101796,0.225299401198,0.171407185629,0.253368263473,0.467440099907,0.26751284507,低,低,潜力词,False,False,,True,0.0290186010469,0.223754695937,False,False,False,0.46744011976,0.262630988024,潜力词,潜力词,常规CRITIC+一维KMeans
1149,6660,500635396,9657930100,4349.38,2727,5333,1.59493215988,1.95562889622,0.7072,0.2928,181,0.970808383234,0.779191616766,0.970808383234,0.726796407186,0.645209580838,0.741766467066,0.875000044978,0.778571843706,高,高,重点词,False,False,,True,0.378541344025,0.287304302699,False,False,False,0.875,0.771145209581,重点词,重点词,常规CRITIC+一维KMeans
1150,373,500635396,9700005700,0,0,0,,,,,,,,,,,,,,,,无效词,True,False,,False,,,False,False,False,,,无效词,无效词,结构性无成本无效益，先行归为无效词
1151,389,500635396,9700005700,6387.87,4897,24764,1.30444557893,5.05697365734,0.7273,0.2727,68,0.976047904192,0.62874251497,0.979041916168,0.931886227545,0.621631736527,0.420284431138,0.802395291104,0.749241693617,高,高,重点词,False,False,,True,0.305936590151,0.257974152611,False,False,False,0.802395209581,0.738211077844,重点词,重点词,常规CRITIC+一维KMeans
1152,416,500635396,9700005700,2417.24,1207,507,2.00268434134,0.420049710025,0.6579,0.3421,186,0.954341317365,0.872754491018,0.955089820359,0.0883233532934,0.709580838323,0.747754491018,0.913547923343,0.653791591371,高,高,重点词,False,False,,True,0.417089222389,0.162524050364,False,False,False,0.913547904192,0.625187125749,重点词,重点词,常规CRITIC+一维KMeans
1153,459,500635396,9700005700,0,0,0,,,,,,,,,,,,,,,,无效词,True,False,,False,,,False,False,False,,,无效词,无效词,结构性无成本无效益，先行归为无效词
1154,1191,500635396,9700005700,0,0,0,,,,,,,,,,,,,,,,无效词,True,False,,False,,,False,False,False,,,无效词,无效词,结构性无成本无效益，先行归为无效词
1155,1800,500635396,9700005700,0,0,0,,,,,,,,,,,,,,,,无效词,True,False,,False,,,False,False,False,,,无效词,无效词,结构性无成本无效益，先行归为无效词
1156,1900,500635396,9700005700,0.8,1,1,0.8,1,1,0,13,0.0714820359281,0.248877245509,0.0815868263473,0.40119760479,0.171407185629,0.183008982036,0.160179599078,0.197927040517,低,低,潜力词,False,False,,True,0.336279101875,0.29334050049,False,False,False,0.160179640719,0.209300149701,潜力词,潜力词,常规CRITIC+一维KMeans
1157,3020,500635396,9700005700,0,0,0,,,,,,,,,,,,,,,,无效词,True,False,,False,,,False,False,False,,,无效词,无效词,结构性无成本无效益，先行归为无效词
1158,3371,500635396,9700005700,4326.98,2145,3643,2.01724009324,1.69836829837,0.6543,0.3457,61,0.97005988024,0.875,0.963323353293,0.669161676647,0.710329341317,0.377994011976,0.922529962433,0.702514510432,高,高,重点词,False,False,,True,0.42607126148,0.211246969426,False,False,False,0.92252994012,0.680202095808,重点词,重点词,常规CRITIC+一维KMeans
1159,3785,500635396,9700005700,11.91,7,5,1.70142857143,0.714285714286,1,0,9,0.565868263473,0.812125748503,0.47380239521,0.180763473054,0.171407185629,0.163547904192,0.688996948184,0.259564529907,高,低,问题词,False,False,,True,0.19253824723,0.231703011099,False,False,False,0.688997005988,0.247380239521,问题词,问题词,常规CRITIC+一维KMeans
1160,3897,500635396,9700005700,12164.19,1125,364,10.8126133333,0.323555555556,0.7423,0.2577,257,0.982784431138,0.99251497006,0.953592814371,0.0718562874251,0.612275449102,0.835329341317,0.987649698315,0.642165257128,高,高,重点词,False,False,,True,0.491190997361,0.150897716122,False,False,False,0.987649700599,0.618263473054,重点词,重点词,常规CRITIC+一维KMeans
1161,4956,500635396,9700005700,0.65,1,0,0.65,0,0,1,0,0.0561377245509,0.15119760479,0.0815868263473,0.0265718562874,0.953967065868,0.0310628742515,0.103667642357,0.297623280957,低,低,潜力词,False,False,,True,0.392791058596,0.193644260049,False,False,False,0.103667664671,0.273297155689,潜力词,潜力词,常规CRITIC+一维KMeans
1162,5120,500635396,9700005700,0,0,0,,,,,,,,,,,,,,,,无效词,True,False,,False,,,False,False,False,,,无效词,无效词,结构性无成本无效益，先行归为无效词
1163,5248,500635396,9700005700,1.81,1,1,1.81,1,1,0,120,0.200224550898,0.836077844311,0.0815868263473,0.40119760479,0.171407185629,0.615643712575,0.51815104835,0.292076747393,高,低,问题词,False,False,,True,0.0216923473966,0.199190793613,False,False,False,0.518151197605,0.317458832335,问题词,问题词,常规CRITIC+一维KMeans
1164,5453,500635396,9700005700,1623,2785,3265,0.58276481149,1.1723518851,0.6667,0.3333,39,0.940119760479,0.119760479042,0.971556886228,0.546407185629,0.688622754491,0.273952095808,0.529940312324,0.649562691027,高,高,重点词,False,False,,True,0.0334816113708,0.158295150021,False,False,False,0.52994011976,0.620134730539,重点词,重点词,常规CRITIC+一维KMeans
1165,5963,500635396,9700005700,2.98,2,2,1.49,1,1,0,4,0.294910179641,0.73502994012,0.211826347305,0.40119760479,0.171407185629,0.126122754491,0.51496995657,0.223374610441,高,低,问题词,False,False,,True,0.0185112556168,0.267892930565,False,False,False,0.51497005988,0.227638473054,问题词,问题词,常规CRITIC+一维KMeans
1166,6656,500635396,9700005700,2.09,2,2,1.045,1,1,0,2,0.23502994012,0.467065868263,0.211826347305,0.40119760479,0.171407185629,0.0943113772455,0.351047849726,0.216451837877,低,低,潜力词,False,False,,True,0.145410851228,0.27481570313,False,False,False,0.351047904192,0.219685628743,潜力词,潜力词,常规CRITIC+一维KMeans
1167,232,500635396,9773660250,2235.16,1712,3698,1.30558411215,2.16004672897,0.6848,0.3152,189,0.952095808383,0.631736526946,0.958832335329,0.769461077844,0.663173652695,0.754491017964,0.791916242863,0.792083292709,高,高,重点词,False,False,,True,0.295457541909,0.300815751703,False,False,False,0.791916167665,0.786489520958,重点词,重点词,常规CRITIC+一维KMeans
1168,4514,500635396,9773660250,5.52,2,6,2.76,3,0,1,438,0.42252994012,0.921407185629,0.211826347305,0.852170658683,0.953967065868,0.928143712575,0.671968445772,0.710611567458,高,高,重点词,False,False,,True,0.175509744819,0.219344026451,False,False,False,0.671968562874,0.736526946108,重点词,重点词,常规CRITIC+一维KMeans
1169,6586,500635396,9773660250,4114.5,2439,5984,1.68696186962,2.45346453465,0.6409,0.3591,211,0.966317365269,0.806137724551,0.966317365269,0.799401197605,0.717065868263,0.788173652695,0.886227582509,0.822878532689,高,高,重点词,False,False,,True,0.389768881556,0.331610991683,False,False,False,0.88622754491,0.817739520958,重点词,重点词,常规CRITIC+一维KMeans
1170,3457,500635396,9773660250,13.65,5,11,2.73,2.2,0.25,0.75,187,0.590568862275,0.919910179641,0.400449101796,0.774700598802,0.896706586826,0.750748502994,0.755239443651,0.694217756563,高,高,重点词,False,False,,True,0.258780742698,0.202950215556,False,False,False,0.755239520958,0.705651197605,重点词,重点词,常规CRITIC+一维KMeans
1171,4229,500635396,9773660250,65.11,48,251,1.35645833333,5.22916666667,0.4082,0.5918,254,0.804640718563,0.657934131737,0.812874251497,0.936377245509,0.862275449102,0.832335329341,0.731287459586,0.857562143828,高,高,重点词,False,False,,True,0.234828758633,0.366294602821,False,False,False,0.73128742515,0.860965568862,重点词,重点词,常规CRITIC+一维KMeans
1172,5384,500635396,9773660250,0,0,0,,,,,,,,,,,,,,,,无效词,True,False,,False,,,False,False,False,,,无效词,无效词,结构性无成本无效益，先行归为无效词
1173,2,525368335,9811363528,0,0,0,,,,,,,,,,,,,,,,无效词,True,False,,False,,,False,False,False,,,无效词,无效词,结构性无成本无效益，先行归为无效词
1174,4,525368335,9811363528,0,0,0,,,,,,,,,,,,,,,,无效词,True,False,,False,,,False,False,False,,,无效词,无效词,结构性无成本无效益，先行归为无效词
1175,8,525368335,9811363528,0,0,0,,,,,,,,,,,,,,,,无效词,True,False,,False,,,False,False,False,,,无效词,无效词,结构性无成本无效益，先行归为无效词
1176,17,525368335,9811363528,0,0,0,,,,,,,,,,,,,,,,无效词,True,False,,False,,,False,False,False,,,无效词,无效词,结构性无成本无效益，先行归为无效词
1177,24,525368335,9811363528,0,0,0,,,,,,,,,,,,,,,,无效词,True,False,,False,,,False,False,False,,,无效词,无效词,结构性无成本无效益，先行归为无效词
1178,32,525368335,9811363528,0.8,1,1,0.8,1,1,0,3,0.0714820359281,0.248877245509,0.0815868263473,0.40119760479,0.171407185629,0.112275449102,0.160179599078,0.182534052109,低,低,潜力词,False,False,,True,0.336279101875,0.308733488898,False,False,False,0.160179640719,0.191616766467,潜力词,潜力词,常规CRITIC+一维KMeans
1179,33,525368335,9811363528,183.41,75,149,2.44546666667,1.98666666667,0.7288,0.2712,108,0.876497005988,0.905688622754,0.855538922156,0.73128742515,0.619760479042,0.565868263473,0.891092807519,0.700819872713,高,高,重点词,False,False,,True,0.394634106565,0.209552331707,False,False,False,0.891092814371,0.693113772455,重点词,重点词,常规CRITIC+一维KMeans
1180,41,525368335,9811363528,0,0,0,,,,,,,,,,,,,,,,无效词,True,False,,False,,,False,False,False,,,无效词,无效词,结构性无成本无效益，先行归为无效词
1181,47,525368335,9811363528,0.38,1,55,0.38,55,0,1,724,0.0329341317365,0.0587574850299,0.0815868263473,0.999251497006,0.953967065868,0.979790419162,0.0458458023217,0.716079995898,低,高,黄金词,False,False,,True,0.450612898632,0.224812454892,False,False,False,0.0458458083832,0.753648952096,黄金词,黄金词,常规CRITIC+一维KMeans
1182,48,525368335,9811363528,58.58,11,7,5.32545454545,0.636363636364,1,0,43,0.794910179641,0.966317365269,0.567739520958,0.148203592814,0.171407185629,0.294535928144,0.88061373222,0.308256999963,高,低,问题词,False,False,,True,0.384155031267,0.183010541043,False,False,False,0.880613772455,0.295471556886,问题词,问题词,常规CRITIC+一维KMeans
1183,54,525368335,9811363528,0,0,0,,,,,,,,,,,,,,,,无效词,True,False,,False,,,False,False,False,,,无效词,无效词,结构性无成本无效益，先行归为无效词
1184,55,525368335,9811363528,0,0,0,,,,,,,,,,,,,,,,无效词,True,False,,False,,,False,False,False,,,无效词,无效词,结构性无成本无效益，先行归为无效词
1185,57,525368335,9811363528,0,0,0,,,,,,,,,,,,,,,,无效词,True,False,,False,,,False,False,False,,,无效词,无效词,结构性无成本无效益，先行归为无效词
1186,61,525368335,9811363528,6.13,8,11,0.76625,1.375,0.75,0.25,13,0.446107784431,0.226796407186,0.504491017964,0.601796407186,0.591317365269,0.183008982036,0.336452147288,0.479527369552,低,低,潜力词,False,False,,True,0.160006553666,0.011740171454,False,True,True,0.336452095808,0.470153443114,潜力词,潜力词,常规CRITIC+一维KMeans
1187,62,525368335,9811363528,0,0,0,,,,,,,,,,,,,,,,无效词,True,False,,False,,,False,False,False,,,无效词,无效词,结构性无成本无效益，先行归为无效词
1188,74,525368335,9811363528,0.73,1,0,0.73,0,0,1,0,0.063622754491,0.201721556886,0.0815868263473,0.0265718562874,0.953967065868,0.0310628742515,0.132672123273,0.297623280957,低,低,潜力词,False,False,,True,0.363786577681,0.193644260049,False,False,False,0.132672155689,0.273297155689,潜力词,潜力词,常规CRITIC+一维KMeans
1189,83,525368335,9811363528,0,0,0,,,,,,,,,,,,,,,,无效词,True,False,,False,,,False,False,False,,,无效词,无效词,结构性无成本无效益，先行归为无效词
1190,90,525368335,9811363528,0,0,0,,,,,,,,,,,,,,,,无效词,True,False,,False,,,False,False,False,,,无效词,无效词,结构性无成本无效益，先行归为无效词
1191,91,525368335,9811363528,36.38,6,2,6.06333333333,0.333333333333,1,0,120,0.745508982036,0.976047904192,0.440119760479,0.0774700598802,0.171407185629,0.615643712575,0.860778388999,0.325653704837,高,低,问题词,False,False,,True,0.364319688045,0.16561383617,False,False,False,0.860778443114,0.326160179641,问题词,问题词,常规CRITIC+一维KMeans
1192,98,525368335,9811363528,0,0,0,,,,,,,,,,,,,,,,无效词,True,False,,False,,,False,False,False,,,无效词,无效词,结构性无成本无效益，先行归为无效词
1193,99,525368335,9811363528,0,0,0,,,,,,,,,,,,,,,,无效词,True,False,,False,,,False,False,False,,,无效词,无效词,结构性无成本无效益，先行归为无效词
1194,100,525368335,9811363528,0,0,0,,,,,,,,,,,,,,,,无效词,True,False,,False,,,False,False,False,,,无效词,无效词,结构性无成本无效益，先行归为无效词
1195,108,525368335,9811363528,0,0,0,,,,,,,,,,,,,,,,无效词,True,False,,False,,,False,False,False,,,无效词,无效词,结构性无成本无效益，先行归为无效词
1196,110,525368335,9811363528,1.5,1,1,1.5,1,1,0,120,0.167290419162,0.741017964072,0.0815868263473,0.40119760479,0.171407185629,0.615643712575,0.454154056945,0.292076747393,低,低,潜力词,False,False,,True,0.0423046440086,0.199190793613,False,False,False,0.454154191617,0.317458832335,潜力词,潜力词,常规CRITIC+一维KMeans
1197,113,525368335,9811363528,1.44,1,1,1.44,1,1,0,9,0.155314371257,0.706586826347,0.0815868263473,0.40119760479,0.171407185629,0.163547904192,0.430950469402,0.193691932595,低,低,潜力词,False,False,,True,0.0655082315521,0.297575608411,False,False,False,0.430950598802,0.20443488024,潜力词,潜力词,常规CRITIC+一维KMeans
1198,120,525368335,9811363528,0,0,0,,,,,,,,,,,,,,,,无效词,True,False,,False,,,False,False,False,,,无效词,无效词,结构性无成本无效益，先行归为无效词
1199,121,525368335,9811363528,0,0,0,,,,,,,,,,,,,,,,无效词,True,False,,False,,,False,False,False,,,无效词,无效词,结构性无成本无效益，先行归为无效词
1200,122,525368335,9811363528,0,0,0,,,,,,,,,,,,,,,,无效词,True,False,,False,,,False,False,False,,,无效词,无效词,结构性无成本无效益，先行归为无效词
1201,143,525368335,9811363528,0,0,0,,,,,,,,,,,,,,,,无效词,True,False,,False,,,False,False,False,,,无效词,无效词,结构性无成本无效益，先行归为无效词
1202,144,525368335,9811363528,26.87,6,5,4.47833333333,0.833333333333,1,0,73,0.708083832335,0.957335329341,0.440119760479,0.244386227545,0.171407185629,0.442365269461,0.832709522331,0.324324278609,高,低,问题词,False,False,,True,0.336250821378,0.166943262397,False,False,False,0.832709580838,0.324569610778,问题词,问题词,常规CRITIC+一维KMeans
1203,154,525368335,9811363528,1.48,2,0,0.74,0,0,1,0,0.162799401198,0.205838323353,0.211826347305,0.0265718562874,0.953967065868,0.0310628742515,0.184318852173,0.335450397115,低,低,潜力词,False,False,,True,0.312139848781,0.155817143892,False,False,False,0.184318862275,0.305857035928,潜力词,潜力词,常规CRITIC+一维KMeans
1204,159,525368335,9811363528,1.03,1,1,1.03,1,1,0,3,0.108158682635,0.455464071856,0.0815868263473,0.40119760479,0.171407185629,0.112275449102,0.281811295722,0.182534052109,低,低,潜力词,False,False,,True,0.214647405232,0.308733488898,False,False,False,0.281811377246,0.191616766467,潜力词,潜力词,常规CRITIC+一维KMeans
1205,162,525368335,9811363528,14.99,5,4,2.998,0.8,1,0,62,0.61002994012,0.929640718563,0.400449101796,0.225299401198,0.171407185629,0.388098802395,0.769835254319,0.29683282299,高,低,问题词,False,False,,True,0.273376553365,0.194434718017,False,False,False,0.769835329341,0.296313622754,问题词,问题词,常规CRITIC+一维KMeans
1206,172,525368335,9811363528,0.95,1,1,0.95,1,1,0,3,0.0976796407186,0.387350299401,0.0815868263473,0.40119760479,0.171407185629,0.112275449102,0.242514902065,0.182534052109,低,低,潜力词,False,False,,True,0.253943798888,0.308733488898,False,False,False,0.24251497006,0.191616766467,潜力词,潜力词,常规CRITIC+一维KMeans
1207,173,525368335,9811363528,0,0,0,,,,,,,,,,,,,,,,无效词,True,False,,False,,,False,False,False,,,无效词,无效词,结构性无成本无效益，先行归为无效词
1208,178,525368335,9811363528,0,0,0,,,,,,,,,,,,,,,,无效词,True,False,,False,,,False,False,False,,,无效词,无效词,结构性无成本无效益，先行归为无效词
1209,181,525368335,9811363528,165.4,49,72,3.37551020408,1.4693877551,0.6875,0.3125,134,0.868263473054,0.940119760479,0.815868263473,0.619011976048,0.661676646707,0.667664670659,0.9041915999,0.69846483325,高,高,重点词,False,False,,True,0.407732898946,0.207197292244,False,False,False,0.904191616766,0.691055389222,重点词,重点词,常规CRITIC+一维KMeans
1210,190,525368335,9811363528,0,0,0,,,,,,,,,,,,,,,,无效词,True,False,,False,,,False,False,False,,,无效词,无效词,结构性无成本无效益，先行归为无效词
1211,202,525368335,9811363528,6.04,7,6,0.862857142857,0.857142857143,0.8,0.2,87,0.442365269461,0.313997005988,0.47380239521,0.256736526946,0.529565868263,0.501497005988,0.378181167857,0.447798382615,低,低,潜力词,False,False,,True,0.118277533097,0.0434691583911,False,False,False,0.378181137725,0.440400449102,潜力词,潜力词,常规CRITIC+一维KMeans
1212,206,525368335,9811363528,122.53,26,38,4.71269230769,1.46153846154,0.8125,0.1875,93,0.84880239521,0.958832335329,0.729041916168,0.617140718563,0.515718562874,0.519086826347,0.903817339442,0.600514694876,高,高,重点词,False,False,,True,0.407358638488,0.10924715387,False,False,False,0.903817365269,0.595247005988,重点词,重点词,常规CRITIC+一维KMeans
1213,213,525368335,9811363528,1.1,1,1,1.1,1,1,0,1,0.113398203593,0.496631736527,0.0815868263473,0.40119760479,0.171407185629,0.0737275449102,0.305014880103,0.174145280648,低,低,潜力词,False,False,,True,0.191443820851,0.317122260358,False,False,False,0.30501497006,0.181979790419,潜力词,潜力词,常规CRITIC+一维KMeans
1214,217,525368335,9811363528,0,0,0,,,,,,,,,,,,,,,,无效词,True,False,,False,,,False,False,False,,,无效词,无效词,结构性无成本无效益，先行归为无效词
1215,229,525368335,9811363528,0,0,0,,,,,,,,,,,,,,,,无效词,True,False,,False,,,False,False,False,,,无效词,无效词,结构性无成本无效益，先行归为无效词
1216,231,525368335,9811363528,0,0,0,,,,,,,,,,,,,,,,无效词,True,False,,False,,,False,False,False,,,无效词,无效词,结构性无成本无效益，先行归为无效词
1217,235,525368335,9811363528,1.29,1,1,1.29,1,1,0,2,0.137350299401,0.618263473054,0.0815868263473,0.40119760479,0.171407185629,0.0943113772455,0.377806773342,0.178624721719,低,低,潜力词,False,False,,True,0.118651927611,0.312642819287,False,False,False,0.377806886228,0.187125748503,潜力词,潜力词,常规CRITIC+一维KMeans
1218,247,525368335,9811363528,0,0,0,,,,,,,,,,,,,,,,无效词,True,False,,False,,,False,False,False,,,无效词,无效词,结构性无成本无效益，先行归为无效词
1219,257,525368335,9811363528,3.48,3,16,1.16,5.33333333333,0.3333,0.6667,794,0.319236526946,0.541916167665,0.294161676647,0.941616766467,0.883607784431,0.983532934132,0.430576295036,0.746796162842,低,高,黄金词,False,False,,True,0.0658824059181,0.255528621835,False,False,False,0.430576347305,0.775729790419,黄金词,黄金词,常规CRITIC+一维KMeans
1220,263,525368335,9811363528,1.31,2,2,0.655,1,1,0,15,0.141467065868,0.15494011976,0.211826347305,0.40119760479,0.171407185629,0.190868263473,0.148203589652,0.23746448872,低,低,潜力词,False,False,,True,0.348255111302,0.253803052287,False,False,False,0.148203592814,0.243824850299,潜力词,潜力词,常规CRITIC+一维KMeans
1221,265,525368335,9811363528,0,0,0,,,,,,,,,,,,,,,,无效词,True,False,,False,,,False,False,False,,,无效词,无效词,结构性无成本无效益，先行归为无效词
1222,268,525368335,9811363528,10.55,14,8,0.753571428571,0.571428571429,0.8571,0.1429,78,0.545658682635,0.219311377246,0.619760479042,0.131736526946,0.457709580838,0.462949101796,0.382485106544,0.434870581645,低,低,潜力词,False,False,,True,0.11397359441,0.056396959361,False,False,False,0.38248502994,0.418038922156,潜力词,潜力词,常规CRITIC+一维KMeans
1223,269,525368335,9811363528,0,0,0,,,,,,,,,,,,,,,,无效词,True,False,,False,,,False,False,False,,,无效词,无效词,结构性无成本无效益，先行归为无效词
1224,270,525368335,9811363528,263.36,50,167,5.2672,3.34,0.6512,0.3488,163,0.89371257485,0.964820359281,0.818488023952,0.86751497006,0.712574850299,0.713323353293,0.929266450375,0.777268593097,高,高,重点词,False,False,,True,0.432807749421,0.28600105209,False,False,False,0.929266467066,0.777975299401,重点词,重点词,常规CRITIC+一维KMeans
1225,273,525368335,9811363528,0,0,0,,,,,,,,,,,,,,,,无效词,True,False,,False,,,False,False,False,,,无效词,无效词,结构性无成本无效益，先行归为无效词
1226,276,525368335,9811363528,0,0,0,,,,,,,,,,,,,,,,无效词,True,False,,False,,,False,False,False,,,无效词,无效词,结构性无成本无效益，先行归为无效词
1227,290,525368335,9811363528,0,0,0,,,,,,,,,,,,,,,,无效词,True,False,,False,,,False,False,False,,,无效词,无效词,结构性无成本无效益，先行归为无效词
1228,295,525368335,9811363528,2.99,4,4,0.7475,1,0.6667,0.3333,8,0.295658682635,0.212574850299,0.354416167665,0.40119760479,0.688622754491,0.157934131737,0.254116785969,0.41342254517,低,低,潜力词,False,False,,True,0.242341914984,0.0778449958363,False,False,False,0.254116766467,0.400542664671,潜力词,潜力词,常规CRITIC+一维KMeans
1229,303,525368335,9811363528,1.3,2,2,0.65,1,1,0,62,0.13997005988,0.15119760479,0.211826347305,0.40119760479,0.171407185629,0.388098802395,0.1455838297,0.280385678619,低,低,潜力词,False,False,,True,0.350874871254,0.210881862387,False,False,False,0.145583832335,0.29313248503,潜力词,潜力词,常规CRITIC+一维KMeans
1230,307,525368335,9811363528,7.98,7,39,1.14,5.57142857143,0.6667,0.3333,946,0.497005988024,0.527694610778,0.47380239521,0.947604790419,0.688622754491,0.987275449102,0.512350292198,0.747667418755,高,高,重点词,False,False,,True,0.015891591244,0.256399877749,True,False,True,0.512350299401,0.774326347305,重点词,重点词,常规CRITIC+一维KMeans
1231,317,525368335,9811363528,5.17,5,2,1.034,0.4,1,0,2,0.40494011976,0.458832335329,0.400449101796,0.0868263473054,0.171407185629,0.0943113772455,0.431886214895,0.202718826269,低,低,潜力词,False,False,,True,0.0645724860589,0.288548714738,False,False,False,0.431886227545,0.188248502994,潜力词,潜力词,常规CRITIC+一维KMeans
1232,332,525368335,9811363528,0,0,0,,,,,,,,,,,,,,,,无效词,True,False,,False,,,False,False,False,,,无效词,无效词,结构性无成本无效益，先行归为无效词
1233,362,525368335,9811363528,0,0,0,,,,,,,,,,,,,,,,无效词,True,False,,False,,,False,False,False,,,无效词,无效词,结构性无成本无效益，先行归为无效词
1234,363,525368335,9811363528,1.21,1,9,1.21,9,0,1,187,0.124251497006,0.568113772455,0.0815868263473,0.980913173653,0.953967065868,0.750748502994,0.346182530542,0.662239201967,低,高,黄金词,False,False,,True,0.150276170411,0.17097166096,False,False,False,0.346182634731,0.691803892216,黄金词,黄金词,常规CRITIC+一维KMeans
1235,367,525368335,9811363528,0,0,0,,,,,,,,,,,,,,,,无效词,True,False,,False,,,False,False,False,,,无效词,无效词,结构性无成本无效益，先行归为无效词
1236,377,525368335,9811363528,2.08,2,1,1.04,0.5,1,0,120,0.233532934132,0.462574850299,0.211826347305,0.109281437126,0.171407185629,0.615643712575,0.348053838452,0.266280832028,低,低,潜力词,False,False,,True,0.148404862501,0.224986708979,False,False,False,0.348053892216,0.277039670659,潜力词,潜力词,常规CRITIC+一维KMeans
1237,378,525368335,9811363528,0.59,1,0,0.59,0,0,1,0,0.0490269461078,0.125748502994,0.0815868263473,0.0265718562874,0.953967065868,0.0310628742515,0.087387706542,0.297623280957,低,低,潜力词,False,False,,True,0.409070994412,0.193644260049,False,False,False,0.0873877245509,0.273297155689,潜力词,潜力词,常规CRITIC+一维KMeans
1238,386,525368335,9811363528,0,0,0,,,,,,,,,,,,,,,,无效词,True,False,,False,,,False,False,False,,,无效词,无效词,结构性无成本无效益，先行归为无效词
1239,396,525368335,9811363528,4,8,5,0.5,0.625,0.75,0.25,132,0.347305389222,0.0924401197605,0.504491017964,0.145583832335,0.591317365269,0.664296407186,0.219872814316,0.484833467482,低,低,潜力词,False,False,,True,0.276585886638,0.00643407352488,False,True,True,0.219872754491,0.476422155689,潜力词,潜力词,常规CRITIC+一维KMeans
1240,408,525368335,9811363528,0,0,0,,,,,,,,,,,,,,,,无效词,True,False,,False,,,False,False,False,,,无效词,无效词,结构性无成本无效益，先行归为无效词
1241,424,525368335,9811363528,0,0,0,,,,,,,,,,,,,,,,无效词,True,False,,False,,,False,False,False,,,无效词,无效词,结构性无成本无效益，先行归为无效词
1242,432,525368335,9811363528,2.08,3,0,0.693333333333,0,0,1,0,0.233532934132,0.182634730539,0.294161676647,0.0265718562874,0.953967065868,0.0310628742515,0.208083844283,0.359364091237,低,低,潜力词,False,False,,True,0.288374856671,0.131903449769,False,False,False,0.208083832335,0.326440868263,潜力词,潜力词,常规CRITIC+一维KMeans
1243,433,525368335,9811363528,438.82,72,332,6.09472222222,4.61111111111,0.4746,0.5254,375,0.909431137725,0.97754491018,0.851796407186,0.911676646707,0.846556886228,0.905688622754,0.943488007964,0.875139709403,高,高,重点词,False,False,,True,0.44702930701,0.383872168397,False,False,False,0.943488023952,0.878929640719,重点词,重点词,常规CRITIC+一维KMeans
1244,435,525368335,9811363528,0.7,1,0,0.7,0,0,1,0,0.0591317365269,0.184880239521,0.0815868263473,0.0265718562874,0.953967065868,0.0310628742515,0.122005958507,0.297623280957,低,低,潜力词,False,False,,True,0.374452742447,0.193644260049,False,False,False,0.122005988024,0.273297155689,潜力词,潜力词,常规CRITIC+一维KMeans
1245,444,525368335,9811363528,0,0,0,,,,,,,,,,,,,,,,无效词,True,False,,False,,,False,False,False,,,无效词,无效词,结构性无成本无效益，先行归为无效词
1246,451,525368335,9811363528,0,0,0,,,,,,,,,,,,,,,,无效词,True,False,,False,,,False,False,False,,,无效词,无效词,结构性无成本无效益，先行归为无效词
1247,461,525368335,9811363528,13.69,13,8,1.05307692308,0.615384615385,1,0,101,0.593562874251,0.472305389222,0.605164670659,0.14371257485,0.171407185629,0.549026946108,0.532934160199,0.373530225574,高,低,问题词,False,False,,True,0.0364754592458,0.117737315432,False,False,False,0.532934131737,0.367327844311,问题词,问题词,常规CRITIC+一维KMeans
1248,469,525368335,9811363528,124.59,25,119,4.9836,4.76,0.7143,0.2857,438,0.850299401198,0.961077844311,0.720808383234,0.919161676647,0.636976047904,0.928143712575,0.905688596751,0.786190530331,高,高,重点词,False,False,,True,0.409229895798,0.294922989325,False,False,False,0.905688622754,0.80127245509,重点词,重点词,常规CRITIC+一维KMeans
1249,472,525368335,9811363528,2.19,4,6,0.5475,1.5,0.6667,0.3333,22,0.23877245509,0.104041916168,0.354416167665,0.630613772455,0.688622754491,0.212200598802,0.171407217254,0.475233158059,低,低,潜力词,False,False,,True,0.325051483699,0.0160343829472,False,True,True,0.171407185629,0.471463323353,潜力词,潜力词,常规CRITIC+一维KMeans
1250,479,525368335,9811363528,0,0,0,,,,,,,,,,,,,,,,无效词,True,False,,False,,,False,False,False,,,无效词,无效词,结构性无成本无效益，先行归为无效词
1251,488,525368335,9811363528,0,0,0,,,,,,,,,,,,,,,,无效词,True,False,,False,,,False,False,False,,,无效词,无效词,结构性无成本无效益，先行归为无效词
1252,493,525368335,9811363528,0.55,1,0,0.55,0,0,1,0,0.0449101796407,0.104790419162,0.0815868263473,0.0265718562874,0.953967065868,0.0310628742515,0.0748502853454,0.297623280957,低,低,潜力词,False,False,,True,0.421608415608,0.193644260049,False,False,False,0.0748502994012,0.273297155689,潜力词,潜力词,常规CRITIC+一维KMeans
1253,500,525368335,9811363528,0,0,0,,,,,,,,,,,,,,,,无效词,True,False,,False,,,False,False,False,,,无效词,无效词,结构性无成本无效益，先行归为无效词
1254,501,525368335,9811363528,1.81,3,2,0.603333333333,0.666666666667,1,0,165,0.200224550898,0.133233532934,0.294161676647,0.161676646707,0.171407185629,0.715194610778,0.166729057641,0.323278250537,低,低,潜力词,False,False,,True,0.329729643313,0.16798929047,False,False,False,0.166729041916,0.33561002994,潜力词,潜力词,常规CRITIC+一维KMeans
1255,503,525368335,9811363528,0,0,0,,,,,,,,,,,,,,,,无效词,True,False,,False,,,False,False,False,,,无效词,无效词,结构性无成本无效益，先行归为无效词
1256,506,525368335,9811363528,0,0,0,,,,,,,,,,,,,,,,无效词,True,False,,False,,,False,False,False,,,无效词,无效词,结构性无成本无效益，先行归为无效词
1257,516,525368335,9811363528,7.59,6,4,1.265,0.666666666667,0.6667,0.3333,87,0.491017964072,0.595434131737,0.440119760479,0.161676646707,0.688622754491,0.501497005988,0.543226023394,0.460876957431,高,低,问题词,False,False,,True,0.0467673224408,0.0303905835752,False,False,False,0.543226047904,0.447979041916,问题词,问题词,常规CRITIC+一维KMeans
1258,528,525368335,9811363528,0,0,0,,,,,,,,,,,,,,,,无效词,True,False,,False,,,False,False,False,,,无效词,无效词,结构性无成本无效益，先行归为无效词
1259,543,525368335,9811363528,1.58,3,3,0.526666666667,1,1,0,42,0.175898203593,0.0988023952096,0.294161676647,0.40119760479,0.171407185629,0.288547904192,0.137350317498,0.282635166834,低,低,潜力词,False,False,,True,0.359108383456,0.208632374172,False,False,False,0.137350299401,0.288828592814,潜力词,潜力词,常规CRITIC+一维KMeans
1260,557,525368335,9811363528,111.75,13,26,8.59615384615,2,0.6,0.4,169,0.833832335329,0.989520958084,0.605164670659,0.744011976048,0.748877245509,0.720808383234,0.911676610162,0.699968266812,高,高,重点词,False,False,,True,0.415217909208,0.208700725806,False,False,False,0.911676646707,0.704715568862,重点词,重点词,常规CRITIC+一维KMeans
1261,560,525368335,9811363528,1.56,3,5,0.52,1.66666666667,0,1,239,0.173278443114,0.0961826347305,0.294161676647,0.663547904192,0.953967065868,0.81624251497,0.134730557019,0.669063124507,低,高,黄金词,False,False,,True,0.361728143935,0.177795583501,False,False,False,0.134730538922,0.681979790419,黄金词,黄金词,常规CRITIC+一维KMeans
1262,561,525368335,9811363528,1.12,2,2,0.56,1,1,0,120,0.117140718563,0.108532934132,0.211826347305,0.40119760479,0.171407185629,0.615643712575,0.112836828368,0.329903863551,低,低,潜力词,False,False,,True,0.383621872586,0.161363677456,False,False,False,0.112836826347,0.350018712575,潜力词,潜力词,常规CRITIC+一维KMeans
1263,563,525368335,9811363528,0,0,0,,,,,,,,,,,,,,,,无效词,True,False,,False,,,False,False,False,,,无效词,无效词,结构性无成本无效益，先行归为无效词
1264,565,525368335,9811363528,0,0,0,,,,,,,,,,,,,,,,无效词,True,False,,False,,,False,False,False,,,无效词,无效词,结构性无成本无效益，先行归为无效词
1265,568,525368335,9811363528,2.89,2,4,1.445,2,0,1,262,0.288173652695,0.710703592814,0.211826347305,0.744011976048,0.953967065868,0.840568862275,0.499438523574,0.66798043295,高,高,重点词,False,False,,True,0.00297982261992,0.176712891944,True,False,True,0.499438622754,0.687593562874,重点词,黄金词,常规CRITIC+一维KMeans
1266,572,525368335,9811363528,126.06,22,26,5.73,1.18181818182,0.9474,0.0526,45,0.851047904192,0.971556886228,0.702844311377,0.548652694611,0.358907185629,0.306886227545,0.911302366922,0.488835409133,高,低,问题词,False,False,,True,0.414843665969,0.00243213187368,False,True,True,0.91130239521,0.47932260479,问题词,问题词,常规CRITIC+一维KMeans
1267,579,525368335,9811363528,12.94,14,25,0.924285714286,1.78571428571,0.6154,0.3846,85,0.582335329341,0.36751497006,0.619760479042,0.689745508982,0.73877245509,0.490269461078,0.474925200126,0.63944182026,低,高,黄金词,False,False,,True,0.021533500828,0.148174279253,False,False,False,0.474925149701,0.634636976048,黄金词,黄金词,常规CRITIC+一维KMeans
1268,588,525368335,9811363528,11.97,13,12,0.920769230769,0.923076923077,1,0,15,0.566616766467,0.36377245509,0.605164670659,0.283682634731,0.171407185629,0.190868263473,0.465194658392,0.326094378872,低,低,潜力词,False,False,,True,0.0312640425613,0.165173162134,False,False,False,0.465194610778,0.312780688623,潜力词,潜力词,常规CRITIC+一维KMeans
1269,592,525368335,9811363528,0,0,0,,,,,,,,,,,,,,,,无效词,True,False,,False,,,False,False,False,,,无效词,无效词,结构性无成本无效益，先行归为无效词
1270,593,525368335,9811363528,0,0,0,,,,,,,,,,,,,,,,无效词,True,False,,False,,,False,False,False,,,无效词,无效词,结构性无成本无效益，先行归为无效词
1271,596,525368335,9811363528,0,0,0,,,,,,,,,,,,,,,,无效词,True,False,,False,,,False,False,False,,,无效词,无效词,结构性无成本无效益，先行归为无效词
1272,597,525368335,9811363528,0.87,1,1,0.87,1,1,0,3,0.0830838323353,0.317365269461,0.0815868263473,0.40119760479,0.171407185629,0.112275449102,0.200224495905,0.182534052109,低,低,潜力词,False,False,,True,0.296234205049,0.308733488898,False,False,False,0.200224550898,0.191616766467,潜力词,潜力词,常规CRITIC+一维KMeans
1273,607,525368335,9811363528,0,0,0,,,,,,,,,,,,,,,,无效词,True,False,,False,,,False,False,False,,,无效词,无效词,结构性无成本无效益，先行归为无效词
1274,609,525368335,9811363528,7.94,8,14,0.9925,1.75,0.5,0.5,238,0.495508982036,0.425149700599,0.504491017964,0.680389221557,0.817739520958,0.815119760479,0.460329357833,0.696253221989,低,高,黄金词,False,False,,True,0.0361293431207,0.204985680983,False,False,False,0.460329341317,0.70443488024,黄金词,黄金词,常规CRITIC+一维KMeans
1275,613,525368335,9811363528,0,0,0,,,,,,,,,,,,,,,,无效词,True,False,,False,,,False,False,False,,,无效词,无效词,结构性无成本无效益，先行归为无效词
1276,618,525368335,9811363528,8.11,8,37,1.01375,4.625,0.6667,0.3333,128,0.502245508982,0.443862275449,0.504491017964,0.912425149701,0.688622754491,0.65494011976,0.47305390592,0.676590701565,低,高,黄金词,False,False,,True,0.0234047950337,0.185323160559,False,False,False,0.473053892216,0.690119760479,黄金词,黄金词,常规CRITIC+一维KMeans
1277,625,525368335,9811363528,33.59,37,30,0.907837837838,0.810810810811,0.84,0.16,96,0.736526946108,0.347305389222,0.776946107784,0.234281437126,0.473428143713,0.531437125749,0.541916259027,0.522084650464,高,高,重点词,False,False,,True,0.0454575580735,0.0308171094576,False,False,False,0.541916167665,0.504023203593,重点词,重点词,常规CRITIC+一维KMeans
1278,627,525368335,9811363528,0,0,0,,,,,,,,,,,,,,,,无效词,True,False,,False,,,False,False,False,,,无效词,无效词,结构性无成本无效益，先行归为无效词
1279,640,525368335,9811363528,432.45,35,165,12.3557142857,4.71428571429,0.3871,0.6129,337,0.908682634731,0.993263473054,0.769461077844,0.916916167665,0.87125748503,0.889595808383,0.950973034038,0.855633532652,高,高,重点词,False,False,,True,0.454514333085,0.364365991646,False,False,False,0.950973053892,0.861807634731,重点词,重点词,常规CRITIC+一维KMeans
1280,644,525368335,9811363528,0.97,2,2,0.485,1,1,0,64,0.101422155689,0.0834580838323,0.211826347305,0.40119760479,0.171407185629,0.40494011976,0.0924401239772,0.284050675859,低,低,潜力词,False,False,,True,0.404018576976,0.207216865147,False,False,False,0.0924401197605,0.297342814371,潜力词,潜力词,常规CRITIC+一维KMeans
1281,649,525368335,9811363528,0,0,0,,,,,,,,,,,,,,,,无效词,True,False,,False,,,False,False,False,,,无效词,无效词,结构性无成本无效益，先行归为无效词
1282,652,525368335,9811363528,0,0,0,,,,,,,,,,,,,,,,无效词,True,False,,False,,,False,False,False,,,无效词,无效词,结构性无成本无效益，先行归为无效词
1283,653,525368335,9811363528,570.08,73,221,7.80931506849,3.02739726027,0.597,0.403,259,0.913922155689,0.985778443114,0.852919161677,0.857784431138,0.755239520958,0.836826347305,0.949850282534,0.823714362617,高,高,重点词,False,False,,True,0.453391581581,0.33244682161,False,False,False,0.949850299401,0.825692365269,重点词,重点词,常规CRITIC+一维KMeans
1284,660,525368335,9811363528,2.76,3,4,0.92,1.33333333333,0.5,0.5,25,0.279191616766,0.358907185629,0.294161676647,0.590194610778,0.817739520958,0.223053892216,0.319049382486,0.486661703904,低,低,潜力词,False,False,,True,0.177409318468,0.00460583710198,False,True,True,0.319049401198,0.48128742515,潜力词,潜力词,常规CRITIC+一维KMeans
1285,661,525368335,9811363528,2.71,2,2,1.355,1,1,0,15,0.273577844311,0.655688622754,0.211826347305,0.40119760479,0.171407185629,0.190868263473,0.46463314384,0.23746448872,低,低,潜力词,False,False,,True,0.031825557114,0.253803052287,False,False,False,0.464633233533,0.243824850299,潜力词,潜力词,常规CRITIC+一维KMeans
1286,664,525368335,9811363528,0,0,0,,,,,,,,,,,,,,,,无效词,True,False,,False,,,False,False,False,,,无效词,无效词,结构性无成本无效益，先行归为无效词
1287,665,525368335,9811363528,0,0,0,,,,,,,,,,,,,,,,无效词,True,False,,False,,,False,False,False,,,无效词,无效词,结构性无成本无效益，先行归为无效词
1288,666,525368335,9811363528,6.06,6,9,1.01,1.5,0.75,0.25,210,0.443113772455,0.441991017964,0.440119760479,0.630613772455,0.591317365269,0.787050898204,0.442552395473,0.598563178198,低,高,黄金词,False,False,,True,0.0539063054805,0.107295637191,False,False,False,0.44255239521,0.612275449102,黄金词,黄金词,常规CRITIC+一维KMeans
1289,669,525368335,9811363528,1.5,1,1,1.5,1,1,0,120,0.167290419162,0.741017964072,0.0815868263473,0.40119760479,0.171407185629,0.615643712575,0.454154056945,0.292076747393,低,低,潜力词,False,False,,True,0.0423046440086,0.199190793613,False,False,False,0.454154191617,0.317458832335,潜力词,潜力词,常规CRITIC+一维KMeans
1290,671,525368335,9811363528,0,0,0,,,,,,,,,,,,,,,,无效词,True,False,,False,,,False,False,False,,,无效词,无效词,结构性无成本无效益，先行归为无效词
1291,674,525368335,9811363528,5.07,4,4,1.2675,1,1,0,62,0.397829341317,0.59880239521,0.354416167665,0.40119760479,0.171407185629,0.388098802395,0.498315821089,0.321799848895,高,低,问题词,False,False,,True,0.00185712013521,0.169467692111,True,False,True,0.498315868263,0.32877994012,问题词,潜力词,常规CRITIC+一维KMeans
1292,677,525368335,9811363528,0,0,0,,,,,,,,,,,,,,,,无效词,True,False,,False,,,False,False,False,,,无效词,无效词,结构性无成本无效益，先行归为无效词
1293,681,525368335,9811363528,0,0,0,,,,,,,,,,,,,,,,无效词,True,False,,False,,,False,False,False,,,无效词,无效词,结构性无成本无效益，先行归为无效词
1294,688,525368335,9811363528,0,0,0,,,,,,,,,,,,,,,,无效词,True,False,,False,,,False,False,False,,,无效词,无效词,结构性无成本无效益，先行归为无效词
1295,709,525368335,9811363528,1363.47,2319,263,0.587956015524,0.113410952997,0.9787,0.0213,79,0.933383233533,0.122754491018,0.964820359281,0.0561377245509,0.34505988024,0.465943113772,0.528069052555,0.488400825952,高,低,问题词,False,False,,True,0.0316103516017,0.0028667150548,False,True,True,0.528068862275,0.457990269461,问题词,问题词,常规CRITIC+一维KMeans
1296,710,525368335,9811363528,6.56,8,16,0.82,2,0.8571,0.1429,98,0.460329341317,0.267964071856,0.504491017964,0.744011976048,0.457709580838,0.539296407186,0.364146751741,0.551451294249,低,高,黄金词,False,False,,True,0.132311949213,0.0601837532422,False,False,False,0.364146706587,0.561377245509,黄金词,黄金词,常规CRITIC+一维KMeans
1297,716,525368335,9811363528,0,0,0,,,,,,,,,,,,,,,,无效词,True,False,,False,,,False,False,False,,,无效词,无效词,结构性无成本无效益，先行归为无效词
1298,719,525368335,9811363528,0,0,0,,,,,,,,,,,,,,,,无效词,True,False,,False,,,False,False,False,,,无效词,无效词,结构性无成本无效益，先行归为无效词
1299,720,525368335,9811363528,30.61,26,23,1.17730769231,0.884615384615,0.875,0.125,71,0.722679640719,0.552395209581,0.729041916168,0.267215568862,0.439371257485,0.431137724551,0.637537465121,0.484190929923,高,低,问题词,False,False,,True,0.141078764167,0.00707661108303,False,True,True,0.63753742515,0.466691616766,问题词,问题词,常规CRITIC+一维KMeans
1300,725,525368335,9811363528,6.12,7,2,0.874285714286,0.285714285714,1,0,63,0.445359281437,0.322604790419,0.47380239521,0.0696107784431,0.171407185629,0.39745508982,0.383982064742,0.28624157658,低,低,潜力词,False,False,,True,0.112476636211,0.205025964427,False,False,False,0.383982035928,0.278068862275,潜力词,潜力词,常规CRITIC+一维KMeans
1301,729,525368335,9811363528,0,0,0,,,,,,,,,,,,,,,,无效词,True,False,,False,,,False,False,False,,,无效词,无效词,结构性无成本无效益，先行归为无效词
1302,733,525368335,9811363528,0,0,0,,,,,,,,,,,,,,,,无效词,True,False,,False,,,False,False,False,,,无效词,无效词,结构性无成本无效益，先行归为无效词
1303,735,525368335,9811363528,23.37,23,24,1.01608695652,1.04347826087,0.7692,0.2308,261,0.690119760479,0.445359281437,0.709580838323,0.508982035928,0.562874251497,0.839071856287,0.567739578411,0.65384427078,高,高,重点词,False,False,,True,0.0712808774574,0.162576729774,False,False,False,0.567739520958,0.655127245509,重点词,重点词,常规CRITIC+一维KMeans
1304,751,525368335,9811363528,118.97,21,76,5.66523809524,3.61904761905,0.5294,0.4706,589,0.842814371257,0.970808383234,0.692739520958,0.880239520958,0.790793413174,0.958083832335,0.906811347201,0.818214766099,高,高,重点词,False,False,,True,0.410352646248,0.326947225093,False,False,False,0.906811377246,0.830464071856,重点词,重点词,常规CRITIC+一维KMeans
1305,752,525368335,9811363528,5.46,8,7,0.6825,0.875,1,0,74,0.418413173653,0.171407185629,0.504491017964,0.263473053892,0.171407185629,0.446107784431,0.294910237621,0.347994850746,低,低,潜力词,False,False,,True,0.201548463333,0.143272690261,False,False,False,0.294910179641,0.346369760479,潜力词,潜力词,常规CRITIC+一维KMeans
1306,753,525368335,9811363528,0,0,0,,,,,,,,,,,,,,,,无效词,True,False,,False,,,False,False,False,,,无效词,无效词,结构性无成本无效益，先行归为无效词
1307,759,525368335,9811363528,12.71,15,6,0.847333333333,0.4,0.8,0.2,82,0.580089820359,0.300149700599,0.630988023952,0.0868263473054,0.529565868263,0.477919161677,0.44011982619,0.451288935466,低,低,潜力词,False,False,,True,0.0563388747639,0.0399786055409,False,False,False,0.440119760479,0.431324850299,潜力词,潜力词,常规CRITIC+一维KMeans
1308,763,525368335,9811363528,0,0,0,,,,,,,,,,,,,,,,无效词,True,False,,False,,,False,False,False,,,无效词,无效词,结构性无成本无效益，先行归为无效词
1309,765,525368335,9811363528,0,0,0,,,,,,,,,,,,,,,,无效词,True,False,,False,,,False,False,False,,,无效词,无效词,结构性无成本无效益，先行归为无效词
1310,766,525368335,9811363528,6.28,4,4,1.57,1,1,0,6,0.451721556886,0.76871257485,0.354416167665,0.40119760479,0.171407185629,0.141467065868,0.610216991461,0.268128000425,高,低,问题词,False,False,,True,0.113758290507,0.223139540582,False,False,False,0.610217065868,0.267122005988,问题词,问题词,常规CRITIC+一维KMeans
1311,775,525368335,9811363528,0,0,0,,,,,,,,,,,,,,,,无效词,True,False,,False,,,False,False,False,,,无效词,无效词,结构性无成本无效益，先行归为无效词
1312,785,525368335,9811363528,0.15,1,1,0.15,1,1,0,120,0.00898203592814,0.0108532934132,0.0815868263473,0.40119760479,0.171407185629,0.615643712575,0.00991766423142,0.292076747393,低,低,潜力词,False,False,,True,0.486541036722,0.199190793613,False,False,False,0.00991766467066,0.317458832335,潜力词,潜力词,常规CRITIC+一维KMeans
1313,799,525368335,9811363528,0,0,0,,,,,,,,,,,,,,,,无效词,True,False,,False,,,False,False,False,,,无效词,无效词,结构性无成本无效益，先行归为无效词
1314,805,525368335,9811363528,0,0,0,,,,,,,,,,,,,,,,无效词,True,False,,False,,,False,False,False,,,无效词,无效词,结构性无成本无效益，先行归为无效词
1315,809,525368335,9811363528,6.97,2,4,3.485,2,0.5,0.5,60,0.472305389222,0.943113772455,0.211826347305,0.744011976048,0.817739520958,0.370508982036,0.707709470325,0.528361540261,高,高,重点词,False,False,,True,0.211250769371,0.0370939992546,False,False,False,0.707709580838,0.536021706587,重点词,重点词,常规CRITIC+一维KMeans
1316,810,525368335,9811363528,1.87,1,1,1.87,1,1,0,8,0.209580838323,0.846556886228,0.0815868263473,0.40119760479,0.171407185629,0.157934131737,0.528068712757,0.192470266848,高,低,问题词,False,False,,True,0.0316100118037,0.298797274158,False,False,False,0.528068862275,0.203031437126,问题词,问题词,常规CRITIC+一维KMeans
1317,825,525368335,9811363528,0,0,0,,,,,,,,,,,,,,,,无效词,True,False,,False,,,False,False,False,,,无效词,无效词,结构性无成本无效益，先行归为无效词
1318,829,525368335,9811363528,112.68,22,79,5.12181818182,3.59090909091,0.5625,0.4375,234,0.835329341317,0.962574850299,0.702844311377,0.879491017964,0.776571856287,0.809131736527,0.89895206594,0.784675088529,高,高,重点词,False,False,,True,0.402493364986,0.293407547522,False,False,False,0.898952095808,0.792009730539,重点词,重点词,常规CRITIC+一维KMeans
1319,831,525368335,9811363528,1.96,2,4,0.98,2,0.5,0.5,148,0.220434131737,0.411676646707,0.211826347305,0.744011976048,0.817739520958,0.688997005988,0.316055344331,0.597670710289,低,高,黄金词,False,False,,True,0.180403356623,0.106403169282,False,False,False,0.316055389222,0.615643712575,黄金词,黄金词,常规CRITIC+一维KMeans
1320,834,525368335,9811363528,0,0,0,,,,,,,,,,,,,,,,无效词,True,False,,False,,,False,False,False,,,无效词,无效词,结构性无成本无效益，先行归为无效词
1321,836,525368335,9811363528,22.95,53,54,0.433018867925,1.01886792453,0.7895,0.2105,119,0.685628742515,0.0681137724551,0.825224550898,0.502994011976,0.546407185629,0.589446107784,0.376871402435,0.627291867135,低,高,黄金词,False,False,,True,0.119587298519,0.136024326129,False,False,False,0.376871257485,0.616017964072,黄金词,黄金词,常规CRITIC+一维KMeans
1322,848,525368335,9811363528,8.34,8,27,1.0425,3.375,0.5714,0.4286,254,0.505988023952,0.466317365269,0.504491017964,0.869760479042,0.769835329341,0.832335329341,0.486152703923,0.728147880179,低,高,黄金词,False,False,,True,0.0103059970309,0.236880339172,True,False,True,0.486152694611,0.744105538922,黄金词,黄金词,常规CRITIC+一维KMeans
1323,850,525368335,9811363528,0,0,0,,,,,,,,,,,,,,,,无效词,True,False,,False,,,False,False,False,,,无效词,无效词,结构性无成本无效益，先行归为无效词
1324,851,525368335,9811363528,0,0,0,,,,,,,,,,,,,,,,无效词,True,False,,False,,,False,False,False,,,无效词,无效词,结构性无成本无效益，先行归为无效词
1325,860,525368335,9811363528,0,0,0,,,,,,,,,,,,,,,,无效词,True,False,,False,,,False,False,False,,,无效词,无效词,结构性无成本无效益，先行归为无效词
1326,874,525368335,9811363528,16.71,15,34,1.114,2.26666666667,0.7692,0.2308,140,0.626497005988,0.506736526946,0.630988023952,0.779191616766,0.562874251497,0.67627245509,0.566616794579,0.654481344254,高,高,重点词,False,False,,True,0.070158093625,0.163213803248,False,False,False,0.566616766467,0.662331586826,重点词,重点词,常规CRITIC+一维KMeans
1327,884,525368335,9811363528,4.94,5,4,0.988,0.8,1,0,42,0.392964071856,0.420658682635,0.400449101796,0.225299401198,0.171407185629,0.288547904192,0.406811370745,0.275168617082,低,低,潜力词,False,False,,True,0.0896473302089,0.216098923924,False,False,False,0.406811377246,0.271425898204,潜力词,潜力词,常规CRITIC+一维KMeans
1328,888,525368335,9811363528,244.33,31,104,7.88161290323,3.35483870968,0.5769,0.4231,291,0.892215568862,0.987275449102,0.75748502994,0.869011976048,0.763473053892,0.862275449102,0.939745486669,0.806237366214,高,高,重点词,False,False,,True,0.443286785715,0.314969825208,False,False,False,0.939745508982,0.813061377246,重点词,重点词,常规CRITIC+一维KMeans
1329,901,525368335,9811363528,2.85,3,2,0.95,0.666666666667,1,0,8,0.284056886228,0.387350299401,0.294161676647,0.161676646707,0.171407185629,0.157934131737,0.335703568568,0.202007564084,低,低,潜力词,False,False,,True,0.160755132385,0.289259976923,False,False,False,0.335703592814,0.19629491018,潜力词,潜力词,常规CRITIC+一维KMeans
1330,905,525368335,9811363528,0.75,1,0,0.75,0,0,1,0,0.0666167664671,0.215568862275,0.0815868263473,0.0265718562874,0.953967065868,0.0310628742515,0.141092779408,0.297623280957,低,低,潜力词,False,False,,True,0.355365921546,0.193644260049,False,False,False,0.141092814371,0.273297155689,潜力词,潜力词,常规CRITIC+一维KMeans
1331,911,525368335,9811363528,1.96,4,4,0.49,1,1,0,64,0.220434131737,0.0857035928144,0.354416167665,0.40119760479,0.171407185629,0.40494011976,0.153068893901,0.325464846135,低,低,潜力词,False,False,,True,0.343389807053,0.165802694871,False,False,False,0.153068862275,0.332990269461,潜力词,潜力词,常规CRITIC+一维KMeans
1332,912,525368335,9811363528,116.42,16,8,7.27625,0.5,1,0,252,0.842065868263,0.983532934132,0.644461077844,0.109281437126,0.171407185629,0.829715568862,0.912799367991,0.438522611921,高,低,问题词,False,False,,True,0.416340667037,0.0527449290858,False,False,False,0.912799401198,0.438716317365,问题词,问题词,常规CRITIC+一维KMeans
1333,926,525368335,9811363528,1346.58,500,94,2.69316,0.188,0.954,0.046,120,0.932634730539,0.918413173653,0.933383233533,0.0591317365269,0.355538922156,0.615643712575,0.925523955434,0.515371574322,高,高,重点词,False,False,,True,0.42906525448,0.0241040333155,False,False,False,0.925523952096,0.490924401198,问题词,重点词,常规CRITIC+一维KMeans
1334,937,525368335,9811363528,286.55,134,107,2.13843283582,0.798507462687,0.908,0.092,103,0.896706586826,0.884730538922,0.89371257485,0.217065868263,0.40119760479,0.553517964072,0.890718565685,0.537261388361,高,高,重点词,False,False,,True,0.394259864732,0.0459938473541,False,False,False,0.890718562874,0.516373502994,重点词,重点词,常规CRITIC+一维KMeans
1335,944,525368335,9811363528,1.08,3,3,0.36,1,1,0,83,0.110778443114,0.0516467065868,0.294161676647,0.40119760479,0.171407185629,0.482035928144,0.0812125887304,0.324741912903,低,低,潜力词,False,False,,True,0.415246112223,0.166525628104,False,False,False,0.0812125748503,0.337200598802,潜力词,潜力词,常规CRITIC+一维KMeans
1336,954,525368335,9811363528,22.07,35,90,0.630571428571,2.57142857143,0.72,0.28,249,0.677395209581,0.14371257485,0.769461077844,0.813997005988,0.629116766467,0.825973053892,0.410554017488,0.753013077233,低,高,黄金词,False,False,,True,0.0859046834661,0.261745536226,False,False,False,0.410553892216,0.759636976048,黄金词,黄金词,常规CRITIC+一维KMeans
1337,957,525368335,9811363528,11.4,9,31,1.26666666667,3.44444444444,0.4444,0.5556,121,0.559880239521,0.598053892216,0.53255988024,0.873502994012,0.854416167665,0.641092814371,0.578967056908,0.71867203244,高,高,重点词,False,False,,True,0.0825083559541,0.227404491433,False,False,False,0.578967065868,0.725392964072,重点词,重点词,常规CRITIC+一维KMeans
1338,984,525368335,9811363528,10.36,11,8,0.941818181818,0.727272727273,1,0,40,0.543413173653,0.37874251497,0.567739520958,0.185628742515,0.171407185629,0.279191616766,0.461077882965,0.313074579169,低,低,潜力词,False,False,,True,0.0353808179889,0.178192961837,False,False,False,0.461077844311,0.300991766467,潜力词,潜力词,常规CRITIC+一维KMeans
1339,989,525368335,9811363528,2.24,3,3,0.746666666667,1,1,0,54,0.241392215569,0.211452095808,0.294161676647,0.40119760479,0.171407185629,0.345434131737,0.226422162717,0.295014713067,低,低,潜力词,False,False,,True,0.270036538237,0.196252827939,False,False,False,0.226422155689,0.303050149701,潜力词,潜力词,常规CRITIC+一维KMeans
1340,993,525368335,9811363528,2.26,4,5,0.565,1.25,0.75,0.25,51,0.242889221557,0.110778443114,0.354416167665,0.565119760479,0.591317365269,0.333083832335,0.176833863346,0.460604761776,低,低,潜力词,False,False,,True,0.319624837608,0.0306627792302,False,False,False,0.176833832335,0.460984281437,潜力词,潜力词,常规CRITIC+一维KMeans
1341,1010,525368335,9811363528,4.3,4,2,1.075,0.5,1,0,120,0.362275449102,0.479790419162,0.354416167665,0.109281437126,0.171407185629,0.615643712575,0.421032906547,0.307695002304,低,低,潜力词,False,False,,True,0.0754257944063,0.183572538703,False,False,False,0.421032934132,0.312687125749,潜力词,潜力词,常规CRITIC+一维KMeans
1342,1014,525368335,9811363528,2.6,4,4,0.65,1,1,0,97,0.265718562874,0.15119760479,0.354416167665,0.40119760479,0.171407185629,0.535928143713,0.208458110714,0.353970380224,低,低,潜力词,False,False,,True,0.28800059024,0.137297160782,False,False,False,0.208458083832,0.365737275449,潜力词,潜力词,常规CRITIC+一维KMeans
1343,1018,525368335,9811363528,0,0,0,,,,,,,,,,,,,,,,无效词,True,False,,False,,,False,False,False,,,无效词,无效词,结构性无成本无效益，先行归为无效词
1344,1022,525368335,9811363528,0,0,0,,,,,,,,,,,,,,,,无效词,True,False,,False,,,False,False,False,,,无效词,无效词,结构性无成本无效益，先行归为无效词
1345,1030,525368335,9811363528,0,0,0,,,,,,,,,,,,,,,,无效词,True,False,,False,,,False,False,False,,,无效词,无效词,结构性无成本无效益，先行归为无效词
1346,1034,525368335,9811363528,0,0,0,,,,,,,,,,,,,,,,无效词,True,False,,False,,,False,False,False,,,无效词,无效词,结构性无成本无效益，先行归为无效词
1347,1038,525368335,9811363528,0,0,0,,,,,,,,,,,,,,,,无效词,True,False,,False,,,False,False,False,,,无效词,无效词,结构性无成本无效益，先行归为无效词
1348,1046,525368335,9811363528,0,0,0,,,,,,,,,,,,,,,,无效词,True,False,,False,,,False,False,False,,,无效词,无效词,结构性无成本无效益，先行归为无效词
1349,1047,525368335,9811363528,0,0,0,,,,,,,,,,,,,,,,无效词,True,False,,False,,,False,False,False,,,无效词,无效词,结构性无成本无效益，先行归为无效词
1350,1050,525368335,9811363528,0,0,0,,,,,,,,,,,,,,,,无效词,True,False,,False,,,False,False,False,,,无效词,无效词,结构性无成本无效益，先行归为无效词
1351,1060,525368335,9811363528,0,0,0,,,,,,,,,,,,,,,,无效词,True,False,,False,,,False,False,False,,,无效词,无效词,结构性无成本无效益，先行归为无效词
1352,1074,525368335,9811363528,0,0,0,,,,,,,,,,,,,,,,无效词,True,False,,False,,,False,False,False,,,无效词,无效词,结构性无成本无效益，先行归为无效词
1353,1075,525368335,9811363528,0,0,0,,,,,,,,,,,,,,,,无效词,True,False,,False,,,False,False,False,,,无效词,无效词,结构性无成本无效益，先行归为无效词
1354,1081,525368335,9811363528,0,0,0,,,,,,,,,,,,,,,,无效词,True,False,,False,,,False,False,False,,,无效词,无效词,结构性无成本无效益，先行归为无效词
1355,1087,525368335,9811363528,0,0,0,,,,,,,,,,,,,,,,无效词,True,False,,False,,,False,False,False,,,无效词,无效词,结构性无成本无效益，先行归为无效词
1356,1093,525368335,9811363528,6.03,5,6,1.206,1.2,0.8,0.2,17,0.441616766467,0.566616766467,0.400449101796,0.552020958084,0.529565868263,0.198353293413,0.504116737126,0.424880648229,高,低,问题词,False,False,,True,0.00765803617205,0.0663868927771,True,False,True,0.504116766467,0.420097305389,问题词,问题词,常规CRITIC+一维KMeans
1357,1124,525368335,9811363528,6.52,6,3,1.08666666667,0.5,1,0,75,0.459580838323,0.48877245509,0.440119760479,0.109281437126,0.171407185629,0.448353293413,0.474176639854,0.296181344662,低,低,潜力词,False,False,,True,0.0222820610992,0.195086196344,False,False,False,0.474176646707,0.292290419162,潜力词,潜力词,常规CRITIC+一维KMeans
1358,1131,525368335,9811363528,8.44,10,3,0.844,0.3,1,0,72,0.508233532934,0.297155688623,0.55127245509,0.0703592814371,0.171407185629,0.436377245509,0.402694660325,0.317375540599,低,低,潜力词,False,False,,True,0.0937640406286,0.173892000408,False,False,False,0.402694610778,0.307354041916,潜力词,潜力词,常规CRITIC+一维KMeans
1359,1135,525368335,9811363528,1.46,1,1,1.46,1,1,0,3,0.159056886228,0.718188622754,0.0815868263473,0.40119760479,0.171407185629,0.112275449102,0.438622623245,0.182534052109,低,低,潜力词,False,False,,True,0.0578360777083,0.308733488898,False,False,False,0.438622754491,0.191616766467,潜力词,潜力词,常规CRITIC+一维KMeans
1360,1136,525368335,9811363528,0.15,1,1,0.15,1,1,0,10,0.00898203592814,0.0108532934132,0.0815868263473,0.40119760479,0.171407185629,0.169161676647,0.00991766423142,0.194913598342,低,低,潜力词,False,False,,True,0.486541036722,0.296353942665,False,False,False,0.00991766467066,0.205838323353,潜力词,潜力词,常规CRITIC+一维KMeans
1361,1137,525368335,9811363528,0,0,0,,,,,,,,,,,,,,,,无效词,True,False,,False,,,False,False,False,,,无效词,无效词,结构性无成本无效益，先行归为无效词
1362,1143,525368335,9811363528,7.32,5,4,1.464,0.8,1,0,37,0.483907185629,0.719311377246,0.400449101796,0.225299401198,0.171407185629,0.266841317365,0.60160922618,0.270444842862,高,低,问题词,False,False,,True,0.105150525227,0.220822698145,False,False,False,0.601609281437,0.265999251497,问题词,问题词,常规CRITIC+一维KMeans
1363,1148,525368335,9811363528,0,0,0,,,,,,,,,,,,,,,,无效词,True,False,,False,,,False,False,False,,,无效词,无效词,结构性无成本无效益，先行归为无效词
1364,1149,525368335,9811363528,0.37,1,1,0.37,1,1,0,0,0.0310628742515,0.0557634730539,0.0815868263473,0.40119760479,0.171407185629,0.0310628742515,0.0434131678547,0.164860620974,低,低,潜力词,False,False,,True,0.453045533099,0.326406920033,False,False,False,0.0434131736527,0.171313622754,潜力词,潜力词,常规CRITIC+一维KMeans
1365,1159,525368335,9811363528,10.33,9,11,1.14777777778,1.22222222222,0.7143,0.2857,34,0.541916167665,0.532185628743,0.53255988024,0.559880239521,0.636976047904,0.258982035928,0.537050900488,0.507587303109,高,高,重点词,False,False,,True,0.040592199534,0.0163197621024,False,True,True,0.537050898204,0.497099550898,问题词,问题词,常规CRITIC+一维KMeans
1366,1161,525368335,9811363528,0,0,0,,,,,,,,,,,,,,,,无效词,True,False,,False,,,False,False,False,,,无效词,无效词,结构性无成本无效益，先行归为无效词
1367,1167,525368335,9811363528,1264.77,257,325,4.92128404669,1.26459143969,0.8144,0.1856,111,0.930389221557,0.960329341317,0.916167664671,0.571107784431,0.512724550898,0.572604790419,0.945359274409,0.655657359701,高,高,重点词,False,False,,True,0.448900573456,0.164389818695,False,False,False,0.945359281437,0.643151197605,重点词,重点词,常规CRITIC+一维KMeans
1368,1169,525368335,9811363528,0,0,0,,,,,,,,,,,,,,,,无效词,True,False,,False,,,False,False,False,,,无效词,无效词,结构性无成本无效益，先行归为无效词
1369,1172,525368335,9811363528,0,0,0,,,,,,,,,,,,,,,,无效词,True,False,,False,,,False,False,False,,,无效词,无效词,结构性无成本无效益，先行归为无效词
1370,1184,525368335,9811363528,0,0,0,,,,,,,,,,,,,,,,无效词,True,False,,False,,,False,False,False,,,无效词,无效词,结构性无成本无效益，先行归为无效词
1371,1187,525368335,9811363528,0,0,0,,,,,,,,,,,,,,,,无效词,True,False,,False,,,False,False,False,,,无效词,无效词,结构性无成本无效益，先行归为无效词
1372,1188,525368335,9811363528,0.39,1,1,0.39,1,1,0,120,0.0336826347305,0.059880239521,0.0815868263473,0.40119760479,0.171407185629,0.615643712575,0.0467814309764,0.292076747393,低,低,潜力词,False,False,,True,0.449677269977,0.199190793613,False,False,False,0.0467814371257,0.317458832335,潜力词,潜力词,常规CRITIC+一维KMeans
1373,1194,525368335,9811363528,3.39,3,3,1.13,1,1,0,1,0.313622754491,0.520958083832,0.294161676647,0.40119760479,0.171407185629,0.0737275449102,0.417290370494,0.235886090928,低,低,潜力词,False,False,,True,0.07916833046,0.255381450078,False,False,False,0.417290419162,0.235123502994,潜力词,潜力词,常规CRITIC+一维KMeans
1374,1196,525368335,9811363528,25.68,26,5,0.987692307692,0.192307692308,1,0,433,0.702095808383,0.419910179641,0.729041916168,0.059880239521,0.171407185629,0.926646706587,0.56100306025,0.473415618361,高,低,问题词,False,False,,True,0.0645443592961,0.017851922645,False,False,False,0.561002994012,0.471744011976,问题词,问题词,常规CRITIC+一维KMeans
1375,1199,525368335,9811363528,0,0,0,,,,,,,,,,,,,,,,无效词,True,False,,False,,,False,False,False,,,无效词,无效词,结构性无成本无效益，先行归为无效词
1376,1205,525368335,9811363528,12.68,11,18,1.15272727273,1.63636363636,0.7143,0.2857,116,0.578592814371,0.535179640719,0.567739520958,0.659056886228,0.636976047904,0.581586826347,0.556886237735,0.609625547778,高,高,重点词,False,False,,True,0.0604275367817,0.118358006771,False,False,False,0.556886227545,0.611339820359,重点词,重点词,常规CRITIC+一维KMeans
1377,1209,525368335,9811363528,21,22,86,0.954545454545,3.90909090909,0.7,0.3,141,0.672904191617,0.391467065868,0.702844311377,0.895209580838,0.650823353293,0.678892215569,0.532185694805,0.725304685671,高,高,重点词,False,False,,True,0.035726993851,0.234037144665,False,False,False,0.532185628743,0.731942365269,重点词,重点词,常规CRITIC+一维KMeans
1378,1216,525368335,9811363528,0,0,0,,,,,,,,,,,,,,,,无效词,True,False,,False,,,False,False,False,,,无效词,无效词,结构性无成本无效益，先行归为无效词
1379,1217,525368335,9811363528,11.05,12,16,0.920833333333,1.33333333333,0.9,0.1,73,0.553517964072,0.364520958084,0.585703592814,0.590194610778,0.41130239521,0.442365269461,0.459019505441,0.507705329909,低,高,黄金词,False,False,,True,0.0374391955123,0.0164377889025,False,True,True,0.459019461078,0.507391467066,黄金词,潜力词,常规CRITIC+一维KMeans
1380,1221,525368335,9811363528,0,0,0,,,,,,,,,,,,,,,,无效词,True,False,,False,,,False,False,False,,,无效词,无效词,结构性无成本无效益，先行归为无效词
1381,1225,525368335,9811363528,0,0,0,,,,,,,,,,,,,,,,无效词,True,False,,False,,,False,False,False,,,无效词,无效词,结构性无成本无效益，先行归为无效词
1382,1233,525368335,9811363528,3.36,2,3,1.68,1.5,0,1,225,0.311002994012,0.800898203593,0.211826347305,0.630613772455,0.953967065868,0.798652694611,0.555950483809,0.634143561335,高,高,重点词,False,False,,True,0.0594917828551,0.142876020329,False,False,False,0.555950598802,0.64876497006,重点词,重点词,常规CRITIC+一维KMeans
1383,1235,525368335,9811363528,10.08,10,27,1.008,2.7,0.6,0.4,119,0.535553892216,0.438622754491,0.55127245509,0.825224550898,0.748877245509,0.589446107784,0.487088346106,0.673428942192,低,高,黄金词,False,False,,True,0.00937035484757,0.182161401186,True,False,True,0.487088323353,0.67870508982,黄金词,黄金词,常规CRITIC+一维KMeans
1384,1236,525368335,9811363528,1.34,2,0,0.67,0,0,1,0,0.144835329341,0.16504491018,0.211826347305,0.0265718562874,0.953967065868,0.0310628742515,0.154940115017,0.335450397115,低,低,潜力词,False,False,,True,0.341518585937,0.155817143892,False,False,False,0.15494011976,0.305857035928,潜力词,潜力词,常规CRITIC+一维KMeans
1385,1241,525368335,9811363528,24.82,23,67,1.07913043478,2.91304347826,0.65,0.35,177,0.697604790419,0.482784431138,0.709580838323,0.842065868263,0.71369760479,0.736901197605,0.590194661203,0.745529292109,高,高,重点词,False,False,,True,0.0937359602499,0.254261751103,False,False,False,0.590194610778,0.750561377246,重点词,重点词,常规CRITIC+一维KMeans
1386,1244,525368335,9811363528,0,0,0,,,,,,,,,,,,,,,,无效词,True,False,,False,,,False,False,False,,,无效词,无效词,结构性无成本无效益，先行归为无效词
1387,1245,525368335,9811363528,0,0,0,,,,,,,,,,,,,,,,无效词,True,False,,False,,,False,False,False,,,无效词,无效词,结构性无成本无效益，先行归为无效词
1388,1255,525368335,9811363528,1.5,1,1,1.5,1,1,0,10,0.167290419162,0.741017964072,0.0815868263473,0.40119760479,0.171407185629,0.169161676647,0.454154056945,0.194913598342,低,低,潜力词,False,False,,True,0.0423046440086,0.296353942665,False,False,False,0.454154191617,0.205838323353,潜力词,潜力词,常规CRITIC+一维KMeans
1389,1257,525368335,9811363528,0.61,1,1,0.61,1,1,0,120,0.0516467065868,0.137724550898,0.0815868263473,0.40119760479,0.171407185629,0.615643712575,0.0946856085374,0.292076747393,低,低,潜力词,False,False,,True,0.401773092416,0.199190793613,False,False,False,0.0946856287425,0.317458832335,潜力词,潜力词,常规CRITIC+一维KMeans
1390,1265,525368335,9811363528,4.26,1,1,4.26,1,1,0,10,0.361526946108,0.952844311377,0.0815868263473,0.40119760479,0.171407185629,0.169161676647,0.657185489942,0.194913598342,高,低,问题词,False,False,,True,0.160726788988,0.296353942665,False,False,False,0.657185628743,0.205838323353,问题词,问题词,常规CRITIC+一维KMeans
1391,1270,525368335,9811363528,16.29,16,160,1.018125,10,0.6429,0.3571,1163,0.624251497006,0.447604790419,0.644461077844,0.98502994012,0.715943113772,0.990269461078,0.535928185177,0.813527796336,高,高,重点词,False,False,,True,0.0394694842234,0.32226025533,False,False,False,0.535928143713,0.833925898204,重点词,重点词,常规CRITIC+一维KMeans
1392,1278,525368335,9811363528,0,0,0,,,,,,,,,,,,,,,,无效词,True,False,,False,,,False,False,False,,,无效词,无效词,结构性无成本无效益，先行归为无效词
1393,1280,525368335,9811363528,0,0,0,,,,,,,,,,,,,,,,无效词,True,False,,False,,,False,False,False,,,无效词,无效词,结构性无成本无效益，先行归为无效词
1394,1281,525368335,9811363528,0,0,0,,,,,,,,,,,,,,,,无效词,True,False,,False,,,False,False,False,,,无效词,无效词,结构性无成本无效益，先行归为无效词
1395,1282,525368335,9811363528,0.65,1,0,0.65,0,0,1,0,0.0561377245509,0.15119760479,0.0815868263473,0.0265718562874,0.953967065868,0.0310628742515,0.103667642357,0.297623280957,低,低,潜力词,False,False,,True,0.392791058596,0.193644260049,False,False,False,0.103667664671,0.273297155689,潜力词,潜力词,常规CRITIC+一维KMeans
1396,1289,525368335,9811363528,0,0,0,,,,,,,,,,,,,,,,无效词,True,False,,False,,,False,False,False,,,无效词,无效词,结构性无成本无效益，先行归为无效词
1397,1292,525368335,9811363528,6.18,8,15,0.7725,1.875,0.5714,0.4286,48,0.447604790419,0.23128742515,0.504491017964,0.712574850299,0.769835329341,0.31998502994,0.339446158561,0.582391964264,低,高,黄金词,False,False,,True,0.157012542393,0.0911244232575,False,False,False,0.339446107784,0.576721556886,黄金词,黄金词,常规CRITIC+一维KMeans
1398,1294,525368335,9811363528,1.3,2,2,0.65,1,1,0,22,0.13997005988,0.15119760479,0.211826347305,0.40119760479,0.171407185629,0.212200598802,0.1455838297,0.242106818557,低,低,潜力词,False,False,,True,0.350874871254,0.24916072245,False,False,False,0.145583832335,0.249157934132,潜力词,潜力词,常规CRITIC+一维KMeans
1399,1295,525368335,9811363528,0.23,1,1,0.23,1,1,0,5,0.0172155688623,0.0269461077844,0.0815868263473,0.40119760479,0.171407185629,0.134356287425,0.0220808360393,0.187339270712,低,低,潜力词,False,False,,True,0.474377864914,0.303928270294,False,False,False,0.0220808383234,0.197136976048,潜力词,潜力词,常规CRITIC+一维KMeans
1400,1296,525368335,9811363528,10.54,6,14,1.75666666667,2.33333333333,0.3333,0.6667,343,0.544535928144,0.823353293413,0.440119760479,0.787050898204,0.883607784431,0.892964071856,0.683944545331,0.73579150038,高,高,重点词,False,False,,True,0.187485844378,0.244523959374,False,False,False,0.683944610778,0.750935628743,重点词,重点词,常规CRITIC+一维KMeans
1401,1303,525368335,9811363528,0,0,0,,,,,,,,,,,,,,,,无效词,True,False,,False,,,False,False,False,,,无效词,无效词,结构性无成本无效益，先行归为无效词
1402,1308,525368335,9811363528,44.83,48,61,0.933958333333,1.27083333333,0.7,0.3,168,0.771706586826,0.373502994012,0.812874251497,0.574101796407,0.650823353293,0.719685628743,0.57260488389,0.696154179991,高,高,重点词,False,False,,True,0.0761461829363,0.204886638985,False,False,False,0.572604790419,0.689371257485,重点词,重点词,常规CRITIC+一维KMeans
1403,1311,525368335,9811363528,0,0,0,,,,,,,,,,,,,,,,无效词,True,False,,False,,,False,False,False,,,无效词,无效词,结构性无成本无效益，先行归为无效词
1404,1315,525368335,9811363528,0.63,1,0,0.63,0,0,1,0,0.0523952095808,0.142964071856,0.0815868263473,0.0265718562874,0.953967065868,0.0310628742515,0.0976796194592,0.297623280957,低,低,潜力词,False,False,,True,0.398779081494,0.193644260049,False,False,False,0.0976796407186,0.273297155689,潜力词,潜力词,常规CRITIC+一维KMeans
1405,1318,525368335,9811363528,239.2,249,245,0.960642570281,0.983935742972,0.8079,0.1921,91,0.889221556886,0.398203592814,0.914670658683,0.298652694611,0.51871257485,0.513473053892,0.643712690108,0.584613504885,高,高,重点词,False,False,,True,0.147253989154,0.0933459638783,False,False,False,0.64371257485,0.561377245509,重点词,重点词,常规CRITIC+一维KMeans
1406,1323,525368335,9811363528,16.79,16,60,1.049375,3.75,0.5,0.5,247,0.627245508982,0.47005988024,0.644461077844,0.885853293413,0.817739520958,0.824850299401,0.548652731507,0.783804881992,高,高,重点词,False,False,,True,0.0521940305535,0.292537340986,False,False,False,0.548652694611,0.793226047904,重点词,重点词,常规CRITIC+一维KMeans
1407,1325,525368335,9811363528,5.23,8,63,0.65375,7.875,0.5,0.5,909,0.409056886228,0.154191616766,0.504491017964,0.972305389222,0.817739520958,0.98502994012,0.281624311322,0.796852003445,低,高,黄金词,False,False,,True,0.214834389632,0.305584462439,False,False,False,0.281624251497,0.819891467066,黄金词,黄金词,常规CRITIC+一维KMeans
1408,1327,525368335,9811363528,8.67,6,34,1.445,5.66666666667,0.4,0.6,505,0.513473053892,0.710703592814,0.440119760479,0.949476047904,0.866766467066,0.943113772455,0.612088277057,0.77749123182,高,高,重点词,False,False,,True,0.115629576104,0.286223690814,False,False,False,0.612088323353,0.799869011976,重点词,重点词,常规CRITIC+一维KMeans
1409,1337,525368335,9811363528,0.15,1,1,0.15,1,1,0,2,0.00898203592814,0.0108532934132,0.0815868263473,0.40119760479,0.171407185629,0.0943113772455,0.00991766423142,0.178624721719,低,低,潜力词,False,False,,True,0.486541036722,0.312642819287,False,False,False,0.00991766467066,0.187125748503,潜力词,潜力词,常规CRITIC+一维KMeans
1410,1351,525368335,9811363528,0,0,0,,,,,,,,,,,,,,,,无效词,True,False,,False,,,False,False,False,,,无效词,无效词,结构性无成本无效益，先行归为无效词
1411,1353,525368335,9811363528,113.91,107,560,1.06457943925,5.23364485981,0.3587,0.6413,341,0.836826347305,0.475299401198,0.876497005988,0.937874251497,0.877994011976,0.891841317365,0.656062959113,0.893623537974,高,高,重点词,False,False,,True,0.15960425816,0.402355996967,False,False,False,0.656062874251,0.896051646707,重点词,重点词,常规CRITIC+一维KMeans
1412,1370,525368335,9811363528,1.66,2,2,0.83,1,1,0,4,0.184880239521,0.283308383234,0.211826347305,0.40119760479,0.171407185629,0.126122754491,0.234094288273,0.223374610441,低,低,潜力词,False,False,,True,0.262364412681,0.267892930565,False,False,False,0.234094311377,0.227638473054,潜力词,潜力词,常规CRITIC+一维KMeans
1413,1375,525368335,9811363528,0,0,0,,,,,,,,,,,,,,,,无效词,True,False,,False,,,False,False,False,,,无效词,无效词,结构性无成本无效益，先行归为无效词
1414,1381,525368335,9811363528,2.27,3,2,0.756666666667,0.666666666667,1,0,61,0.244011976048,0.220808383234,0.294161676647,0.161676646707,0.171407185629,0.377994011976,0.232410185087,0.249896861353,低,低,潜力词,False,False,,True,0.264048515866,0.241370679653,False,False,False,0.232410179641,0.25130988024,潜力词,潜力词,常规CRITIC+一维KMeans
1415,1387,525368335,9811363528,0,0,0,,,,,,,,,,,,,,,,无效词,True,False,,False,,,False,False,False,,,无效词,无效词,结构性无成本无效益，先行归为无效词
1416,1396,525368335,9811363528,0,0,0,,,,,,,,,,,,,,,,无效词,True,False,,False,,,False,False,False,,,无效词,无效词,结构性无成本无效益，先行归为无效词
1417,1397,525368335,9811363528,0,0,0,,,,,,,,,,,,,,,,无效词,True,False,,False,,,False,False,False,,,无效词,无效词,结构性无成本无效益，先行归为无效词
1418,1398,525368335,9811363528,5.87,4,4,1.4675,1,0.6667,0.3333,87,0.435628742515,0.722305389222,0.354416167665,0.40119760479,0.688622754491,0.501497005988,0.578966998576,0.488188488866,高,低,问题词,False,False,,True,0.0825082976227,0.00307905214013,False,True,True,0.578967065868,0.486433383234,问题词,问题词,常规CRITIC+一维KMeans
1419,1400,525368335,9811363528,0,0,0,,,,,,,,,,,,,,,,无效词,True,False,,False,,,False,False,False,,,无效词,无效词,结构性无成本无效益，先行归为无效词
1420,1402,525368335,9811363528,0.75,1,1,0.75,1,1,0,120,0.0666167664671,0.215568862275,0.0815868263473,0.40119760479,0.171407185629,0.615643712575,0.141092779408,0.292076747393,低,低,潜力词,False,False,,True,0.355365921546,0.199190793613,False,False,False,0.141092814371,0.317458832335,潜力词,潜力词,常规CRITIC+一维KMeans
1421,1414,525368335,9811363528,0,0,0,,,,,,,,,,,,,,,,无效词,True,False,,False,,,False,False,False,,,无效词,无效词,结构性无成本无效益，先行归为无效词
1422,1437,525368335,9811363528,19.68,21,43,0.937142857143,2.04761904762,0.75,0.25,89,0.660179640719,0.375748502994,0.692739520958,0.759730538922,0.591317365269,0.507110778443,0.517964138621,0.639155297393,高,高,重点词,False,False,,True,0.0215054376675,0.147887756387,False,False,False,0.517964071856,0.637724550898,重点词,重点词,常规CRITIC+一维KMeans
1423,1441,525368335,9811363528,34.01,50,42,0.6802,0.84,0.8182,0.1818,76,0.741017964072,0.169910179641,0.818488023952,0.251871257485,0.507859281437,0.452844311377,0.455464205913,0.530314298561,低,高,黄金词,False,False,,True,0.0409944950405,0.0390467575549,False,False,False,0.455464071856,0.507765718563,黄金词,黄金词,常规CRITIC+一维KMeans
1424,1475,525368335,9811363528,0,0,0,,,,,,,,,,,,,,,,无效词,True,False,,False,,,False,False,False,,,无效词,无效词,结构性无成本无效益，先行归为无效词
1425,1492,525368335,9811363528,0,0,0,,,,,,,,,,,,,,,,无效词,True,False,,False,,,False,False,False,,,无效词,无效词,结构性无成本无效益，先行归为无效词
1426,1496,525368335,9811363528,0,0,0,,,,,,,,,,,,,,,,无效词,True,False,,False,,,False,False,False,,,无效词,无效词,结构性无成本无效益，先行归为无效词
1427,1507,525368335,9811363528,0,0,0,,,,,,,,,,,,,,,,无效词,True,False,,False,,,False,False,False,,,无效词,无效词,结构性无成本无效益，先行归为无效词
1428,1508,525368335,9811363528,0,0,0,,,,,,,,,,,,,,,,无效词,True,False,,False,,,False,False,False,,,无效词,无效词,结构性无成本无效益，先行归为无效词
1429,1523,525368335,9811363528,7.77,7,9,1.11,1.28571428571,0.8,0.2,172,0.493263473054,0.502619760479,0.47380239521,0.579715568862,0.529565868263,0.726796407186,0.49794161457,0.567221075869,高,高,重点词,False,False,,True,0.00148291361663,0.0759535348628,True,False,True,0.497941616766,0.57747005988,重点词,黄金词,常规CRITIC+一维KMeans
1430,1525,525368335,9811363528,29.45,32,180,0.9203125,5.625,0.7241,0.2759,400,0.720808383234,0.362275449102,0.760853293413,0.948353293413,0.625,0.916541916168,0.541542000327,0.798377512356,高,高,重点词,False,False,,True,0.0450832993729,0.30710997135,False,False,False,0.541541916168,0.812687125749,重点词,重点词,常规CRITIC+一维KMeans
1431,1533,525368335,9811363528,0,0,0,,,,,,,,,,,,,,,,无效词,True,False,,False,,,False,False,False,,,无效词,无效词,结构性无成本无效益，先行归为无效词
1432,1535,525368335,9811363528,6.01,10,18,0.601,1.8,0.4,0.6,261,0.440119760479,0.131736526946,0.55127245509,0.693113772455,0.866766467066,0.839071856287,0.2859282161,0.731259107825,低,高,黄金词,False,False,,True,0.210530484854,0.239991566819,False,False,False,0.285928143713,0.737556137725,黄金词,黄金词,常规CRITIC+一维KMeans
1433,1537,525368335,9811363528,0,0,0,,,,,,,,,,,,,,,,无效词,True,False,,False,,,False,False,False,,,无效词,无效词,结构性无成本无效益，先行归为无效词
1434,1561,525368335,9811363528,14.9,16,14,0.93125,0.875,0.8333,0.1667,95,0.609281437126,0.372754491018,0.644461077844,0.263473053892,0.487275449102,0.526571856287,0.491018019592,0.49270286788,低,高,黄金词,False,False,,True,0.00544068136152,0.00143532687325,True,True,True,0.491017964072,0.480445359281,潜力词,潜力词,常规CRITIC+一维KMeans
1435,1564,525368335,9811363528,0,0,0,,,,,,,,,,,,,,,,无效词,True,False,,False,,,False,False,False,,,无效词,无效词,结构性无成本无效益，先行归为无效词
1436,1575,525368335,9811363528,33.51,40,8,0.83775,0.2,0.5,0.5,60,0.73502994012,0.288922155689,0.787799401198,0.061377245509,0.817739520958,0.370508982036,0.51197615262,0.546868688332,高,高,重点词,False,False,,True,0.015517451666,0.055601147326,True,False,True,0.511976047904,0.509356287425,重点词,重点词,常规CRITIC+一维KMeans
1437,1576,525368335,9811363528,0,0,0,,,,,,,,,,,,,,,,无效词,True,False,,False,,,False,False,False,,,无效词,无效词,结构性无成本无效益，先行归为无效词
1438,1601,525368335,9811363528,0,0,0,,,,,,,,,,,,,,,,无效词,True,False,,False,,,False,False,False,,,无效词,无效词,结构性无成本无效益，先行归为无效词
1439,1602,525368335,9811363528,0,0,0,,,,,,,,,,,,,,,,无效词,True,False,,False,,,False,False,False,,,无效词,无效词,结构性无成本无效益，先行归为无效词
1440,1610,525368335,9811363528,9.46,9,5,1.05111111111,0.555555555556,1,0,33,0.525449101796,0.470808383234,0.53255988024,0.129865269461,0.171407185629,0.253368263473,0.498128755341,0.285083617047,高,低,问题词,False,False,,True,0.00167005438723,0.20618392396,True,False,True,0.498128742515,0.271800149701,问题词,潜力词,常规CRITIC+一维KMeans
1441,1617,525368335,9811363528,3.61,3,2,1.20333333333,0.666666666667,1,0,2,0.328218562874,0.565119760479,0.294161676647,0.161676646707,0.171407185629,0.0943113772455,0.446669106069,0.188162018955,低,低,潜力词,False,False,,True,0.0497895948851,0.303105522051,False,False,False,0.446669161677,0.180389221557,潜力词,潜力词,常规CRITIC+一维KMeans
1442,1621,525368335,9811363528,0,0,0,,,,,,,,,,,,,,,,无效词,True,False,,False,,,False,False,False,,,无效词,无效词,结构性无成本无效益，先行归为无效词
1443,1628,525368335,9811363528,2.96,3,14,0.986666666667,4.66666666667,0.3333,0.6667,254,0.29378742515,0.419161676647,0.294161676647,0.914296407186,0.883607784431,0.832335329341,0.356474521469,0.707938168858,低,高,黄金词,False,False,,True,0.139984179485,0.216670627852,False,False,False,0.356474550898,0.731100299401,黄金词,黄金词,常规CRITIC+一维KMeans
1444,1629,525368335,9811363528,6.69,8,16,0.83625,2,0.7143,0.2857,339,0.464820359281,0.285928143713,0.504491017964,0.744011976048,0.636976047904,0.890718562874,0.375374293489,0.67704447673,低,高,黄金词,False,False,,True,0.121084407465,0.185776935724,False,False,False,0.375374251497,0.694049401198,黄金词,黄金词,常规CRITIC+一维KMeans
1445,1638,525368335,9811363528,19.33,26,59,0.743461538462,2.26923076923,0.5789,0.4211,120,0.656437125749,0.208083832335,0.729041916168,0.77994011976,0.761976047904,0.615643712575,0.432260584284,0.724481079937,低,高,黄金词,False,False,,True,0.0641981166692,0.233213538931,False,False,False,0.432260479042,0.721650449102,黄金词,黄金词,常规CRITIC+一维KMeans
1446,1639,525368335,9811363528,0,0,0,,,,,,,,,,,,,,,,无效词,True,False,,False,,,False,False,False,,,无效词,无效词,结构性无成本无效益，先行归为无效词
1447,1640,525368335,9811363528,0,0,0,,,,,,,,,,,,,,,,无效词,True,False,,False,,,False,False,False,,,无效词,无效词,结构性无成本无效益，先行归为无效词
1448,1641,525368335,9811363528,0.34,1,1,0.34,1,1,0,1,0.0276946107784,0.0479041916168,0.0815868263473,0.40119760479,0.171407185629,0.0737275449102,0.0377993964538,0.174145280648,低,低,潜力词,False,False,,True,0.4586593045,0.317122260358,False,False,False,0.0377994011976,0.181979790419,潜力词,潜力词,常规CRITIC+一维KMeans
1449,1647,525368335,9811363528,0,0,0,,,,,,,,,,,,,,,,无效词,True,False,,False,,,False,False,False,,,无效词,无效词,结构性无成本无效益，先行归为无效词
1450,1649,525368335,9811363528,12.97,12,31,1.08083333333,2.58333333333,0.6,0.4,160,0.583083832335,0.485778443114,0.585703592814,0.815494011976,0.748877245509,0.708832335329,0.534431160565,0.707289204775,高,高,重点词,False,False,,True,0.0379724596115,0.216021663769,False,False,False,0.534431137725,0.714726796407,重点词,重点词,常规CRITIC+一维KMeans
1451,1652,525368335,9811363528,2.48,3,2,0.826666666667,0.666666666667,1,0,2,0.258607784431,0.275823353293,0.294161676647,0.161676646707,0.171407185629,0.0943113772455,0.267215564821,0.188162018955,低,低,潜力词,False,False,,True,0.229243136132,0.303105522051,False,False,False,0.267215568862,0.180389221557,潜力词,潜力词,常规CRITIC+一维KMeans
1452,1660,525368335,9811363528,24.25,18,38,1.34722222222,2.11111111111,0.6667,0.3333,282,0.692365269461,0.65119760479,0.670658682635,0.764595808383,0.688622754491,0.855538922156,0.671781446789,0.736287717889,高,高,重点词,False,False,,True,0.175322745835,0.245020176883,False,False,False,0.671781437126,0.744854041916,重点词,重点词,常规CRITIC+一维KMeans
1453,1670,525368335,9811363528,0,0,0,,,,,,,,,,,,,,,,无效词,True,False,,False,,,False,False,False,,,无效词,无效词,结构性无成本无效益，先行归为无效词
1454,1672,525368335,9811363528,662.43,3390,507,0.195407079646,0.149557522124,0.9859,0.0141,66,0.916167664671,0.0217065868263,0.97380239521,0.0576347305389,0.343562874251,0.413922155689,0.468937335706,0.479604933227,低,低,潜力词,False,False,,True,0.0275213652472,0.0116626077796,False,True,True,0.468937125749,0.447230538922,潜力词,潜力词,常规CRITIC+一维KMeans
1455,1677,525368335,9811363528,24.31,21,39,1.15761904762,1.85714285714,0.5333,0.4667,188,0.693113772455,0.539670658683,0.692739520958,0.706961077844,0.789296407186,0.752994011976,0.616392251587,0.735407103126,高,高,重点词,False,False,,True,0.119933550633,0.244139562119,False,False,False,0.616392215569,0.735497754491,重点词,重点词,常规CRITIC+一维KMeans
1456,1678,525368335,9811363528,5.64,6,10,0.94,1.66666666667,0.75,0.25,396,0.425898203593,0.377619760479,0.440119760479,0.663547904192,0.591317365269,0.913922155689,0.401758993368,0.633350807116,低,高,黄金词,False,False,,True,0.0946997075852,0.14208326611,False,False,False,0.401758982036,0.652226796407,黄金词,黄金词,常规CRITIC+一维KMeans
1457,1688,525368335,9811363528,0.64,2,9,0.32,4.5,0.5,0.5,1179,0.0535179640719,0.0426646706587,0.211826347305,0.908682634731,0.817739520958,0.991017964072,0.0480913199129,0.699286242678,低,高,黄金词,False,False,,True,0.448367381041,0.208018701671,False,False,False,0.0480913173653,0.732316616766,黄金词,黄金词,常规CRITIC+一维KMeans
1458,1694,525368335,9811363528,0.85,2,11,0.425,5.5,0.5,0.5,668,0.0804640718563,0.065119760479,0.211826347305,0.946107784431,0.817739520958,0.97005988024,0.0727919197695,0.702882156137,低,高,黄金词,False,False,,True,0.423666781184,0.21161461513,False,False,False,0.0727919161677,0.736433383234,黄金词,黄金词,常规CRITIC+一维KMeans
1459,1702,525368335,9811363528,0,0,0,,,,,,,,,,,,,,,,无效词,True,False,,False,,,False,False,False,,,无效词,无效词,结构性无成本无效益，先行归为无效词
1460,1703,525368335,9811363528,0,0,0,,,,,,,,,,,,,,,,无效词,True,False,,False,,,False,False,False,,,无效词,无效词,结构性无成本无效益，先行归为无效词
1461,1705,525368335,9811363528,14.22,13,33,1.09384615385,2.53846153846,0.7273,0.2727,77,0.599550898204,0.491017964072,0.605164670659,0.810628742515,0.621631736527,0.459206586826,0.545284456614,0.622693969944,高,高,重点词,False,False,,True,0.0488257556602,0.131426428937,False,False,False,0.545284431138,0.624157934132,重点词,重点词,常规CRITIC+一维KMeans
1462,1716,525368335,9811363528,3.37,2,2,1.685,1,0,1,17,0.3125,0.804640718563,0.211826347305,0.40119760479,0.953967065868,0.198353293413,0.558570243761,0.453505593487,高,低,问题词,False,False,,True,0.062111542807,0.0377619475198,False,False,False,0.558570359281,0.441336077844,问题词,问题词,常规CRITIC+一维KMeans
1463,1717,525368335,9811363528,0,0,0,,,,,,,,,,,,,,,,无效词,True,False,,False,,,False,False,False,,,无效词,无效词,结构性无成本无效益，先行归为无效词
1464,1718,525368335,9811363528,0,0,0,,,,,,,,,,,,,,,,无效词,True,False,,False,,,False,False,False,,,无效词,无效词,结构性无成本无效益，先行归为无效词
1465,1719,525368335,9811363528,49.34,66,98,0.747575757576,1.48484848485,0.7381,0.2619,114,0.780688622754,0.213323353293,0.846182634731,0.620508982036,0.615643712575,0.57747005988,0.497006121202,0.675355112899,高,高,重点词,False,False,,True,0.000547420248652,0.184087571893,True,False,True,0.497005988024,0.664951347305,重点词,黄金词,常规CRITIC+一维KMeans
1466,1735,525368335,9811363528,0,0,0,,,,,,,,,,,,,,,,无效词,True,False,,False,,,False,False,False,,,无效词,无效词,结构性无成本无效益，先行归为无效词
1467,1737,525368335,9811363528,0,0,0,,,,,,,,,,,,,,,,无效词,True,False,,False,,,False,False,False,,,无效词,无效词,结构性无成本无效益，先行归为无效词
1468,1739,525368335,9811363528,0,0,0,,,,,,,,,,,,,,,,无效词,True,False,,False,,,False,False,False,,,无效词,无效词,结构性无成本无效益，先行归为无效词
1469,1742,525368335,9811363528,13.43,15,37,0.895333333333,2.46666666667,0.6923,0.3077,105,0.587574850299,0.337574850299,0.630988023952,0.800898203593,0.658308383234,0.559505988024,0.462574908982,0.659949471447,低,高,黄金词,False,False,,True,0.0338837919714,0.168681930441,False,False,False,0.462574850299,0.662425149701,黄金词,黄金词,常规CRITIC+一维KMeans
1470,1756,525368335,9811363528,0,0,0,,,,,,,,,,,,,,,,无效词,True,False,,False,,,False,False,False,,,无效词,无效词,结构性无成本无效益，先行归为无效词
1471,1765,525368335,9811363528,33.74,46,46,0.73347826087,1,0.9286,0.0714,70,0.738023952096,0.202844311377,0.808008982036,0.40119760479,0.375374251497,0.427395209581,0.47043425736,0.517978804753,低,高,黄金词,False,False,,True,0.0260244435937,0.0267112637463,False,False,False,0.470434131737,0.502994011976,黄金词,黄金词,常规CRITIC+一维KMeans
1472,1766,525368335,9811363528,0,0,0,,,,,,,,,,,,,,,,无效词,True,False,,False,,,False,False,False,,,无效词,无效词,结构性无成本无效益，先行归为无效词
1473,1797,525368335,9811363528,0,0,0,,,,,,,,,,,,,,,,无效词,True,False,,False,,,False,False,False,,,无效词,无效词,结构性无成本无效益，先行归为无效词
1474,1816,525368335,9811363528,1.16,2,6,0.58,3,0,1,41,0.119760479042,0.117140718563,0.211826347305,0.852170658683,0.953967065868,0.283682634731,0.118450599417,0.57036433974,低,高,黄金词,False,False,,True,0.378008101536,0.0790967987336,False,False,False,0.118450598802,0.575411676647,黄金词,黄金词,常规CRITIC+一维KMeans
1475,1827,525368335,9811363528,0,0,0,,,,,,,,,,,,,,,,无效词,True,False,,False,,,False,False,False,,,无效词,无效词,结构性无成本无效益，先行归为无效词
1476,1869,525368335,9811363528,16.93,17,11,0.995882352941,0.647058823529,1,0,118,0.630988023952,0.429640718563,0.657934131737,0.149700598802,0.171407185629,0.585329341317,0.53031441852,0.398061922523,高,低,问题词,False,False,,True,0.0338557175664,0.0932056184839,False,False,False,0.530314371257,0.391092814371,问题词,问题词,常规CRITIC+一维KMeans
1477,1879,525368335,9811363528,1.82,2,2,0.91,1,1,0,28,0.202095808383,0.351422155689,0.211826347305,0.40119760479,0.171407185629,0.233158682635,0.276758946984,0.246667704011,低,低,潜力词,False,False,,True,0.219699753969,0.244599836995,False,False,False,0.276758982036,0.25439745509,潜力词,潜力词,常规CRITIC+一维KMeans
1478,1881,525368335,9811363528,2.24,3,8,0.746666666667,2.66666666667,0.3333,0.6667,530,0.241392215569,0.211452095808,0.294161676647,0.822979041916,0.883607784431,0.949850299401,0.226422162717,0.713609115807,低,高,黄金词,False,False,,True,0.270036538237,0.2223415748,False,False,False,0.226422155689,0.737649700599,黄金词,黄金词,常规CRITIC+一维KMeans
1479,1906,525368335,9811363528,0.81,1,1,0.81,1,1,0,0,0.0744760479042,0.259356287425,0.0815868263473,0.40119760479,0.171407185629,0.0310628742515,0.166916124268,0.164860620974,低,低,潜力词,False,False,,True,0.329542576686,0.326406920033,False,False,False,0.166916167665,0.171313622754,潜力词,潜力词,常规CRITIC+一维KMeans
1480,1916,525368335,9811363528,1457.46,924,1318,1.57733766234,1.42640692641,0.698,0.302,174,0.935628742515,0.770958083832,0.947604790419,0.608532934132,0.65494011976,0.73128742515,0.853293451827,0.746442656008,高,高,重点词,False,False,,True,0.356834750873,0.255175115001,False,False,False,0.853293413174,0.735591317365,重点词,重点词,常规CRITIC+一维KMeans
1481,1921,525368335,9811363528,0,0,0,,,,,,,,,,,,,,,,无效词,True,False,,False,,,False,False,False,,,无效词,无效词,结构性无成本无效益，先行归为无效词
1482,1923,525368335,9811363528,0,0,0,,,,,,,,,,,,,,,,无效词,True,False,,False,,,False,False,False,,,无效词,无效词,结构性无成本无效益，先行归为无效词
1483,1930,525368335,9811363528,6.29,5,39,1.258,7.8,0.5,0.5,478,0.452844311377,0.589071856287,0.400449101796,0.971556886228,0.817739520958,0.938248502994,0.520958051855,0.756290106096,高,高,重点词,False,False,,True,0.0244993509019,0.265022565089,False,False,False,0.520958083832,0.781998502994,重点词,重点词,常规CRITIC+一维KMeans
1484,1935,525368335,9811363528,1.11,2,2,0.555,1,1,0,5,0.115643712575,0.10628742515,0.211826347305,0.40119760479,0.171407185629,0.134356287425,0.110965571058,0.22516638687,低,低,潜力词,False,False,,True,0.385493129895,0.266101154137,False,False,False,0.110965568862,0.229696856287,潜力词,潜力词,常规CRITIC+一维KMeans
1485,1939,525368335,9811363528,0.2,1,0,0.2,0,0,1,0,0.0157185628743,0.0224550898204,0.0815868263473,0.0265718562874,0.953967065868,0.0310628742515,0.019086824766,0.297623280957,低,低,潜力词,False,False,,True,0.477371876188,0.193644260049,False,False,False,0.0190868263473,0.273297155689,潜力词,潜力词,常规CRITIC+一维KMeans
1486,1952,525368335,9811363528,23556.53,28520,31283,0.825965287518,1.09687938289,0.6368,0.3632,210,0.989520958084,0.273952095808,0.994760479042,0.526946107784,0.72005988024,0.787050898204,0.631736694912,0.772334121906,高,高,重点词,False,False,,True,0.135277993959,0.2810665809,False,False,False,0.631736526946,0.757204341317,重点词,重点词,常规CRITIC+一维KMeans
1487,1955,525368335,9811363528,0,0,0,,,,,,,,,,,,,,,,无效词,True,False,,False,,,False,False,False,,,无效词,无效词,结构性无成本无效益，先行归为无效词
1488,1957,525368335,9811363528,0,0,0,,,,,,,,,,,,,,,,无效词,True,False,,False,,,False,False,False,,,无效词,无效词,结构性无成本无效益，先行归为无效词
1489,1958,525368335,9811363528,0.73,2,1,0.365,0.5,1,0,19,0.063622754491,0.0531437125749,0.211826347305,0.109281437126,0.171407185629,0.202844311377,0.0583832359927,0.176447677456,低,低,潜力词,False,False,,True,0.438075464961,0.31481986355,False,False,False,0.0583832335329,0.173839820359,潜力词,潜力词,常规CRITIC+一维KMeans
1490,1965,525368335,9811363528,0,0,0,,,,,,,,,,,,,,,,无效词,True,False,,False,,,False,False,False,,,无效词,无效词,结构性无成本无效益，先行归为无效词
1491,1988,525368335,9811363528,0.15,1,1,0.15,1,1,0,1,0.00898203592814,0.0108532934132,0.0815868263473,0.40119760479,0.171407185629,0.0737275449102,0.00991766423142,0.174145280648,低,低,潜力词,False,False,,True,0.486541036722,0.317122260358,False,False,False,0.00991766467066,0.181979790419,潜力词,潜力词,常规CRITIC+一维KMeans
1492,1996,525368335,9811363528,0,0,0,,,,,,,,,,,,,,,,无效词,True,False,,False,,,False,False,False,,,无效词,无效词,结构性无成本无效益，先行归为无效词
1493,2010,525368335,9811363528,2.75,3,2,0.916666666667,0.666666666667,1,0,120,0.277694610778,0.357410179641,0.294161676647,0.161676646707,0.171407185629,0.615643712575,0.317552376498,0.301614044629,低,低,潜力词,False,False,,True,0.178906324456,0.189653496378,False,False,False,0.31755239521,0.310722305389,潜力词,潜力词,常规CRITIC+一维KMeans
1494,2015,525368335,9811363528,0,0,0,,,,,,,,,,,,,,,,无效词,True,False,,False,,,False,False,False,,,无效词,无效词,结构性无成本无效益，先行归为无效词
1495,2019,525368335,9811363528,4.98,5,3,0.996,0.6,1,0,42,0.395209580838,0.430389221557,0.400449101796,0.139221556886,0.171407185629,0.288547904192,0.41279939294,0.256407979582,低,低,潜力词,False,False,,True,0.0836593080138,0.234859561425,False,False,False,0.412799401198,0.249906437126,潜力词,潜力词,常规CRITIC+一维KMeans
1496,2030,525368335,9811363528,0.5,1,1,0.5,1,1,0,33,0.0404191616766,0.0924401197605,0.0815868263473,0.40119760479,0.171407185629,0.253368263473,0.0664296285076,0.213238584542,低,低,潜力词,False,False,,True,0.430029072446,0.278028956465,False,False,False,0.0664296407186,0.22688997006,潜力词,潜力词,常规CRITIC+一维KMeans
1497,2042,525368335,9811363528,0.31,1,1,0.31,1,1,0,5,0.0235778443114,0.0396706586826,0.0815868263473,0.40119760479,0.171407185629,0.134356287425,0.0316242477195,0.187339270712,低,低,潜力词,False,False,,True,0.464834453234,0.303928270294,False,False,False,0.031624251497,0.197136976048,潜力词,潜力词,常规CRITIC+一维KMeans
1498,2043,525368335,9811363528,2.64,2,0,1.32,0,0,1,0,0.267964071856,0.635853293413,0.211826347305,0.0265718562874,0.953967065868,0.0310628742515,0.45190859628,0.335450397115,低,低,潜力词,False,False,,True,0.044550104674,0.155817143892,False,False,False,0.451908682635,0.305857035928,潜力词,潜力词,常规CRITIC+一维KMeans
1499,2051,525368335,9811363528,0,0,0,,,,,,,,,,,,,,,,无效词,True,False,,False,,,False,False,False,,,无效词,无效词,结构性无成本无效益，先行归为无效词
1500,2054,525368335,9811363528,0.92,1,1,0.92,1,1,0,1728,0.0935628742515,0.360778443114,0.0815868263473,0.40119760479,0.171407185629,0.997005988024,0.227170595959,0.375068573784,低,低,潜力词,False,False,,True,0.269288104995,0.116198967223,False,False,False,0.227170658683,0.412799401198,潜力词,潜力词,常规CRITIC+一维KMeans
1501,2056,525368335,9811363528,24.53,26,52,0.943461538462,2,0.3684,0.6316,155,0.695733532934,0.381736526946,0.729041916168,0.744011976048,0.876122754491,0.702844311377,0.538735103645,0.766901951355,高,高,重点词,False,False,,True,0.0422764026914,0.275634410349,False,False,False,0.53873502994,0.763005239521,重点词,重点词,常规CRITIC+一维KMeans
1502,2060,525368335,9811363528,0.83,1,0,0.83,0,0,1,0,0.0770958083832,0.283308383234,0.0815868263473,0.0265718562874,0.953967065868,0.0310628742515,0.180202047404,0.297623280957,低,低,潜力词,False,False,,True,0.31625665355,0.193644260049,False,False,False,0.180202095808,0.273297155689,潜力词,潜力词,常规CRITIC+一维KMeans
1503,2071,525368335,9811363528,0,0,0,,,,,,,,,,,,,,,,无效词,True,False,,False,,,False,False,False,,,无效词,无效词,结构性无成本无效益，先行归为无效词
1504,2072,525368335,9811363528,0,0,0,,,,,,,,,,,,,,,,无效词,True,False,,False,,,False,False,False,,,无效词,无效词,结构性无成本无效益，先行归为无效词
1505,2076,525368335,9811363528,3.75,5,5,0.75,1,0.6667,0.3333,95,0.334206586826,0.215568862275,0.400449101796,0.40119760479,0.688622754491,0.526571856287,0.274887752399,0.507015191521,低,高,黄金词,False,False,,True,0.221570948555,0.015747650515,False,True,True,0.274887724551,0.504210329341,黄金词,潜力词,常规CRITIC+一维KMeans
1506,2078,525368335,9811363528,127.96,115,117,1.11269565217,1.01739130435,0.9231,0.0769,86,0.855538922156,0.505988023952,0.88248502994,0.502245508982,0.381362275449,0.495883233533,0.680763555104,0.578178155489,高,高,重点词,False,False,,True,0.184304854151,0.0869106144831,False,False,False,0.680763473054,0.565494011976,重点词,重点词,常规CRITIC+一维KMeans
1507,2091,525368335,9811363528,4.76,5,2,0.952,0.4,1,0,120,0.38622754491,0.38997005988,0.400449101796,0.0868263473054,0.171407185629,0.615643712575,0.388098801517,0.316170851943,低,低,潜力词,False,False,,True,0.108359899437,0.175096689064,False,False,False,0.388098802395,0.318581586826,潜力词,潜力词,常规CRITIC+一维KMeans
1508,2092,525368335,9811363528,0,0,0,,,,,,,,,,,,,,,,无效词,True,False,,False,,,False,False,False,,,无效词,无效词,结构性无成本无效益，先行归为无效词
1509,2093,525368335,9811363528,1.85,3,11,0.616666666667,3.66666666667,0.6667,0.3333,289,0.205838323353,0.140344311377,0.294161676647,0.882110778443,0.688622754491,0.860404191617,0.173091332739,0.653608042151,低,高,黄金词,False,False,,True,0.323367368215,0.162340501145,False,False,False,0.173091317365,0.681324850299,黄金词,黄金词,常规CRITIC+一维KMeans
1510,2095,525368335,9811363528,0,0,0,,,,,,,,,,,,,,,,无效词,True,False,,False,,,False,False,False,,,无效词,无效词,结构性无成本无效益，先行归为无效词
1511,2101,525368335,9811363528,3.75,3,5,1.25,1.66666666667,0.5,0.5,172,0.334206586826,0.586452095808,0.294161676647,0.663547904192,0.817739520958,0.726796407186,0.460329282107,0.612273169442,低,高,黄金词,False,False,,True,0.0361294188461,0.121005628436,False,False,False,0.460329341317,0.625561377246,黄金词,黄金词,常规CRITIC+一维KMeans
1512,2113,525368335,9811363528,66.87,69,68,0.969130434783,0.985507246377,0.8776,0.1224,45,0.806137724551,0.404191616766,0.84880239521,0.299401197605,0.433383233533,0.306886227545,0.605164765008,0.497309148641,高,高,重点词,False,False,,True,0.108706064054,0.00604160763493,False,True,True,0.605164670659,0.472118263473,问题词,问题词,常规CRITIC+一维KMeans
1513,2116,525368335,9811363528,23.67,33,18,0.717272727273,0.545454545455,1,0,54,0.691616766467,0.193113772455,0.763847305389,0.12874251497,0.171407185629,0.345434131737,0.442365386475,0.372049972087,低,低,潜力词,False,False,,True,0.0540933144783,0.119217568919,False,False,False,0.442365269461,0.352357784431,潜力词,潜力词,常规CRITIC+一维KMeans
1514,2127,525368335,9811363528,16,6,7,2.66666666667,1.16666666667,0.8333,0.1667,7,0.622754491018,0.916167664671,0.440119760479,0.543038922156,0.487275449102,0.150074850299,0.769461008971,0.412351665484,高,低,问题词,False,False,,True,0.273002308017,0.0789158755228,False,False,False,0.769461077844,0.405127245509,问题词,问题词,常规CRITIC+一维KMeans
1515,2146,525368335,9811363528,0,0,0,,,,,,,,,,,,,,,,无效词,True,False,,False,,,False,False,False,,,无效词,无效词,结构性无成本无效益，先行归为无效词
1516,2147,525368335,9811363528,12.55,11,5,1.14090909091,0.454545454545,1,0,27,0.576347305389,0.529191616766,0.567739520958,0.0913173652695,0.171407185629,0.230538922156,0.552769472147,0.281931676103,高,低,问题词,False,False,,True,0.0563107711931,0.209335864903,False,False,False,0.552769461078,0.265250748503,问题词,问题词,常规CRITIC+一维KMeans
1517,2166,525368335,9811363528,0,0,0,,,,,,,,,,,,,,,,无效词,True,False,,False,,,False,False,False,,,无效词,无效词,结构性无成本无效益，先行归为无效词
1518,2175,525368335,9811363528,8.76,7,19,1.25142857143,2.71428571429,0.75,0.25,144,0.514221556886,0.587574850299,0.47380239521,0.829715568862,0.591317365269,0.683008982036,0.550898186375,0.629098684779,高,高,重点词,False,False,,True,0.0544394854209,0.137831143773,False,False,False,0.550898203593,0.644461077844,重点词,重点词,常规CRITIC+一维KMeans
1519,2177,525368335,9811363528,0,0,0,,,,,,,,,,,,,,,,无效词,True,False,,False,,,False,False,False,,,无效词,无效词,结构性无成本无效益，先行归为无效词
1520,2180,525368335,9811363528,0,0,0,,,,,,,,,,,,,,,,无效词,True,False,,False,,,False,False,False,,,无效词,无效词,结构性无成本无效益，先行归为无效词
1521,2186,525368335,9811363528,8.06,8,48,1.0075,6,0.8571,0.1429,1078,0.500374251497,0.437874251497,0.504491017964,0.954715568862,0.457709580838,0.98877245509,0.469124266168,0.695188776247,低,高,黄金词,False,False,,True,0.0273344347859,0.20392123524,False,False,False,0.469124251497,0.726422155689,黄金词,黄金词,常规CRITIC+一维KMeans
1522,2191,525368335,9811363528,0,0,0,,,,,,,,,,,,,,,,无效词,True,False,,False,,,False,False,False,,,无效词,无效词,结构性无成本无效益，先行归为无效词
1523,2198,525368335,9811363528,2.35,2,2,1.175,1,1,0,166,0.248877245509,0.55127245509,0.211826347305,0.40119760479,0.171407185629,0.716691616766,0.400074779318,0.351893846991,低,低,潜力词,False,False,,True,0.0963839216358,0.139373694016,False,False,False,0.400074850299,0.375280688623,潜力词,潜力词,常规CRITIC+一维KMeans
1524,2206,525368335,9811363528,32.01,43,63,0.744418604651,1.46511627907,0.8378,0.1622,162,0.72754491018,0.208832335329,0.797904191617,0.618263473054,0.476047904192,0.711826347305,0.468188744513,0.651834505719,低,高,黄金词,False,False,,True,0.0282699564411,0.160566964713,False,False,False,0.468188622754,0.651010479042,黄金词,黄金词,常规CRITIC+一维KMeans
1525,2214,525368335,9811363528,0,0,0,,,,,,,,,,,,,,,,无效词,True,False,,False,,,False,False,False,,,无效词,无效词,结构性无成本无效益，先行归为无效词
1526,2217,525368335,9811363528,2.02,2,8,1.01,4,0.5,0.5,41,0.22754491018,0.441991017964,0.211826347305,0.898577844311,0.817739520958,0.283682634731,0.334767913735,0.543154022891,低,高,黄金词,False,False,,True,0.161690787219,0.0518864818843,False,False,False,0.334767964072,0.552956586826,黄金词,黄金词,常规CRITIC+一维KMeans
1527,2225,525368335,9811363528,2.93,5,5,0.586,1,0.75,0.25,45,0.290793413174,0.122005988024,0.400449101796,0.40119760479,0.591317365269,0.306886227545,0.206399740218,0.432546804705,低,低,潜力词,False,False,,True,0.290058960735,0.0587207363011,False,False,False,0.206399700599,0.42496257485,潜力词,潜力词,常规CRITIC+一维KMeans
1528,2226,525368335,9811363528,0,0,0,,,,,,,,,,,,,,,,无效词,True,False,,False,,,False,False,False,,,无效词,无效词,结构性无成本无效益，先行归为无效词
1529,2231,525368335,9811363528,0,0,0,,,,,,,,,,,,,,,,无效词,True,False,,False,,,False,False,False,,,无效词,无效词,结构性无成本无效益，先行归为无效词
1530,2232,525368335,9811363528,0,0,0,,,,,,,,,,,,,,,,无效词,True,False,,False,,,False,False,False,,,无效词,无效词,结构性无成本无效益，先行归为无效词
1531,2233,525368335,9811363528,16.86,20,10,0.843,0.5,0.8889,0.1111,175,0.629116766467,0.294910179641,0.68375748503,0.109281437126,0.42252994012,0.733532934132,0.462013551503,0.497809445116,低,高,黄金词,False,False,,True,0.034445149451,0.00654190410957,False,True,True,0.462013473054,0.487275449102,潜力词,潜力词,常规CRITIC+一维KMeans
1532,2236,525368335,9811363528,0,0,0,,,,,,,,,,,,,,,,无效词,True,False,,False,,,False,False,False,,,无效词,无效词,结构性无成本无效益，先行归为无效词
1533,2238,525368335,9811363528,0,0,0,,,,,,,,,,,,,,,,无效词,True,False,,False,,,False,False,False,,,无效词,无效词,结构性无成本无效益，先行归为无效词
1534,2243,525368335,9811363528,2.54,2,3,1.27,1.5,0.5,0.5,86,0.263847305389,0.603293413174,0.211826347305,0.630613772455,0.817739520958,0.495883233533,0.433570279603,0.530930307896,低,高,黄金词,False,False,,True,0.0628884213508,0.0396627668898,False,False,False,0.433570359281,0.539015718563,黄金词,黄金词,常规CRITIC+一维KMeans
1535,2267,525368335,9811363528,1.45,2,5,0.725,2.5,0.5,0.5,128,0.157185628743,0.199101796407,0.211826347305,0.805763473054,0.817739520958,0.65494011976,0.178143702736,0.603717989632,低,高,黄金词,False,False,,True,0.318314998218,0.112450448626,False,False,False,0.178143712575,0.622567365269,黄金词,黄金词,常规CRITIC+一维KMeans
1536,2274,525368335,9811363528,15.49,4,0,3.8725,0,0,1,0,0.618263473054,0.949101796407,0.354416167665,0.0265718562874,0.953967065868,0.0310628742515,0.783682557072,0.376864567391,高,低,问题词,False,False,,True,0.287223856119,0.114402973616,False,False,False,0.783682634731,0.341504491018,问题词,问题词,常规CRITIC+一维KMeans
1537,2277,525368335,9811363528,0,0,0,,,,,,,,,,,,,,,,无效词,True,False,,False,,,False,False,False,,,无效词,无效词,结构性无成本无效益，先行归为无效词
1538,2278,525368335,9811363528,0.72,1,2,0.72,2,0,1,4,0.061751497006,0.195733532934,0.0815868263473,0.744011976048,0.953967065868,0.126122754491,0.12874248352,0.474675989434,低,低,潜力词,False,False,,True,0.367716217433,0.0165915515729,False,True,True,0.12874251497,0.476422155689,潜力词,潜力词,常规CRITIC+一维KMeans
1539,2282,525368335,9811363528,0,0,0,,,,,,,,,,,,,,,,无效词,True,False,,False,,,False,False,False,,,无效词,无效词,结构性无成本无效益，先行归为无效词
1540,2283,525368335,9811363528,0,0,0,,,,,,,,,,,,,,,,无效词,True,False,,False,,,False,False,False,,,无效词,无效词,结构性无成本无效益，先行归为无效词
1541,2284,525368335,9811363528,0,0,0,,,,,,,,,,,,,,,,无效词,True,False,,False,,,False,False,False,,,无效词,无效词,结构性无成本无效益，先行归为无效词
1542,2288,525368335,9811363528,1.64,2,2,0.82,1,1,0,3,0.182634730539,0.267964071856,0.211826347305,0.40119760479,0.171407185629,0.112275449102,0.225299381168,0.220361168266,低,低,潜力词,False,False,,True,0.271159319785,0.27090637274,False,False,False,0.225299401198,0.224176646707,潜力词,潜力词,常规CRITIC+一维KMeans
1543,2291,525368335,9811363528,2.75,3,0,0.916666666667,0,0,1,0,0.277694610778,0.357410179641,0.294161676647,0.0265718562874,0.953967065868,0.0310628742515,0.317552376498,0.359364091237,低,低,潜力词,False,False,,True,0.178906324456,0.131903449769,False,False,False,0.31755239521,0.326440868263,潜力词,潜力词,常规CRITIC+一维KMeans
1544,2295,525368335,9811363528,5.07,2,1,2.535,0.5,1,0,9,0.397829341317,0.909431137725,0.211826347305,0.109281437126,0.171407185629,0.163547904192,0.653630119432,0.167896017229,高,低,问题词,False,False,,True,0.157171418478,0.323371523777,False,False,False,0.653630239521,0.164015718563,问题词,问题词,常规CRITIC+一维KMeans
1545,2304,525368335,9811363528,9.61,12,11,0.800833333333,0.916666666667,0.75,0.25,61,0.527694610778,0.250748502994,0.585703592814,0.280314371257,0.591317365269,0.377994011976,0.389221621894,0.475480588783,低,低,潜力词,False,False,,True,0.10723707906,0.0157869522238,False,True,True,0.389221556886,0.458832335329,潜力词,潜力词,常规CRITIC+一维KMeans
1546,2322,525368335,9811363528,0,0,0,,,,,,,,,,,,,,,,无效词,True,False,,False,,,False,False,False,,,无效词,无效词,结构性无成本无效益，先行归为无效词
1547,2331,525368335,9811363528,3.33,4,5,0.8325,1.25,1,0,64,0.309880239521,0.285179640719,0.354416167665,0.565119760479,0.171407185629,0.40494011976,0.297529945918,0.361191625375,低,低,潜力词,False,False,,True,0.198928755036,0.130075915631,False,False,False,0.29752994012,0.373970808383,潜力词,潜力词,常规CRITIC+一维KMeans
1548,2335,525368335,9811363528,0.59,1,0,0.59,0,0,1,0,0.0490269461078,0.125748502994,0.0815868263473,0.0265718562874,0.953967065868,0.0310628742515,0.087387706542,0.297623280957,低,低,潜力词,False,False,,True,0.409070994412,0.193644260049,False,False,False,0.0873877245509,0.273297155689,潜力词,潜力词,常规CRITIC+一维KMeans
1549,2337,525368335,9811363528,0,0,0,,,,,,,,,,,,,,,,无效词,True,False,,False,,,False,False,False,,,无效词,无效词,结构性无成本无效益，先行归为无效词
1550,2339,525368335,9811363528,0,0,0,,,,,,,,,,,,,,,,无效词,True,False,,False,,,False,False,False,,,无效词,无效词,结构性无成本无效益，先行归为无效词
1551,2354,525368335,9811363528,60.44,58,87,1.04206896552,1.5,0.6364,0.3636,197,0.797904191617,0.464820359281,0.833083832335,0.630613772455,0.723428143713,0.770958083832,0.631362353634,0.74539141169,高,高,重点词,False,False,,True,0.134903652681,0.254123870683,False,False,False,0.631362275449,0.739520958084,重点词,重点词,常规CRITIC+一维KMeans
1552,2356,525368335,9811363528,0,0,0,,,,,,,,,,,,,,,,无效词,True,False,,False,,,False,False,False,,,无效词,无效词,结构性无成本无效益，先行归为无效词
1553,2357,525368335,9811363528,7.84,9,19,0.871111111111,2.11111111111,0.7143,0.2857,77,0.494011976048,0.318862275449,0.53255988024,0.764595808383,0.636976047904,0.459206586826,0.406437166862,0.595777738129,低,高,黄金词,False,False,,True,0.090021534092,0.104510197122,False,False,False,0.406437125749,0.598334580838,黄金词,黄金词,常规CRITIC+一维KMeans
1554,2371,525368335,9811363528,20.29,22,81,0.922272727273,3.68181818182,0.5294,0.4706,209,0.668413173653,0.366017964072,0.702844311377,0.884730538922,0.790793413174,0.785179640719,0.517215639844,0.784501139432,高,高,重点词,False,False,,True,0.0207569388902,0.293233598425,False,False,False,0.517215568862,0.790886976048,重点词,重点词,常规CRITIC+一维KMeans
1555,2380,525368335,9811363528,0,0,0,,,,,,,,,,,,,,,,无效词,True,False,,False,,,False,False,False,,,无效词,无效词,结构性无成本无效益，先行归为无效词
1556,2382,525368335,9811363528,26.76,27,51,0.991111111111,1.88888888889,0.8182,0.1818,149,0.706586826347,0.423652694611,0.738398203593,0.715943113772,0.507859281437,0.69124251497,0.565119826893,0.660077174662,高,高,重点词,False,False,,True,0.0686611259389,0.168809633656,False,False,False,0.565119760479,0.663360778443,重点词,重点词,常规CRITIC+一维KMeans
1557,2387,525368335,9811363528,0,0,0,,,,,,,,,,,,,,,,无效词,True,False,,False,,,False,False,False,,,无效词,无效词,结构性无成本无效益，先行归为无效词
1558,2418,525368335,9811363528,7.31,6,7,1.21833333333,1.16666666667,0.8,0.2,16,0.482784431138,0.571856287425,0.440119760479,0.543038922156,0.529565868263,0.195733532934,0.527320338373,0.433874958431,高,低,问题词,False,False,,True,0.0308616374199,0.0573925825753,False,False,False,0.527320359281,0.427114520958,问题词,问题词,常规CRITIC+一维KMeans
1559,2422,525368335,9811363528,0,0,0,,,,,,,,,,,,,,,,无效词,True,False,,False,,,False,False,False,,,无效词,无效词,结构性无成本无效益，先行归为无效词
1560,2424,525368335,9811363528,6.26,4,3,1.565,0.75,1,0,1,0.450598802395,0.766467065868,0.354416167665,0.197604790419,0.171407185629,0.0737275449102,0.608532859988,0.209013580994,高,低,问题词,False,False,,True,0.112074159034,0.282253960013,False,False,False,0.608532934132,0.199288922156,问题词,问题词,常规CRITIC+一维KMeans
1561,2425,525368335,9811363528,0,0,0,,,,,,,,,,,,,,,,无效词,True,False,,False,,,False,False,False,,,无效词,无效词,结构性无成本无效益，先行归为无效词
1562,2426,525368335,9811363528,0,0,0,,,,,,,,,,,,,,,,无效词,True,False,,False,,,False,False,False,,,无效词,无效词,结构性无成本无效益，先行归为无效词
1563,2436,525368335,9811363528,1.86,2,1,0.93,0.5,1,0,1,0.208083832335,0.370883233533,0.211826347305,0.109281437126,0.171407185629,0.0737275449102,0.28948349472,0.148349365283,低,低,潜力词,False,False,,True,0.206975206234,0.342918175724,False,False,False,0.289483532934,0.141560628743,潜力词,潜力词,常规CRITIC+一维KMeans
1564,2441,525368335,9811363528,0,0,0,,,,,,,,,,,,,,,,无效词,True,False,,False,,,False,False,False,,,无效词,无效词,结构性无成本无效益，先行归为无效词
1565,2442,525368335,9811363528,2.2,2,0,1.1,0,0,1,0,0.239520958084,0.496631736527,0.211826347305,0.0265718562874,0.953967065868,0.0310628742515,0.368076286953,0.335450397115,低,低,潜力词,False,False,,True,0.128382414,0.155817143892,False,False,False,0.368076347305,0.305857035928,潜力词,潜力词,常规CRITIC+一维KMeans
1566,2453,525368335,9811363528,2.48,3,1,0.826666666667,0.333333333333,1,0,120,0.258607784431,0.275823353293,0.294161676647,0.0774700598802,0.171407185629,0.615643712575,0.267215564821,0.283261247074,低,低,潜力词,False,False,,True,0.229243136132,0.208006293932,False,False,False,0.267215568862,0.289670658683,潜力词,潜力词,常规CRITIC+一维KMeans
1567,2458,525368335,9811363528,0,0,0,,,,,,,,,,,,,,,,无效词,True,False,,False,,,False,False,False,,,无效词,无效词,结构性无成本无效益，先行归为无效词
1568,2460,525368335,9811363528,0.84,1,1,0.84,1,1,0,11,0.0785928143713,0.291167664671,0.0815868263473,0.40119760479,0.171407185629,0.175523952096,0.184880189623,0.196298152855,低,低,潜力词,False,False,,True,0.311578511331,0.294969388152,False,False,False,0.184880239521,0.207428892216,潜力词,潜力词,常规CRITIC+一维KMeans
1569,2465,525368335,9811363528,0,0,0,,,,,,,,,,,,,,,,无效词,True,False,,False,,,False,False,False,,,无效词,无效词,结构性无成本无效益，先行归为无效词
1570,2467,525368335,9811363528,4.9,8,2,0.6125,0.25,0,1,16,0.391467065868,0.139221556886,0.504491017964,0.065119760479,0.953967065868,0.195733532934,0.265344370587,0.464689741309,低,低,潜力词,False,False,,True,0.231114330366,0.0265777996974,False,False,False,0.265344311377,0.429827844311,潜力词,潜力词,常规CRITIC+一维KMeans
1571,2474,525368335,9811363528,0,0,0,,,,,,,,,,,,,,,,无效词,True,False,,False,,,False,False,False,,,无效词,无效词,结构性无成本无效益，先行归为无效词
1572,2476,525368335,9811363528,0,0,0,,,,,,,,,,,,,,,,无效词,True,False,,False,,,False,False,False,,,无效词,无效词,结构性无成本无效益，先行归为无效词
1573,2482,525368335,9811363528,0,0,0,,,,,,,,,,,,,,,,无效词,True,False,,False,,,False,False,False,,,无效词,无效词,结构性无成本无效益，先行归为无效词
1574,2500,525368335,9811363528,27.75,34,83,0.816176470588,2.44117647059,0.5714,0.4286,223,0.711826347305,0.26497005988,0.766092814371,0.796407185629,0.769835329341,0.79752994012,0.488398308484,0.780566554823,低,高,黄金词,False,False,,True,0.0080603924697,0.289299013817,True,False,True,0.488398203593,0.782466317365,黄金词,黄金词,常规CRITIC+一维KMeans
1575,2509,525368335,9811363528,0,0,0,,,,,,,,,,,,,,,,无效词,True,False,,False,,,False,False,False,,,无效词,无效词,结构性无成本无效益，先行归为无效词
1576,2518,525368335,9811363528,16.92,15,61,1.128,4.06666666667,0.5833,0.4167,427,0.630239520958,0.51871257485,0.630988023952,0.901946107784,0.759356287425,0.925898203593,0.574476074083,0.78939281866,高,高,重点词,False,False,,True,0.0780173731294,0.298125277653,False,False,False,0.574476047904,0.804547155689,重点词,重点词,常规CRITIC+一维KMeans
1577,2534,525368335,9811363528,12.84,11,25,1.16727272727,2.27272727273,0.75,0.25,119,0.581586826347,0.546407185629,0.567739520958,0.780688622754,0.591317365269,0.589446107784,0.563997014246,0.625335533447,高,高,重点词,False,False,,True,0.0675383132922,0.13406799244,False,False,False,0.563997005988,0.632297904192,重点词,重点词,常规CRITIC+一维KMeans
1578,2546,525368335,9811363528,12.2,11,56,1.10909090909,5.09090909091,0.4,0.6,251,0.569610778443,0.501497005988,0.567739520958,0.933383233533,0.866766467066,0.82747005988,0.535553908204,0.785883719796,高,高,重点词,False,False,,True,0.0390952072504,0.294616178789,False,False,False,0.535553892216,0.798839820359,重点词,重点词,常规CRITIC+一维KMeans
1579,2547,525368335,9811363528,0.65,1,4,0.65,4,0,1,97,0.0561377245509,0.15119760479,0.0815868263473,0.898577844311,0.953967065868,0.535928143713,0.103667642357,0.597545168452,低,高,黄金词,False,False,,True,0.392791058596,0.106277627445,False,False,False,0.103667664671,0.61751497006,黄金词,黄金词,常规CRITIC+一维KMeans
1580,2549,525368335,9811363528,0,0,0,,,,,,,,,,,,,,,,无效词,True,False,,False,,,False,False,False,,,无效词,无效词,结构性无成本无效益，先行归为无效词
1581,2553,525368335,9811363528,2.88,4,2,0.72,0.5,1,0,61,0.286676646707,0.195733532934,0.354416167665,0.109281437126,0.171407185629,0.377994011976,0.241205111168,0.255977819028,低,低,潜力词,False,False,,True,0.255253589786,0.235289721978,False,False,False,0.24120508982,0.253274700599,潜力词,潜力词,常规CRITIC+一维KMeans
1582,2557,525368335,9811363528,126.11,148,160,0.852094594595,1.08108108108,0.844,0.156,71,0.851796407186,0.305389221557,0.89745508982,0.520958083832,0.470808383234,0.431137724551,0.57859294263,0.597021804166,高,高,重点词,False,False,,True,0.0821342416764,0.10575426316,False,False,False,0.578592814371,0.580089820359,重点词,重点词,常规CRITIC+一维KMeans
1583,2559,525368335,9811363528,0,0,0,,,,,,,,,,,,,,,,无效词,True,False,,False,,,False,False,False,,,无效词,无效词,结构性无成本无效益，先行归为无效词
1584,2563,525368335,9811363528,0,0,0,,,,,,,,,,,,,,,,无效词,True,False,,False,,,False,False,False,,,无效词,无效词,结构性无成本无效益，先行归为无效词
1585,2564,525368335,9811363528,0,0,0,,,,,,,,,,,,,,,,无效词,True,False,,False,,,False,False,False,,,无效词,无效词,结构性无成本无效益，先行归为无效词
1586,2569,525368335,9811363528,8.56,6,19,1.42666666667,3.16666666667,0.8,0.2,152,0.51122754491,0.699101796407,0.440119760479,0.861901197605,0.529565868263,0.695733532934,0.605164626559,0.612180581008,高,高,重点词,False,False,,True,0.108705925605,0.120913040002,False,False,False,0.605164670659,0.63183008982,重点词,重点词,常规CRITIC+一维KMeans
1587,2571,525368335,9811363528,7.58,8,5,0.9475,0.625,1,0,7,0.489895209581,0.384730538922,0.504491017964,0.145583832335,0.171407185629,0.150074850299,0.437312898937,0.257878427128,低,低,潜力词,False,False,,True,0.0591458020167,0.233389113878,False,False,False,0.437312874251,0.242889221557,潜力词,潜力词,常规CRITIC+一维KMeans
1588,2572,525368335,9811363528,4.75,5,7,0.95,1.4,0.75,0.25,50,0.385479041916,0.387350299401,0.400449101796,0.605538922156,0.591317365269,0.329341317365,0.386414670219,0.481969589758,低,低,潜力词,False,False,,True,0.110044030734,0.00929795124832,False,True,True,0.386414670659,0.481661676647,潜力词,潜力词,常规CRITIC+一维KMeans
1589,2577,525368335,9811363528,22.78,23,65,0.990434782609,2.82608695652,0.5,0.5,208,0.682634730539,0.422904191617,0.709580838323,0.837574850299,0.817739520958,0.783308383234,0.552769522045,0.783155842948,高,高,重点词,False,False,,True,0.0563108210911,0.291888301941,False,False,False,0.552769461078,0.787050898204,重点词,重点词,常规CRITIC+一维KMeans
1590,2578,525368335,9811363528,18.31,21,21,0.871904761905,1,0.7692,0.2308,115,0.645958083832,0.319610778443,0.692739520958,0.40119760479,0.562874251497,0.580089820359,0.482784507742,0.569101739363,低,高,黄金词,False,False,,True,0.013674193212,0.0778341983565,True,False,True,0.482784431138,0.559225299401,黄金词,黄金词,常规CRITIC+一维KMeans
1591,2583,525368335,9811363528,0,0,0,,,,,,,,,,,,,,,,无效词,True,False,,False,,,False,False,False,,,无效词,无效词,结构性无成本无效益，先行归为无效词
1592,2586,525368335,9811363528,5.37,2,1,2.685,0.5,1,0,120,0.412799401198,0.917664670659,0.211826347305,0.109281437126,0.171407185629,0.615643712575,0.665231917421,0.266280832028,高,低,问题词,False,False,,True,0.168773216467,0.224986708979,False,False,False,0.665232035928,0.277039670659,问题词,问题词,常规CRITIC+一维KMeans
1593,2591,525368335,9811363528,0,0,0,,,,,,,,,,,,,,,,无效词,True,False,,False,,,False,False,False,,,无效词,无效词,结构性无成本无效益，先行归为无效词
1594,2597,525368335,9811363528,12.23,15,19,0.815333333333,1.26666666667,0.6667,0.3333,106,0.571856287425,0.263473053892,0.630988023952,0.572604790419,0.688622754491,0.562125748503,0.417664743046,0.619068890483,低,高,黄金词,False,False,,True,0.0787939579078,0.127801349476,False,False,False,0.417664670659,0.613585329341,黄金词,黄金词,常规CRITIC+一维KMeans
1595,2610,525368335,9811363528,0.1,1,1,0.1,1,1,0,2,0.00112275449102,0.00112275449102,0.0815868263473,0.40119760479,0.171407185629,0.0943113772455,0.00112275449102,0.178624721719,低,低,潜力词,False,False,,True,0.495335946463,0.312642819287,False,False,False,0.00112275449102,0.187125748503,潜力词,潜力词,常规CRITIC+一维KMeans
1596,2616,525368335,9811363528,8.53,12,16,0.710833333333,1.33333333333,0.8,0.2,227,0.510479041916,0.188622754491,0.585703592814,0.590194610778,0.529565868263,0.80127245509,0.349550973753,0.618213296089,低,高,黄金词,False,False,,True,0.1469077272,0.126945755082,False,False,False,0.349550898204,0.626684131737,黄金词,黄金词,常规CRITIC+一维KMeans
1597,2618,525368335,9811363528,0,0,0,,,,,,,,,,,,,,,,无效词,True,False,,False,,,False,False,False,,,无效词,无效词,结构性无成本无效益，先行归为无效词
1598,2624,525368335,9811363528,43.85,44,57,0.996590909091,1.29545454545,0.8125,0.1875,71,0.76871257485,0.431137724551,0.802769461078,0.584580838323,0.515718562874,0.431137724551,0.59992522894,0.595692475891,高,高,重点词,False,False,,True,0.103466527986,0.104424934885,False,False,False,0.599925149701,0.583551646707,重点词,重点词,常规CRITIC+一维KMeans
1599,2632,525368335,9811363528,0,0,0,,,,,,,,,,,,,,,,无效词,True,False,,False,,,False,False,False,,,无效词,无效词,结构性无成本无效益，先行归为无效词
1600,2633,525368335,9811363528,877.62,769,1298,1.14124837451,1.68790637191,0.6834,0.3166,212,0.918413173653,0.52994011976,0.944610778443,0.667664670659,0.664670658683,0.789296407186,0.724176737893,0.773750742188,高,高,重点词,False,False,,True,0.22771803694,0.282483201182,False,False,False,0.724176646707,0.766560628743,重点词,重点词,常规CRITIC+一维KMeans
1601,2636,525368335,9811363528,0,0,0,,,,,,,,,,,,,,,,无效词,True,False,,False,,,False,False,False,,,无效词,无效词,结构性无成本无效益，先行归为无效词
1602,2638,525368335,9811363528,8.93,9,34,0.992222222222,3.77777777778,0.4286,0.5714,304,0.516467065868,0.424401197605,0.53255988024,0.887350299401,0.858158682635,0.872005988024,0.470434153347,0.772966637568,低,高,黄金词,False,False,,True,0.0260245476064,0.281699096562,False,False,False,0.470434131737,0.787518712575,黄金词,黄金词,常规CRITIC+一维KMeans
1603,2655,525368335,9811363528,0.99,3,3,0.33,1,1,0,43,0.103293413174,0.0452844311377,0.294161676647,0.40119760479,0.171407185629,0.294535928144,0.0742889357722,0.283938276964,低,低,潜力词,False,False,,True,0.422169765181,0.207329264042,False,False,False,0.0742889221557,0.290325598802,潜力词,潜力词,常规CRITIC+一维KMeans
1604,2665,525368335,9811363528,0,0,0,,,,,,,,,,,,,,,,无效词,True,False,,False,,,False,False,False,,,无效词,无效词,结构性无成本无效益，先行归为无效词
1605,2666,525368335,9811363528,0,0,0,,,,,,,,,,,,,,,,无效词,True,False,,False,,,False,False,False,,,无效词,无效词,结构性无成本无效益，先行归为无效词
1606,2668,525368335,9811363528,18.74,26,20,0.720769230769,0.769230769231,0.7857,0.2143,88,0.654191616766,0.197604790419,0.729041916168,0.208832335329,0.549775449102,0.505239520958,0.425898310768,0.517841763434,低,高,黄金词,False,False,,True,0.0705603901856,0.0265742224272,False,False,False,0.425898203593,0.498222305389,潜力词,黄金词,常规CRITIC+一维KMeans
1607,2675,525368335,9811363528,1.83,1,5,1.83,5,0,1,140,0.203967065868,0.841691616766,0.0815868263473,0.927769461078,0.953967065868,0.67627245509,0.522829191624,0.634449115271,高,高,重点词,False,False,,True,0.0263704906699,0.143181574265,False,False,False,0.522829341317,0.659898952096,重点词,重点词,常规CRITIC+一维KMeans
1608,2678,525368335,9811363528,0,0,0,,,,,,,,,,,,,,,,无效词,True,False,,False,,,False,False,False,,,无效词,无效词,结构性无成本无效益，先行归为无效词
1609,2684,525368335,9811363528,0,0,0,,,,,,,,,,,,,,,,无效词,True,False,,False,,,False,False,False,,,无效词,无效词,结构性无成本无效益，先行归为无效词
1610,2685,525368335,9811363528,0,0,0,,,,,,,,,,,,,,,,无效词,True,False,,False,,,False,False,False,,,无效词,无效词,结构性无成本无效益，先行归为无效词
1611,2705,525368335,9811363528,15.07,15,17,1.00466666667,1.13333333333,0.8462,0.1538,36,0.610778443114,0.435628742515,0.630988023952,0.536676646707,0.466691616766,0.263473053892,0.523203633927,0.48543922034,高,低,问题词,False,False,,True,0.0267449329738,0.0058283206662,False,True,True,0.523203592814,0.474457335329,问题词,问题词,常规CRITIC+一维KMeans
1612,2711,525368335,9811363528,0.35,1,0,0.35,0,0,1,0,0.0284431137725,0.0486526946108,0.0815868263473,0.0265718562874,0.953967065868,0.0310628742515,0.0385478994478,0.297623280957,低,低,潜力词,False,False,,True,0.457910801506,0.193644260049,False,False,False,0.0385479041916,0.273297155689,潜力词,潜力词,常规CRITIC+一维KMeans
1613,2718,525368335,9811363528,1.15,2,2,0.575,1,1,0,120,0.119011976048,0.113023952096,0.211826347305,0.40119760479,0.171407185629,0.615643712575,0.116017965477,0.329903863551,低,低,潜力词,False,False,,True,0.380440735476,0.161363677456,False,False,False,0.116017964072,0.350018712575,潜力词,潜力词,常规CRITIC+一维KMeans
1614,2719,525368335,9811363528,1.63,3,5,0.543333333333,1.66666666667,0.6667,0.3333,22,0.181137724551,0.103293413174,0.294161676647,0.663547904192,0.688622754491,0.212200598802,0.142215587135,0.46491066495,低,低,潜力词,False,False,,True,0.354243113819,0.0263568760569,False,False,False,0.142215568862,0.464633233533,潜力词,潜力词,常规CRITIC+一维KMeans
1615,2724,525368335,9811363528,17.48,15,24,1.16533333333,1.6,0.7692,0.2308,145,0.635479041916,0.545658682635,0.630988023952,0.652694610778,0.562874251497,0.684880239521,0.590568883359,0.628784584739,高,高,重点词,False,False,,True,0.0941101824055,0.137517043732,False,False,False,0.590568862275,0.632859281437,重点词,重点词,常规CRITIC+一维KMeans
1616,2731,525368335,9811363528,3,2,2,1.5,1,1,0,120,0.296781437126,0.741017964072,0.211826347305,0.40119760479,0.171407185629,0.615643712575,0.518899596323,0.329903863551,高,低,问题词,False,False,,True,0.022440895369,0.161363677456,False,False,False,0.518899700599,0.350018712575,问题词,问题词,常规CRITIC+一维KMeans
1617,2734,525368335,9811363528,7.95,8,54,0.99375,6.75,0.4,0.6,679,0.49625748503,0.425898203593,0.504491017964,0.965568862275,0.866766467066,0.974550898204,0.461077860827,0.806536144393,低,高,黄金词,False,False,,True,0.0353808401267,0.315268603387,False,False,False,0.461077844311,0.827844311377,黄金词,黄金词,常规CRITIC+一维KMeans
1618,2738,525368335,9811363528,0,0,0,,,,,,,,,,,,,,,,无效词,True,False,,False,,,False,False,False,,,无效词,无效词,结构性无成本无效益，先行归为无效词
1619,2739,525368335,9811363528,0,0,0,,,,,,,,,,,,,,,,无效词,True,False,,False,,,False,False,False,,,无效词,无效词,结构性无成本无效益，先行归为无效词
1620,2742,525368335,9811363528,2201.88,6284,4228,0.350394653087,0.672819859962,0.9227,0.0773,58,0.951347305389,0.0494011976048,0.982784431138,0.173652694611,0.383982035928,0.363023952096,0.500374463212,0.507497716019,高,高,重点词,False,False,,True,0.00391576225826,0.0162301750121,True,True,True,0.500374251497,0.475860778443,问题词,潜力词,常规CRITIC+一维KMeans
1621,2749,525368335,9811363528,4.24,5,3,0.848,0.6,1,0,4,0.360404191617,0.300898203593,0.400449101796,0.139221556886,0.171407185629,0.126122754491,0.330651211573,0.221061117312,低,低,潜力词,False,False,,True,0.165807489381,0.270206423695,False,False,False,0.330651197605,0.209300149701,潜力词,潜力词,常规CRITIC+一维KMeans
1622,2754,525368335,9811363528,0,0,0,,,,,,,,,,,,,,,,无效词,True,False,,False,,,False,False,False,,,无效词,无效词,结构性无成本无效益，先行归为无效词
1623,2758,525368335,9811363528,0,0,0,,,,,,,,,,,,,,,,无效词,True,False,,False,,,False,False,False,,,无效词,无效词,结构性无成本无效益，先行归为无效词
1624,2759,525368335,9811363528,1.33,2,8,0.665,4,0.5,0.5,397,0.143338323353,0.160928143713,0.211826347305,0.898577844311,0.817739520958,0.91504491018,0.152133229404,0.680550697199,低,高,黄金词,False,False,,True,0.34432547155,0.189283156193,False,False,False,0.152133233533,0.710797155689,黄金词,黄金词,常规CRITIC+一维KMeans
1625,2762,525368335,9811363528,3.98,5,4,0.796,0.8,1,0,62,0.346182634731,0.244011976048,0.400449101796,0.225299401198,0.171407185629,0.388098802395,0.295097329372,0.29683282299,低,低,潜力词,False,False,,True,0.201361371582,0.194434718017,False,False,False,0.295097305389,0.296313622754,潜力词,潜力词,常规CRITIC+一维KMeans
1626,2767,525368335,9811363528,4.47,6,3,0.745,0.5,1,0,629,0.37125748503,0.210329341317,0.440119760479,0.109281437126,0.171407185629,0.963323353293,0.290793450949,0.408248815824,低,低,潜力词,False,False,,True,0.205665250005,0.0830187251829,False,False,False,0.290793413174,0.421032934132,潜力词,潜力词,常规CRITIC+一维KMeans
1627,2768,525368335,9811363528,3.5,4,2,0.875,0.5,1,0,61,0.321482035928,0.32372754491,0.354416167665,0.109281437126,0.171407185629,0.377994011976,0.322604789892,0.255977819028,低,低,潜力词,False,False,,True,0.173853911062,0.235289721978,False,False,False,0.322604790419,0.253274700599,潜力词,潜力词,常规CRITIC+一维KMeans
1628,2770,525368335,9811363528,1.86,2,2,0.93,1,1,0,61,0.208083832335,0.370883233533,0.211826347305,0.40119760479,0.171407185629,0.377994011976,0.28948349472,0.278186680275,低,低,潜力词,False,False,,True,0.206975206234,0.213080860731,False,False,False,0.289483532934,0.290606287425,潜力词,潜力词,常规CRITIC+一维KMeans
1629,2771,525368335,9811363528,0,0,0,,,,,,,,,,,,,,,,无效词,True,False,,False,,,False,False,False,,,无效词,无效词,结构性无成本无效益，先行归为无效词
1630,2775,525368335,9811363528,10.21,9,9,1.13444444444,1,0.8333,0.1667,64,0.538922155689,0.523952095808,0.53255988024,0.40119760479,0.487275449102,0.40494011976,0.531437129262,0.463749579084,高,低,问题词,False,False,,True,0.0349784283088,0.0275179619221,False,False,False,0.531437125749,0.456493263473,问题词,问题词,常规CRITIC+一维KMeans
1631,2790,525368335,9811363528,6.8,6,4,1.13333333333,0.666666666667,1,0,246,0.468562874251,0.521706586826,0.440119760479,0.161676646707,0.171407185629,0.823353293413,0.495134718064,0.389208135018,低,低,潜力词,False,False,,True,0.00132398288919,0.102059405988,True,False,True,0.495134730539,0.399139221557,潜力词,潜力词,常规CRITIC+一维KMeans
1632,2796,525368335,9811363528,0.56,1,1,0.56,1,1,0,120,0.0460329341317,0.108532934132,0.0815868263473,0.40119760479,0.171407185629,0.615643712575,0.077282919461,0.292076747393,低,低,潜力词,False,False,,True,0.419175781493,0.199190793613,False,False,False,0.0772829341317,0.317458832335,潜力词,潜力词,常规CRITIC+一维KMeans
1633,2799,525368335,9811363528,0,0,0,,,,,,,,,,,,,,,,无效词,True,False,,False,,,False,False,False,,,无效词,无效词,结构性无成本无效益，先行归为无效词
1634,2806,525368335,9811363528,45.31,44,60,1.02977272727,1.36363636364,0.8293,0.1707,154,0.773952095808,0.453592814371,0.802769461078,0.59880239521,0.497005988024,0.701347305389,0.613772530288,0.652467878329,高,高,重点词,False,False,,True,0.117313829335,0.161200337323,False,False,False,0.61377245509,0.649981287425,重点词,重点词,常规CRITIC+一维KMeans
1635,2807,525368335,9811363528,128.13,146,236,0.877602739726,1.61643835616,0.8,0.2,32,0.857035928144,0.325598802395,0.896706586826,0.654191616766,0.529565868263,0.247005988024,0.591317490014,0.60187083546,高,高,重点词,False,False,,True,0.0948587890607,0.110603294454,False,False,False,0.591317365269,0.58186751497,重点词,重点词,常规CRITIC+一维KMeans
1636,2826,525368335,9811363528,0.15,1,1,0.15,1,1,0,2,0.00898203592814,0.0108532934132,0.0815868263473,0.40119760479,0.171407185629,0.0943113772455,0.00991766423142,0.178624721719,低,低,潜力词,False,False,,True,0.486541036722,0.312642819287,False,False,False,0.00991766467066,0.187125748503,潜力词,潜力词,常规CRITIC+一维KMeans
1637,2835,525368335,9811363528,2.16,2,15,1.08,7.5,0.5,0.5,309,0.237275449102,0.484281437126,0.211826347305,0.968562874251,0.817739520958,0.873502994012,0.360778385134,0.686763584642,低,高,黄金词,False,False,,True,0.13568031582,0.195496043635,False,False,False,0.360778443114,0.717907934132,黄金词,黄金词,常规CRITIC+一维KMeans
1638,2840,525368335,9811363528,0,0,0,,,,,,,,,,,,,,,,无效词,True,False,,False,,,False,False,False,,,无效词,无效词,结构性无成本无效益，先行归为无效词
1639,2843,525368335,9811363528,4124.08,5431,5542,0.759359234027,1.020438225,0.7917,0.2083,117,0.967065868263,0.223053892216,0.980538922156,0.50374251497,0.54378742515,0.582709580838,0.595060054882,0.670381143615,高,高,重点词,False,False,,True,0.0986013539287,0.179113602609,False,False,False,0.59505988024,0.652694610778,重点词,重点词,常规CRITIC+一维KMeans
1640,2847,525368335,9811363528,0,0,0,,,,,,,,,,,,,,,,无效词,True,False,,False,,,False,False,False,,,无效词,无效词,结构性无成本无效益，先行归为无效词
1641,2854,525368335,9811363528,8.89,7,9,1.27,1.28571428571,0.6667,0.3333,123,0.515718562874,0.603293413174,0.47380239521,0.579715568862,0.688622754491,0.644461077844,0.559505967467,0.592883030509,高,高,重点词,False,False,,True,0.0630472665138,0.101615489502,False,False,False,0.559505988024,0.596650449102,重点词,重点词,常规CRITIC+一维KMeans
1642,2855,525368335,9811363528,10.02,11,10,0.910909090909,0.909090909091,1,0,92,0.533682634731,0.353293413174,0.567739520958,0.277694610778,0.171407185629,0.516092814371,0.443488066295,0.384694599005,低,低,潜力词,False,False,,True,0.0529706346586,0.106572942001,False,False,False,0.443488023952,0.383233532934,潜力词,潜力词,常规CRITIC+一维KMeans
1643,2858,525368335,9811363528,7.04,6,13,1.17333333333,2.16666666667,0.25,0.75,283,0.47380239521,0.549401197605,0.440119760479,0.770209580838,0.896706586826,0.85628742515,0.511601778662,0.727728309353,高,高,重点词,False,False,,True,0.0151430777082,0.236460768347,True,False,True,0.511601796407,0.740830838323,重点词,重点词,常规CRITIC+一维KMeans
1644,2859,525368335,9811363528,4.18,3,3,1.39333333333,1,0,1,45,0.358532934132,0.677395209581,0.294161676647,0.40119760479,0.953967065868,0.306886227545,0.517963997009,0.501038158711,高,高,重点词,False,False,,True,0.0215052960557,0.00977061770499,False,True,True,0.517964071856,0.489053143713,问题词,问题词,常规CRITIC+一维KMeans
1645,2861,525368335,9811363528,0,0,0,,,,,,,,,,,,,,,,无效词,True,False,,False,,,False,False,False,,,无效词,无效词,结构性无成本无效益，先行归为无效词
1646,2875,525368335,9811363528,0,0,0,,,,,,,,,,,,,,,,无效词,True,False,,False,,,False,False,False,,,无效词,无效词,结构性无成本无效益，先行归为无效词
1647,2877,525368335,9811363528,1.46,1,3,1.46,3,0.5,0.5,72,0.159056886228,0.718188622754,0.0815868263473,0.852170658683,0.817739520958,0.436377245509,0.438622623245,0.52844178439,低,高,黄金词,False,False,,True,0.0578360777083,0.0371742433838,False,False,False,0.438622754491,0.546968562874,黄金词,黄金词,常规CRITIC+一维KMeans
1648,2884,525368335,9811363528,0,0,0,,,,,,,,,,,,,,,,无效词,True,False,,False,,,False,False,False,,,无效词,无效词,结构性无成本无效益，先行归为无效词
1649,2888,525368335,9811363528,0,0,0,,,,,,,,,,,,,,,,无效词,True,False,,False,,,False,False,False,,,无效词,无效词,结构性无成本无效益，先行归为无效词
1650,2890,525368335,9811363528,3.71,4,82,0.9275,20.5,0.3333,0.6667,2573,0.332709580838,0.368637724551,0.354416167665,0.995508982036,0.883607784431,0.998502994012,0.350673644261,0.779300204754,低,高,黄金词,False,False,,True,0.145785056692,0.288032663748,False,False,False,0.350673652695,0.808008982036,黄金词,黄金词,常规CRITIC+一维KMeans
1651,2904,525368335,9811363528,4.24,6,3,0.706666666667,0.5,1,0,69,0.360404191617,0.186377245509,0.440119760479,0.109281437126,0.171407185629,0.424401197605,0.273390759412,0.290968904143,低,低,潜力词,False,False,,True,0.223067941541,0.200298636863,False,False,False,0.273390718563,0.28630239521,潜力词,潜力词,常规CRITIC+一维KMeans
1652,2905,525368335,9811363528,11.09,19,16,0.583684210526,0.842105263158,0.9091,0.0909,83,0.555389221557,0.12125748503,0.678892215569,0.252994011976,0.398577844311,0.482035928144,0.338323455198,0.466425252599,低,低,潜力词,False,False,,True,0.158135245756,0.0248422884072,False,False,False,0.338323353293,0.453125,潜力词,潜力词,常规CRITIC+一维KMeans
1653,2914,525368335,9811363528,4623.04,5627,3428,0.821581659854,0.609205615781,0.7333,0.2667,205,0.972305389222,0.269461077844,0.98128742515,0.142964071856,0.618263473054,0.779565868263,0.620883398512,0.655212307336,高,高,重点词,False,False,,True,0.124424697559,0.163944766329,False,False,False,0.620883233533,0.630520209581,重点词,重点词,常规CRITIC+一维KMeans
1654,2916,525368335,9811363528,1.83,1,1,1.83,1,1,0,1,0.203967065868,0.841691616766,0.0815868263473,0.40119760479,0.171407185629,0.0737275449102,0.522829191624,0.174145280648,高,低,问题词,False,False,,True,0.0263704906699,0.317122260358,False,False,False,0.522829341317,0.181979790419,问题词,问题词,常规CRITIC+一维KMeans
1655,2919,525368335,9811363528,90.58,106,104,0.854528301887,0.981132075472,0.9079,0.0921,95,0.824101796407,0.306886227545,0.875,0.297904191617,0.401946107784,0.526571856287,0.565494133383,0.543786228977,高,高,重点词,False,False,,True,0.069035432429,0.0525186879704,False,False,False,0.565494011976,0.525355538922,重点词,重点词,常规CRITIC+一维KMeans
1656,2939,525368335,9811363528,0,0,0,,,,,,,,,,,,,,,,无效词,True,False,,False,,,False,False,False,,,无效词,无效词,结构性无成本无效益，先行归为无效词
1657,2947,525368335,9811363528,0,0,0,,,,,,,,,,,,,,,,无效词,True,False,,False,,,False,False,False,,,无效词,无效词,结构性无成本无效益，先行归为无效词
1658,2953,525368335,9811363528,0.85,1,1,0.85,1,1,0,0,0.0804640718563,0.302769461078,0.0815868263473,0.40119760479,0.171407185629,0.0310628742515,0.191616714285,0.164860620974,低,低,潜力词,False,False,,True,0.304841986669,0.326406920033,False,False,False,0.191616766467,0.171313622754,潜力词,潜力词,常规CRITIC+一维KMeans
1659,2955,525368335,9811363528,2.82,5,5,0.564,1,1,0,43,0.280688622754,0.11002994012,0.400449101796,0.40119760479,0.171407185629,0.294535928144,0.195359321496,0.314808682104,低,低,潜力词,False,False,,True,0.301099379458,0.176458858902,False,False,False,0.195359281437,0.31689745509,潜力词,潜力词,常规CRITIC+一维KMeans
1660,2961,525368335,9811363528,3144.54,4114,5321,0.764350996597,1.29338842975,0.9121,0.0879,95,0.964071856287,0.226047904192,0.976796407186,0.583083832335,0.395958083832,0.526571856287,0.595060053477,0.633866410278,高,高,重点词,False,False,,True,0.0986013525231,0.142598869271,False,False,False,0.59505988024,0.62060254491,重点词,重点词,常规CRITIC+一维KMeans
1661,2964,525368335,9811363528,4.03,3,2,1.34333333333,0.666666666667,1,0,7,0.349550898204,0.650074850299,0.294161676647,0.161676646707,0.171407185629,0.150074850299,0.499812803709,0.200297232039,高,低,问题词,False,False,,True,0.00335410275553,0.290970308968,True,False,True,0.499812874251,0.19433008982,问题词,潜力词,常规CRITIC+一维KMeans
1662,2975,525368335,9811363528,0,0,0,,,,,,,,,,,,,,,,无效词,True,False,,False,,,False,False,False,,,无效词,无效词,结构性无成本无效益，先行归为无效词
1663,2976,525368335,9811363528,0.15,1,1,0.15,1,1,0,1,0.00898203592814,0.0108532934132,0.0815868263473,0.40119760479,0.171407185629,0.0737275449102,0.00991766423142,0.174145280648,低,低,潜力词,False,False,,True,0.486541036722,0.317122260358,False,False,False,0.00991766467066,0.181979790419,潜力词,潜力词,常规CRITIC+一维KMeans
1664,2978,525368335,9811363528,2698.76,4658,6365,0.579381708888,1.36646629455,0.9164,0.0836,86,0.959580838323,0.116017964072,0.978293413174,0.599550898204,0.390718562874,0.495883233533,0.537799599208,0.629776189612,高,高,重点词,False,False,,True,0.0413408982545,0.138508648605,False,False,False,0.537799401198,0.616111526946,重点词,重点词,常规CRITIC+一维KMeans
1665,2979,525368335,9811363528,0,0,0,,,,,,,,,,,,,,,,无效词,True,False,,False,,,False,False,False,,,无效词,无效词,结构性无成本无效益，先行归为无效词
1666,2989,525368335,9811363528,0,0,0,,,,,,,,,,,,,,,,无效词,True,False,,False,,,False,False,False,,,无效词,无效词,结构性无成本无效益，先行归为无效词
1667,2990,525368335,9811363528,3.5,2,1,1.75,0.5,1,0,2,0.321482035928,0.822230538922,0.211826347305,0.109281437126,0.171407185629,0.0943113772455,0.571856169884,0.152828806354,高,低,问题词,False,False,,True,0.0753974689302,0.338438734653,False,False,False,0.571856287425,0.146706586826,问题词,问题词,常规CRITIC+一维KMeans
1668,2994,525368335,9811363528,0,0,0,,,,,,,,,,,,,,,,无效词,True,False,,False,,,False,False,False,,,无效词,无效词,结构性无成本无效益，先行归为无效词
1669,2996,525368335,9811363528,1,1,3,1,3,0,1,21,0.104416167665,0.433008982036,0.0815868263473,0.852170658683,0.953967065868,0.208083832335,0.268712497719,0.516085458194,低,高,黄金词,False,False,,True,0.227746203234,0.0248179171877,False,False,False,0.26871257485,0.523952095808,黄金词,黄金词,常规CRITIC+一维KMeans
1670,2997,525368335,9811363528,35.47,36,33,0.985277777778,0.916666666667,0.8571,0.1429,55,0.74251497006,0.416916167665,0.773952095808,0.280314371257,0.457709580838,0.351422155689,0.57971564529,0.487766474339,高,低,问题词,False,False,,True,0.0832569443368,0.00350106666772,False,True,True,0.579715568862,0.465849550898,问题词,问题词,常规CRITIC+一维KMeans
1671,3009,525368335,9811363528,0,0,0,,,,,,,,,,,,,,,,无效词,True,False,,False,,,False,False,False,,,无效词,无效词,结构性无成本无效益，先行归为无效词
1672,3012,525368335,9811363528,0,0,0,,,,,,,,,,,,,,,,无效词,True,False,,False,,,False,False,False,,,无效词,无效词,结构性无成本无效益，先行归为无效词
1673,3022,525368335,9811363528,0,0,0,,,,,,,,,,,,,,,,无效词,True,False,,False,,,False,False,False,,,无效词,无效词,结构性无成本无效益，先行归为无效词
1674,3024,525368335,9811363528,4.23,5,14,0.846,2.8,0.6667,0.3333,42,0.359281437126,0.297904191617,0.400449101796,0.836077844311,0.688622754491,0.288547904192,0.328592828778,0.549998567234,低,高,黄金词,False,False,,True,0.167865872175,0.0587310262277,False,False,False,0.328592814371,0.553424401198,黄金词,黄金词,常规CRITIC+一维KMeans
1675,3029,525368335,9811363528,1.8,1,3,1.8,3,0,1,51,0.197604790419,0.833458083832,0.0815868263473,0.852170658683,0.953967065868,0.333083832335,0.515531287871,0.543287882153,高,高,重点词,False,False,,True,0.0190725869175,0.0520203411468,False,False,False,0.515531437126,0.555202095808,重点词,重点词,常规CRITIC+一维KMeans
1676,3035,525368335,9811363528,0,0,0,,,,,,,,,,,,,,,,无效词,True,False,,False,,,False,False,False,,,无效词,无效词,结构性无成本无效益，先行归为无效词
1677,3043,525368335,9811363528,0.95,1,8,0.95,8,0,1,141,0.0976796407186,0.387350299401,0.0815868263473,0.97380239521,0.953967065868,0.678892215569,0.242514902065,0.645052088616,低,高,黄金词,False,False,,True,0.253943798888,0.15378454761,False,False,False,0.24251497006,0.672062125749,黄金词,黄金词,常规CRITIC+一维KMeans
1678,3045,525368335,9811363528,24.51,22,68,1.11409090909,3.09090909091,0.3889,0.6111,274,0.694236526946,0.50748502994,0.702844311377,0.860778443114,0.870508982036,0.850299401198,0.60086082228,0.815293240508,高,高,重点词,False,False,,True,0.104402121326,0.324025699502,False,False,False,0.600860778443,0.821107784431,重点词,重点词,常规CRITIC+一维KMeans
1679,3060,525368335,9811363528,0,0,0,,,,,,,,,,,,,,,,无效词,True,False,,False,,,False,False,False,,,无效词,无效词,结构性无成本无效益，先行归为无效词
1680,3062,525368335,9811363528,0,0,0,,,,,,,,,,,,,,,,无效词,True,False,,False,,,False,False,False,,,无效词,无效词,结构性无成本无效益，先行归为无效词
1681,3063,525368335,9811363528,0,0,0,,,,,,,,,,,,,,,,无效词,True,False,,False,,,False,False,False,,,无效词,无效词,结构性无成本无效益，先行归为无效词
1682,3068,525368335,9811363528,0,0,0,,,,,,,,,,,,,,,,无效词,True,False,,False,,,False,False,False,,,无效词,无效词,结构性无成本无效益，先行归为无效词
1683,3072,525368335,9811363528,5.77,6,6,0.961666666667,1,1,0,70,0.432260479042,0.398952095808,0.440119760479,0.40119760479,0.171407185629,0.427395209581,0.415606295244,0.355243490731,低,低,潜力词,False,False,,True,0.08085240571,0.136024050275,False,False,False,0.415606287425,0.36002994012,潜力词,潜力词,常规CRITIC+一维KMeans
1684,3073,525368335,9811363528,38.81,35,99,1.10885714286,2.82857142857,0.6,0.4,110,0.754491017964,0.500748502994,0.769461077844,0.838323353293,0.748877245509,0.56998502994,0.62761982004,0.735420003315,高,高,重点词,False,False,,True,0.131161119087,0.244152462309,False,False,False,0.627619760479,0.731661676647,重点词,重点词,常规CRITIC+一维KMeans
1685,3076,525368335,9811363528,0,0,0,,,,,,,,,,,,,,,,无效词,True,False,,False,,,False,False,False,,,无效词,无效词,结构性无成本无效益，先行归为无效词
1686,3078,525368335,9811363528,33.02,29,54,1.13862068966,1.86206896552,0.6364,0.3636,167,0.731661676647,0.52619760479,0.750374251497,0.708832335329,0.723428143713,0.718188622754,0.628929688947,0.726933070668,高,高,重点词,False,False,,True,0.132470987994,0.235665529661,False,False,False,0.628929640719,0.725205838323,重点词,重点词,常规CRITIC+一维KMeans
1687,3082,525368335,9811363528,1.32,1,1,1.32,1,1,0,1,0.142215568862,0.635853293413,0.0815868263473,0.40119760479,0.171407185629,0.0737275449102,0.389034315266,0.174145280648,低,低,潜力词,False,False,,True,0.107424385688,0.317122260358,False,False,False,0.389034431138,0.181979790419,潜力词,潜力词,常规CRITIC+一维KMeans
1688,3090,525368335,9811363528,1.9,1,0,1.9,0,0,1,0,0.214446107784,0.854416167665,0.0815868263473,0.0265718562874,0.953967065868,0.0310628742515,0.534430987504,0.297623280957,高,低,问题词,False,False,,True,0.03797228655,0.193644260049,False,False,False,0.534431137725,0.273297155689,问题词,问题词,常规CRITIC+一维KMeans
1689,3102,525368335,9811363528,0,0,0,,,,,,,,,,,,,,,,无效词,True,False,,False,,,False,False,False,,,无效词,无效词,结构性无成本无效益，先行归为无效词
1690,3107,525368335,9811363528,0,0,0,,,,,,,,,,,,,,,,无效词,True,False,,False,,,False,False,False,,,无效词,无效词,结构性无成本无效益，先行归为无效词
1691,3116,525368335,9811363528,0,0,0,,,,,,,,,,,,,,,,无效词,True,False,,False,,,False,False,False,,,无效词,无效词,结构性无成本无效益，先行归为无效词
1692,3124,525368335,9811363528,0.3,2,2,0.15,1,1,0,120,0.0213323353293,0.0108532934132,0.211826347305,0.40119760479,0.171407185629,0.615643712575,0.016092816831,0.329903863551,低,低,潜力词,False,False,,True,0.480365884123,0.161363677456,False,False,False,0.0160928143713,0.350018712575,潜力词,潜力词,常规CRITIC+一维KMeans
1693,3126,525368335,9811363528,0,0,0,,,,,,,,,,,,,,,,无效词,True,False,,False,,,False,False,False,,,无效词,无效词,结构性无成本无效益，先行归为无效词
1694,3135,525368335,9811363528,0,0,0,,,,,,,,,,,,,,,,无效词,True,False,,False,,,False,False,False,,,无效词,无效词,结构性无成本无效益，先行归为无效词
1695,3138,525368335,9811363528,0,0,0,,,,,,,,,,,,,,,,无效词,True,False,,False,,,False,False,False,,,无效词,无效词,结构性无成本无效益，先行归为无效词
1696,3147,525368335,9811363528,0,0,0,,,,,,,,,,,,,,,,无效词,True,False,,False,,,False,False,False,,,无效词,无效词,结构性无成本无效益，先行归为无效词
1697,3151,525368335,9811363528,0,0,0,,,,,,,,,,,,,,,,无效词,True,False,,False,,,False,False,False,,,无效词,无效词,结构性无成本无效益，先行归为无效词
1698,3158,525368335,9811363528,1.99,1,1,1.99,1,1,0,11,0.224925149701,0.870508982036,0.0815868263473,0.40119760479,0.171407185629,0.175523952096,0.54771691433,0.196298152855,高,低,问题词,False,False,,True,0.051258213376,0.294969388152,False,False,False,0.547717065868,0.207428892216,问题词,问题词,常规CRITIC+一维KMeans
1699,3164,525368335,9811363528,0,0,0,,,,,,,,,,,,,,,,无效词,True,False,,False,,,False,False,False,,,无效词,无效词,结构性无成本无效益，先行归为无效词
1700,3178,525368335,9811363528,10.08,13,14,0.775384615385,1.07692307692,0.8889,0.1111,88,0.535553892216,0.233532934132,0.605164670659,0.519461077844,0.42252994012,0.505239520958,0.384543484067,0.514700179481,低,高,黄金词,False,False,,True,0.111915216886,0.0234326384743,False,False,False,0.384543413174,0.513098802395,黄金词,黄金词,常规CRITIC+一维KMeans
1701,3179,525368335,9811363528,3.04,5,4,0.608,0.8,0.6667,0.3333,1275,0.299775449102,0.136601796407,0.400449101796,0.225299401198,0.688622754491,0.99251497006,0.218188661056,0.570076493603,低,高,黄金词,False,False,,True,0.278270039897,0.0788089525965,False,False,False,0.218188622754,0.576721556886,黄金词,黄金词,常规CRITIC+一维KMeans
1702,3181,525368335,9811363528,11.07,13,50,0.851538461538,3.84615384615,0.75,0.25,623,0.554640718563,0.304640718563,0.605164670659,0.890718562874,0.591317365269,0.961826347305,0.429640777246,0.741223544412,低,高,黄金词,False,False,,True,0.066817923708,0.249956003406,False,False,False,0.429640718563,0.762256736527,黄金词,黄金词,常规CRITIC+一维KMeans
1703,3182,525368335,9811363528,0,0,0,,,,,,,,,,,,,,,,无效词,True,False,,False,,,False,False,False,,,无效词,无效词,结构性无成本无效益，先行归为无效词
1704,3185,525368335,9811363528,2.72,4,2,0.68,0.5,1,0,62,0.274700598802,0.169161676647,0.354416167665,0.109281437126,0.171407185629,0.388098802395,0.221931162498,0.258176817372,低,低,潜力词,False,False,,True,0.274527538456,0.233090723634,False,False,False,0.221931137725,0.255800898204,潜力词,潜力词,常规CRITIC+一维KMeans
1705,3188,525368335,9811363528,0,0,0,,,,,,,,,,,,,,,,无效词,True,False,,False,,,False,False,False,,,无效词,无效词,结构性无成本无效益，先行归为无效词
1706,3202,525368335,9811363528,32.23,27,119,1.1937037037,4.40740740741,0.6316,0.3684,228,0.729041916168,0.557634730539,0.738398203593,0.907185628743,0.72754491018,0.802395209581,0.643338363588,0.786138681265,高,高,重点词,False,False,,True,0.146879662634,0.294871140259,False,False,False,0.643338323353,0.793880988024,重点词,重点词,常规CRITIC+一维KMeans
1707,3206,525368335,9811363528,0,0,0,,,,,,,,,,,,,,,,无效词,True,False,,False,,,False,False,False,,,无效词,无效词,结构性无成本无效益，先行归为无效词
1708,3211,525368335,9811363528,4.96,6,6,0.826666666667,1,1,0,26,0.39371257485,0.275823353293,0.440119760479,0.40119760479,0.171407185629,0.228293413174,0.334767991744,0.311915078916,低,低,潜力词,False,False,,True,0.161690709209,0.17935246209,False,False,False,0.334767964072,0.310254491018,潜力词,潜力词,常规CRITIC+一维KMeans
1709,3222,525368335,9811363528,1176.51,172,337,6.8401744186,1.95930232558,0.7801,0.2199,144,0.926646706587,0.98128742515,0.90494011976,0.72754491018,0.553892215569,0.683008982036,0.953967053042,0.721797370549,高,高,重点词,False,False,,True,0.457508352089,0.230529829543,False,False,False,0.953967065868,0.717346556886,重点词,重点词,常规CRITIC+一维KMeans
1710,3235,525368335,9811363528,0,0,0,,,,,,,,,,,,,,,,无效词,True,False,,False,,,False,False,False,,,无效词,无效词,结构性无成本无效益，先行归为无效词
1711,3262,525368335,9811363528,0,0,0,,,,,,,,,,,,,,,,无效词,True,False,,False,,,False,False,False,,,无效词,无效词,结构性无成本无效益，先行归为无效词
1712,3267,525368335,9811363528,9.34,6,8,1.55666666667,1.33333333333,0.6667,0.3333,57,0.523952095808,0.764221556886,0.440119760479,0.590194610778,0.688622754491,0.358532934132,0.644086769949,0.523160550639,高,高,重点词,False,False,,True,0.147628068995,0.0318930096325,False,False,False,0.644086826347,0.51936751497,重点词,重点词,常规CRITIC+一维KMeans
1713,3275,525368335,9811363528,0,0,0,,,,,,,,,,,,,,,,无效词,True,False,,False,,,False,False,False,,,无效词,无效词,结构性无成本无效益，先行归为无效词
1714,3280,525368335,9811363528,30.61,27,55,1.1337037037,2.03703703704,0.75,0.25,218,0.722679640719,0.52245508982,0.738398203593,0.757859281437,0.591317365269,0.794910179641,0.622567412268,0.714639418437,高,高,重点词,False,False,,True,0.126108711315,0.223371877431,False,False,False,0.622567365269,0.720621257485,重点词,重点词,常规CRITIC+一维KMeans
1715,3281,525368335,9811363528,1.75,2,1,0.875,0.5,1,0,120,0.191616766467,0.32372754491,0.211826347305,0.109281437126,0.171407185629,0.615643712575,0.257672124678,0.266280832028,低,低,潜力词,False,False,,True,0.238786576276,0.224986708979,False,False,False,0.257672155689,0.277039670659,潜力词,潜力词,常规CRITIC+一维KMeans
1716,3284,525368335,9811363528,0,0,0,,,,,,,,,,,,,,,,无效词,True,False,,False,,,False,False,False,,,无效词,无效词,结构性无成本无效益，先行归为无效词
1717,3300,525368335,9811363528,0.1,1,0,0.1,0,0,1,0,0.00112275449102,0.00112275449102,0.0815868263473,0.0265718562874,0.953967065868,0.0310628742515,0.00112275449102,0.297623280957,低,低,潜力词,False,False,,True,0.495335946463,0.193644260049,False,False,False,0.00112275449102,0.273297155689,潜力词,潜力词,常规CRITIC+一维KMeans
1718,3305,525368335,9811363528,10.73,11,11,0.975454545455,1,0.75,0.25,32,0.548278443114,0.408682634731,0.567739520958,0.40119760479,0.591317365269,0.247005988024,0.47848057169,0.46810398192,低,低,潜力词,False,False,,True,0.017978129264,0.0231635590862,False,False,False,0.478480538922,0.45181511976,潜力词,潜力词,常规CRITIC+一维KMeans
1719,3313,525368335,9811363528,36.15,43,107,0.840697674419,2.48837209302,0.5143,0.4857,400,0.743263473054,0.292664670659,0.797904191617,0.802395209581,0.794910179641,0.916541916168,0.517964177626,0.823880552812,高,高,重点词,False,False,,True,0.0215054766723,0.332613011805,False,False,False,0.517964071856,0.827937874251,重点词,重点词,常规CRITIC+一维KMeans
1720,3320,525368335,9811363528,0.15,1,1,0.15,1,1,0,0,0.00898203592814,0.0108532934132,0.0815868263473,0.40119760479,0.171407185629,0.0310628742515,0.00991766423142,0.164860620974,低,低,潜力词,False,False,,True,0.486541036722,0.326406920033,False,False,False,0.00991766467066,0.171313622754,潜力词,潜力词,常规CRITIC+一维KMeans
1721,3326,525368335,9811363528,0,0,0,,,,,,,,,,,,,,,,无效词,True,False,,False,,,False,False,False,,,无效词,无效词,结构性无成本无效益，先行归为无效词
1722,3331,525368335,9811363528,1.01,1,1,1.01,1,1,0,120,0.10628742515,0.441991017964,0.0815868263473,0.40119760479,0.171407185629,0.615643712575,0.274139142757,0.292076747393,低,低,潜力词,False,False,,True,0.222319558197,0.199190793613,False,False,False,0.274139221557,0.317458832335,潜力词,潜力词,常规CRITIC+一维KMeans
1723,3333,525368335,9811363528,0,0,0,,,,,,,,,,,,,,,,无效词,True,False,,False,,,False,False,False,,,无效词,无效词,结构性无成本无效益，先行归为无效词
1724,3340,525368335,9811363528,0,0,0,,,,,,,,,,,,,,,,无效词,True,False,,False,,,False,False,False,,,无效词,无效词,结构性无成本无效益，先行归为无效词
1725,3347,525368335,9811363528,0,0,0,,,,,,,,,,,,,,,,无效词,True,False,,False,,,False,False,False,,,无效词,无效词,结构性无成本无效益，先行归为无效词
1726,3348,525368335,9811363528,0,0,0,,,,,,,,,,,,,,,,无效词,True,False,,False,,,False,False,False,,,无效词,无效词,结构性无成本无效益，先行归为无效词
1727,3352,525368335,9811363528,4.01,3,3,1.33666666667,1,1,0,81,0.348428143713,0.642964071856,0.294161676647,0.40119760479,0.171407185629,0.474550898204,0.495696038648,0.32311302524,低,低,潜力词,False,False,,True,0.000762662305959,0.168154515766,True,False,True,0.495696107784,0.335329341317,潜力词,潜力词,常规CRITIC+一维KMeans
1728,3359,525368335,9811363528,2.83,3,1,0.943333333333,0.333333333333,1,0,6,0.282185628743,0.380613772455,0.294161676647,0.0774700598802,0.171407185629,0.141467065868,0.331399677495,0.180071213672,低,低,潜力词,False,False,,True,0.165059023459,0.311196327334,False,False,False,0.331399700599,0.171126497006,潜力词,潜力词,常规CRITIC+一维KMeans
1729,3363,525368335,9811363528,0,0,0,,,,,,,,,,,,,,,,无效词,True,False,,False,,,False,False,False,,,无效词,无效词,结构性无成本无效益，先行归为无效词
1730,3365,525368335,9811363528,1.95,1,2,1.95,2,0,1,70,0.218562874251,0.86377245509,0.0815868263473,0.744011976048,0.953967065868,0.427395209581,0.54116751322,0.540238717838,高,高,重点词,False,False,,True,0.0447088122662,0.0489711768317,False,False,False,0.541167664671,0.551740269461,重点词,重点词,常规CRITIC+一维KMeans
1731,3369,525368335,9811363528,0,0,0,,,,,,,,,,,,,,,,无效词,True,False,,False,,,False,False,False,,,无效词,无效词,结构性无成本无效益，先行归为无效词
1732,3375,525368335,9811363528,0,0,0,,,,,,,,,,,,,,,,无效词,True,False,,False,,,False,False,False,,,无效词,无效词,结构性无成本无效益，先行归为无效词
1733,3387,525368335,9811363528,0,0,0,,,,,,,,,,,,,,,,无效词,True,False,,False,,,False,False,False,,,无效词,无效词,结构性无成本无效益，先行归为无效词
1734,3392,525368335,9811363528,0,0,0,,,,,,,,,,,,,,,,无效词,True,False,,False,,,False,False,False,,,无效词,无效词,结构性无成本无效益，先行归为无效词
1735,3395,525368335,9811363528,0,0,0,,,,,,,,,,,,,,,,无效词,True,False,,False,,,False,False,False,,,无效词,无效词,结构性无成本无效益，先行归为无效词
1736,3396,525368335,9811363528,1.26,1,1,1.26,1,1,0,4,0.130239520958,0.592065868263,0.0815868263473,0.40119760479,0.171407185629,0.126122754491,0.361152586206,0.185547494284,低,低,潜力词,False,False,,True,0.135306114748,0.305720046723,False,False,False,0.361152694611,0.195078592814,潜力词,潜力词,常规CRITIC+一维KMeans
1737,3413,525368335,9811363528,1.41,1,1,1.41,1,1,0,10,0.153817365269,0.6875,0.0815868263473,0.40119760479,0.171407185629,0.169161676647,0.420658557363,0.194913598342,低,低,潜力词,False,False,,True,0.0758001435908,0.296353942665,False,False,False,0.420658682635,0.205838323353,潜力词,潜力词,常规CRITIC+一维KMeans
1738,3431,525368335,9811363528,0,0,0,,,,,,,,,,,,,,,,无效词,True,False,,False,,,False,False,False,,,无效词,无效词,结构性无成本无效益，先行归为无效词
1739,3442,525368335,9811363528,0,0,0,,,,,,,,,,,,,,,,无效词,True,False,,False,,,False,False,False,,,无效词,无效词,结构性无成本无效益，先行归为无效词
1740,3446,525368335,9811363528,0,0,0,,,,,,,,,,,,,,,,无效词,True,False,,False,,,False,False,False,,,无效词,无效词,结构性无成本无效益，先行归为无效词
1741,3453,525368335,9811363528,0,0,0,,,,,,,,,,,,,,,,无效词,True,False,,False,,,False,False,False,,,无效词,无效词,结构性无成本无效益，先行归为无效词
1742,3455,525368335,9811363528,0,0,0,,,,,,,,,,,,,,,,无效词,True,False,,False,,,False,False,False,,,无效词,无效词,结构性无成本无效益，先行归为无效词
1743,3456,525368335,9811363528,0,0,0,,,,,,,,,,,,,,,,无效词,True,False,,False,,,False,False,False,,,无效词,无效词,结构性无成本无效益，先行归为无效词
1744,3460,525368335,9811363528,0.6,1,0,0.6,0,0,1,0,0.0508982035928,0.130988023952,0.0815868263473,0.0265718562874,0.953967065868,0.0310628742515,0.0909430949729,0.297623280957,低,低,潜力词,False,False,,True,0.405515605981,0.193644260049,False,False,False,0.0909431137725,0.273297155689,潜力词,潜力词,常规CRITIC+一维KMeans
1745,3463,525368335,9811363528,0.53,2,2,0.265,1,1,0,120,0.0434131736527,0.0318113772455,0.211826347305,0.40119760479,0.171407185629,0.615643712575,0.0376122781724,0.329903863551,低,低,潜力词,False,False,,True,0.458846422781,0.161363677456,False,False,False,0.0376122754491,0.350018712575,潜力词,潜力词,常规CRITIC+一维KMeans
1746,3473,525368335,9811363528,7.85,7,13,1.12142857143,1.85714285714,0.75,0.25,139,0.494760479042,0.512724550898,0.47380239521,0.706961077844,0.591317365269,0.674026946108,0.503742510753,0.600389719149,高,高,重点词,False,False,,True,0.00728380979971,0.109122178143,True,False,True,0.50374251497,0.611526946108,重点词,重点词,常规CRITIC+一维KMeans
1747,3476,525368335,9811363528,6.72,7,19,0.96,2.71428571429,0.75,0.25,405,0.465568862275,0.396332335329,0.47380239521,0.829715568862,0.591317365269,0.919910179641,0.430950615054,0.680652979289,低,高,黄金词,False,False,,True,0.0655080858993,0.189385438282,False,False,False,0.430950598802,0.703686377246,黄金词,黄金词,常规CRITIC+一维KMeans
1748,3481,525368335,9811363528,8.14,12,62,0.678333333333,5.16666666667,0.4,0.6,474,0.502994011976,0.168413173653,0.585703592814,0.935254491018,0.866766467066,0.936377245509,0.335703671351,0.81520940849,低,高,黄金词,False,False,,True,0.160755029603,0.323941867484,False,False,False,0.335703592814,0.831025449102,黄金词,黄金词,常规CRITIC+一维KMeans
1749,3486,525368335,9811363528,0.15,1,2,0.15,2,0,1,39,0.00898203592814,0.0108532934132,0.0815868263473,0.744011976048,0.953967065868,0.273952095808,0.00991766423142,0.506846520763,低,高,黄金词,False,False,,True,0.486541036722,0.0155789797561,False,True,True,0.00991766467066,0.513379491018,黄金词,潜力词,常规CRITIC+一维KMeans
1750,3487,525368335,9811363528,5.23,5,4,1.046,0.8,1,0,4,0.409056886228,0.467814371257,0.400449101796,0.225299401198,0.171407185629,0.126122754491,0.43843561495,0.239821754812,低,低,潜力词,False,False,,True,0.0580230860033,0.251445786195,False,False,False,0.438435628743,0.230819610778,潜力词,潜力词,常规CRITIC+一维KMeans
1751,3495,525368335,9811363528,2.74,4,10,0.685,2.5,0.6667,0.3333,226,0.27619760479,0.175898203593,0.354416167665,0.805763473054,0.688622754491,0.799775449102,0.226047927735,0.641274658458,低,高,黄金词,False,False,,True,0.270410773219,0.150007117451,False,False,False,0.226047904192,0.662144461078,黄金词,黄金词,常规CRITIC+一维KMeans
1752,3505,525368335,9811363528,0,0,0,,,,,,,,,,,,,,,,无效词,True,False,,False,,,False,False,False,,,无效词,无效词,结构性无成本无效益，先行归为无效词
1753,3515,525368335,9811363528,2110.21,88,180,23.9796590909,2.04545454545,0.6615,0.3385,152,0.949850299401,0.999251497006,0.863023952096,0.758982035928,0.707335329341,0.695733532934,0.974550886608,0.761285557579,高,高,重点词,False,False,,True,0.478092185654,0.270018016572,False,False,False,0.974550898204,0.756268712575,重点词,重点词,常规CRITIC+一维KMeans
1754,3529,525368335,9811363528,0,0,0,,,,,,,,,,,,,,,,无效词,True,False,,False,,,False,False,False,,,无效词,无效词,结构性无成本无效益，先行归为无效词
1755,3535,525368335,9811363528,9.73,8,21,1.21625,2.625,0.5714,0.4286,157,0.52994011976,0.571107784431,0.504491017964,0.818862275449,0.769835329341,0.705838323353,0.550523942432,0.689526432165,高,高,重点词,False,False,,True,0.0540652414789,0.198258891159,False,False,False,0.550523952096,0.699756736527,重点词,重点词,常规CRITIC+一维KMeans
1756,3541,525368335,9811363528,3.12,4,3,0.78,0.75,0,1,1359,0.304640718563,0.237275449102,0.354416167665,0.197604790419,0.953967065868,0.993263473054,0.270958099645,0.623534647403,低,高,黄金词,False,False,,True,0.225500601309,0.132267106397,False,False,False,0.270958083832,0.624812874251,黄金词,黄金词,常规CRITIC+一维KMeans
1757,3543,525368335,9811363528,0,0,0,,,,,,,,,,,,,,,,无效词,True,False,,False,,,False,False,False,,,无效词,无效词,结构性无成本无效益，先行归为无效词
1758,3544,525368335,9811363528,0.9,1,4,0.9,4,0,1,444,0.0886976047904,0.343562874251,0.0815868263473,0.898577844311,0.953967065868,0.931137724551,0.216130179696,0.683550437017,低,高,黄金词,False,False,,True,0.280328521257,0.192282896011,False,False,False,0.216130239521,0.716317365269,黄金词,黄金词,常规CRITIC+一维KMeans
1759,3566,525368335,9811363528,0,0,0,,,,,,,,,,,,,,,,无效词,True,False,,False,,,False,False,False,,,无效词,无效词,结构性无成本无效益，先行归为无效词
1760,3575,525368335,9811363528,167.95,71,201,2.36549295775,2.83098591549,0.6,0.4,316,0.87125748503,0.899700598802,0.850299401198,0.839820359281,0.748877245509,0.877245508982,0.88547903524,0.82609101349,高,高,重点词,False,False,,True,0.389020334286,0.334823472483,False,False,False,0.885479041916,0.829060628743,重点词,重点词,常规CRITIC+一维KMeans
1761,3586,525368335,9811363528,0,0,0,,,,,,,,,,,,,,,,无效词,True,False,,False,,,False,False,False,,,无效词,无效词,结构性无成本无效益，先行归为无效词
1762,3595,525368335,9811363528,3343.5,420,418,7.96071428571,0.995238095238,0.8,0.2,121,0.964820359281,0.988023952096,0.928892215569,0.300149700599,0.529565868263,0.641092814371,0.976422150242,0.619816533587,高,高,重点词,False,False,,True,0.479963449288,0.128548992581,False,False,False,0.976422155689,0.599925149701,重点词,重点词,常规CRITIC+一维KMeans
1763,3597,525368335,9811363528,44.81,51,65,0.87862745098,1.27450980392,0.8333,0.1667,110,0.770958083832,0.327095808383,0.821107784431,0.576347305389,0.487275449102,0.56998502994,0.549027050296,0.621646998989,高,高,重点词,False,False,,True,0.0525683493425,0.130379457982,False,False,False,0.549026946108,0.613678892216,重点词,重点词,常规CRITIC+一维KMeans
1764,3622,525368335,9811363528,0,0,0,,,,,,,,,,,,,,,,无效词,True,False,,False,,,False,False,False,,,无效词,无效词,结构性无成本无效益，先行归为无效词
1765,3634,525368335,9811363528,1.18,1,0,1.18,0,0,1,0,0.12125748503,0.553143712575,0.0815868263473,0.0265718562874,0.953967065868,0.0310628742515,0.337200497425,0.297623280957,低,低,潜力词,False,False,,True,0.159258203528,0.193644260049,False,False,False,0.337200598802,0.273297155689,潜力词,潜力词,常规CRITIC+一维KMeans
1766,3640,525368335,9811363528,0,0,0,,,,,,,,,,,,,,,,无效词,True,False,,False,,,False,False,False,,,无效词,无效词,结构性无成本无效益，先行归为无效词
1767,3643,525368335,9811363528,3.44,5,4,0.688,0.8,1,0,96,0.314745508982,0.179266467066,0.400449101796,0.225299401198,0.171407185629,0.531437125749,0.247006019825,0.328026021721,低,低,潜力词,False,False,,True,0.249452681129,0.163241519285,False,False,False,0.247005988024,0.332148203593,潜力词,潜力词,常规CRITIC+一维KMeans
1768,3649,525368335,9811363528,33.42,4,3,8.355,0.75,0,1,56,0.733532934132,0.98877245509,0.354416167665,0.197604790419,0.953967065868,0.355164670659,0.861152634698,0.484671974198,高,低,问题词,False,False,,True,0.364693933744,0.00659556680816,False,True,True,0.861152694611,0.465288173653,问题词,问题词,常规CRITIC+一维KMeans
1769,3657,525368335,9811363528,0,0,0,,,,,,,,,,,,,,,,无效词,True,False,,False,,,False,False,False,,,无效词,无效词,结构性无成本无效益，先行归为无效词
1770,3659,525368335,9811363528,0,0,0,,,,,,,,,,,,,,,,无效词,True,False,,False,,,False,False,False,,,无效词,无效词,结构性无成本无效益，先行归为无效词
1771,3663,525368335,9811363528,0,0,0,,,,,,,,,,,,,,,,无效词,True,False,,False,,,False,False,False,,,无效词,无效词,结构性无成本无效益，先行归为无效词
1772,3665,525368335,9811363528,3.95,5,15,0.79,3,0.6667,0.3333,68,0.343937125749,0.241766467066,0.400449101796,0.852170658683,0.688622754491,0.420284431138,0.29285182039,0.582174413622,低,高,黄金词,False,False,,True,0.203606880564,0.0909068726156,False,False,False,0.292851796407,0.590381736527,黄金词,黄金词,常规CRITIC+一维KMeans
1773,3671,525368335,9811363528,0,0,0,,,,,,,,,,,,,,,,无效词,True,False,,False,,,False,False,False,,,无效词,无效词,结构性无成本无效益，先行归为无效词
1774,3673,525368335,9811363528,0.85,1,0,0.85,0,0,1,0,0.0804640718563,0.302769461078,0.0815868263473,0.0265718562874,0.953967065868,0.0310628742515,0.191616714285,0.297623280957,低,低,潜力词,False,False,,True,0.304841986669,0.193644260049,False,False,False,0.191616766467,0.273297155689,潜力词,潜力词,常规CRITIC+一维KMeans
1775,3679,525368335,9811363528,0,0,0,,,,,,,,,,,,,,,,无效词,True,False,,False,,,False,False,False,,,无效词,无效词,结构性无成本无效益，先行归为无效词
1776,3685,525368335,9811363528,0,0,0,,,,,,,,,,,,,,,,无效词,True,False,,False,,,False,False,False,,,无效词,无效词,结构性无成本无效益，先行归为无效词
1777,3692,525368335,9811363528,16.38,15,49,1.092,3.26666666667,0.5,0.5,306,0.625,0.489520958084,0.630988023952,0.864520958084,0.817739520958,0.872754491018,0.557260510843,0.785667237703,高,高,重点词,False,False,,True,0.0608018098895,0.294399696696,False,False,False,0.557260479042,0.796500748503,重点词,重点词,常规CRITIC+一维KMeans
1778,3697,525368335,9811363528,1.28,1,0,1.28,0,0,1,0,0.135104790419,0.608532934132,0.0815868263473,0.0265718562874,0.953967065868,0.0310628742515,0.371818751147,0.297623280957,低,低,潜力词,False,False,,True,0.124639949807,0.193644260049,False,False,False,0.371818862275,0.273297155689,潜力词,潜力词,常规CRITIC+一维KMeans
1779,3698,525368335,9811363528,0,0,0,,,,,,,,,,,,,,,,无效词,True,False,,False,,,False,False,False,,,无效词,无效词,结构性无成本无效益，先行归为无效词
1780,3703,525368335,9811363528,1.28,1,1,1.28,1,1,0,1156,0.135104790419,0.608532934132,0.0815868263473,0.40119760479,0.171407185629,0.989520958084,0.371818751147,0.373439686121,低,低,潜力词,False,False,,True,0.124639949807,0.117827854885,False,False,False,0.371818862275,0.410928143713,潜力词,潜力词,常规CRITIC+一维KMeans
1781,3704,525368335,9811363528,0,0,0,,,,,,,,,,,,,,,,无效词,True,False,,False,,,False,False,False,,,无效词,无效词,结构性无成本无效益，先行归为无效词
1782,3705,525368335,9811363528,0,0,0,,,,,,,,,,,,,,,,无效词,True,False,,False,,,False,False,False,,,无效词,无效词,结构性无成本无效益，先行归为无效词
1783,3716,525368335,9811363528,1.44,1,1,1.44,1,1,0,11,0.155314371257,0.706586826347,0.0815868263473,0.40119760479,0.171407185629,0.175523952096,0.430950469402,0.196298152855,低,低,潜力词,False,False,,True,0.0655082315521,0.294969388152,False,False,False,0.430950598802,0.207428892216,潜力词,潜力词,常规CRITIC+一维KMeans
1784,3733,525368335,9811363528,0.71,1,1,0.71,1,1,0,120,0.060254491018,0.1875,0.0815868263473,0.40119760479,0.171407185629,0.615643712575,0.12387721564,0.292076747393,低,低,潜力词,False,False,,True,0.372581485313,0.199190793613,False,False,False,0.123877245509,0.317458832335,潜力词,潜力词,常规CRITIC+一维KMeans
1785,3742,525368335,9811363528,1.99,2,1,0.995,0.5,1,0,120,0.224925149701,0.428143712575,0.211826347305,0.109281437126,0.171407185629,0.615643712575,0.326534383436,0.266280832028,低,低,潜力词,False,False,,True,0.169924317518,0.224986708979,False,False,False,0.326534431138,0.277039670659,潜力词,潜力词,常规CRITIC+一维KMeans
1786,3749,525368335,9811363528,11.54,14,11,0.824285714286,0.785714285714,1,0,36,0.560628742515,0.272080838323,0.619760479042,0.215568862275,0.171407185629,0.263473053892,0.41635485815,0.33128846095,低,低,潜力词,False,False,,True,0.0801038428033,0.159979080056,False,False,False,0.416354790419,0.31755239521,潜力词,潜力词,常规CRITIC+一维KMeans
1787,3750,525368335,9811363528,0,0,0,,,,,,,,,,,,,,,,无效词,True,False,,False,,,False,False,False,,,无效词,无效词,结构性无成本无效益，先行归为无效词
1788,3759,525368335,9811363528,0.97,1,1,0.97,1,1,0,1,0.101422155689,0.405688622754,0.0815868263473,0.40119760479,0.171407185629,0.0737275449102,0.253555317801,0.174145280648,低,低,潜力词,False,False,,True,0.242903383153,0.317122260358,False,False,False,0.253555389222,0.181979790419,潜力词,潜力词,常规CRITIC+一维KMeans
1789,3760,525368335,9811363528,9.1,17,15,0.535294117647,0.882352941176,0.9286,0.0714,96,0.521332335329,0.100299401198,0.657934131737,0.265718562874,0.375374251497,0.531437125749,0.310815967093,0.467504588723,低,低,潜力词,False,False,,True,0.185642733861,0.0237629522835,False,False,False,0.310815868263,0.457616017964,潜力词,潜力词,常规CRITIC+一维KMeans
1790,3769,525368335,9811363528,4.68,6,12,0.78,2,0.8,0.2,67,0.382110778443,0.235778443114,0.440119760479,0.744011976048,0.529565868263,0.416541916168,0.308944645127,0.525729154631,低,高,黄金词,False,False,,True,0.187514055826,0.0344616136242,False,False,False,0.308944610778,0.53255988024,黄金词,黄金词,常规CRITIC+一维KMeans
1791,3775,525368335,9811363528,4.81,4,6,1.2025,1.5,0.75,0.25,47,0.388473053892,0.562874251497,0.354416167665,0.630613772455,0.591317365269,0.316616766467,0.475673611757,0.471295607017,低,低,潜力词,False,False,,True,0.0207850891964,0.019971933989,False,False,False,0.475673652695,0.473241017964,潜力词,潜力词,常规CRITIC+一维KMeans
1792,3779,525368335,9811363528,2.4,2,0,1.2,0,0,1,0,0.25374251497,0.562125748503,0.211826347305,0.0265718562874,0.953967065868,0.0310628742515,0.407934059349,0.335450397115,低,低,潜力词,False,False,,True,0.0885246416043,0.155817143892,False,False,False,0.407934131737,0.305857035928,潜力词,潜力词,常规CRITIC+一维KMeans
1793,3814,525368335,9811363528,0,0,0,,,,,,,,,,,,,,,,无效词,True,False,,False,,,False,False,False,,,无效词,无效词,结构性无成本无效益，先行归为无效词
1794,3819,525368335,9811363528,0,0,0,,,,,,,,,,,,,,,,无效词,True,False,,False,,,False,False,False,,,无效词,无效词,结构性无成本无效益，先行归为无效词
1795,3821,525368335,9811363528,0,0,0,,,,,,,,,,,,,,,,无效词,True,False,,False,,,False,False,False,,,无效词,无效词,结构性无成本无效益，先行归为无效词
1796,3835,525368335,9811363528,0,0,0,,,,,,,,,,,,,,,,无效词,True,False,,False,,,False,False,False,,,无效词,无效词,结构性无成本无效益，先行归为无效词
1797,3843,525368335,9811363528,6.63,5,13,1.326,2.6,0.4,0.6,74,0.462949101796,0.639595808383,0.400449101796,0.818113772455,0.866766467066,0.446107784431,0.551272413625,0.62918067424,高,高,重点词,False,False,,True,0.0548137126717,0.137913133234,False,False,False,0.55127245509,0.632859281437,重点词,重点词,常规CRITIC+一维KMeans
1798,3844,525368335,9811363528,0,0,0,,,,,,,,,,,,,,,,无效词,True,False,,False,,,False,False,False,,,无效词,无效词,结构性无成本无效益，先行归为无效词
1799,3857,525368335,9811363528,0,0,0,,,,,,,,,,,,,,,,无效词,True,False,,False,,,False,False,False,,,无效词,无效词,结构性无成本无效益，先行归为无效词
1800,3865,525368335,9811363528,0,0,0,,,,,,,,,,,,,,,,无效词,True,False,,False,,,False,False,False,,,无效词,无效词,结构性无成本无效益，先行归为无效词
1801,3893,525368335,9811363528,0,0,0,,,,,,,,,,,,,,,,无效词,True,False,,False,,,False,False,False,,,无效词,无效词,结构性无成本无效益，先行归为无效词
1802,3907,525368335,9811363528,0,0,0,,,,,,,,,,,,,,,,无效词,True,False,,False,,,False,False,False,,,无效词,无效词,结构性无成本无效益，先行归为无效词
1803,3916,525368335,9811363528,0.58,1,0,0.58,0,0,1,0,0.0471556886228,0.117140718563,0.0815868263473,0.0265718562874,0.953967065868,0.0310628742515,0.0821481871651,0.297623280957,低,低,潜力词,False,False,,True,0.414310513788,0.193644260049,False,False,False,0.0821482035928,0.273297155689,潜力词,潜力词,常规CRITIC+一维KMeans
1804,3921,525368335,9811363528,0,0,0,,,,,,,,,,,,,,,,无效词,True,False,,False,,,False,False,False,,,无效词,无效词,结构性无成本无效益，先行归为无效词
1805,3923,525368335,9811363528,316.24,20,94,15.812,4.7,0.5263,0.4737,244,0.899700598802,0.995508982036,0.68375748503,0.916167664671,0.791916167665,0.820733532934,0.94760476793,0.793854059368,高,高,重点词,False,False,,True,0.451146066976,0.302586518361,False,False,False,0.947604790419,0.803143712575,重点词,重点词,常规CRITIC+一维KMeans
1806,3924,525368335,9811363528,4.53,6,21,0.755,3.5,0.5,0.5,246,0.374251497006,0.22005988024,0.440119760479,0.876497005988,0.817739520958,0.823353293413,0.297155724816,0.722090463864,低,高,黄金词,False,False,,True,0.199302976137,0.230822922857,False,False,False,0.297155688623,0.73942739521,黄金词,黄金词,常规CRITIC+一维KMeans
1807,3934,525368335,9811363528,4.48,4,6,1.12,1.5,0.6667,0.3333,131,0.372005988024,0.511601796407,0.354416167665,0.630613772455,0.688622754491,0.663173652695,0.441803859448,0.573373639708,低,高,黄金词,False,False,,True,0.0546548415055,0.0821060987019,False,False,False,0.441803892216,0.584206586826,黄金词,黄金词,常规CRITIC+一维KMeans
1808,3936,525368335,9811363528,155.23,28,51,5.54392857143,1.82142857143,0.8696,0.1304,72,0.864520958084,0.969311377246,0.745883233533,0.696856287425,0.446107784431,0.436377245509,0.916916143067,0.585708369517,高,高,重点词,False,False,,True,0.420457442113,0.0944408285103,False,False,False,0.916916167665,0.581306137725,重点词,重点词,常规CRITIC+一维KMeans
1809,3949,525368335,9811363528,13.87,13,6,1.06692307692,0.461538461538,1,0,124,0.596556886228,0.476047904192,0.605164670659,0.0920658682635,0.171407185629,0.646332335329,0.536302423497,0.383449382683,高,低,问题词,False,False,,True,0.0398437225432,0.107818158323,False,False,False,0.53630239521,0.37874251497,问题词,问题词,常规CRITIC+一维KMeans
1810,3951,525368335,9811363528,4.31,1,0,4.31,0,0,1,0,0.36377245509,0.955089820359,0.0815868263473,0.0265718562874,0.953967065868,0.0310628742515,0.659430998924,0.297623280957,高,低,问题词,False,False,,True,0.16297229797,0.193644260049,False,False,False,0.659431137725,0.273297155689,问题词,问题词,常规CRITIC+一维KMeans
1811,3964,525368335,9811363528,0,0,0,,,,,,,,,,,,,,,,无效词,True,False,,False,,,False,False,False,,,无效词,无效词,结构性无成本无效益，先行归为无效词
1812,3968,525368335,9811363528,0,0,0,,,,,,,,,,,,,,,,无效词,True,False,,False,,,False,False,False,,,无效词,无效词,结构性无成本无效益，先行归为无效词
1813,3973,525368335,9811363528,0,0,0,,,,,,,,,,,,,,,,无效词,True,False,,False,,,False,False,False,,,无效词,无效词,结构性无成本无效益，先行归为无效词
1814,3979,525368335,9811363528,1.82,1,1,1.82,1,1,0,0,0.202095808383,0.838323353293,0.0815868263473,0.40119760479,0.171407185629,0.0310628742515,0.520209431496,0.164860620974,高,低,问题词,False,False,,True,0.0237507305423,0.326406920033,False,False,False,0.520209580838,0.171313622754,问题词,问题词,常规CRITIC+一维KMeans
1815,3989,525368335,9811363528,0,0,0,,,,,,,,,,,,,,,,无效词,True,False,,False,,,False,False,False,,,无效词,无效词,结构性无成本无效益，先行归为无效词
1816,3991,525368335,9811363528,10.09,7,9,1.44142857143,1.28571428571,0.6,0.4,38,0.536676646707,0.708083832335,0.47380239521,0.579715568862,0.748877245509,0.269461077844,0.622380199286,0.527784781564,高,高,重点词,False,False,,True,0.125921498333,0.0365172405581,False,False,False,0.622380239521,0.517964071856,重点词,重点词,常规CRITIC+一维KMeans
1817,3996,525368335,9811363528,1.7,6,5,0.283333333333,0.833333333333,0.75,0.25,569,0.187125748503,0.0336826347305,0.440119760479,0.244386227545,0.591317365269,0.955464071856,0.110404227635,0.551034985814,低,高,黄金词,False,False,,True,0.386054473319,0.0597674448071,False,False,False,0.110404191617,0.557821856287,黄金词,黄金词,常规CRITIC+一维KMeans
1818,4005,525368335,9811363528,3.61,1,1,3.61,1,1,0,922,0.328218562874,0.946107784431,0.0815868263473,0.40119760479,0.171407185629,0.985778443114,0.637163028615,0.37262524229,高,低,问题词,False,False,,True,0.140704327661,0.118642298716,False,False,False,0.637163173653,0.40999251497,问题词,问题词,常规CRITIC+一维KMeans
1819,4012,525368335,9811363528,1.78,5,4,0.356,0.8,0.6667,0.3333,82,0.194236526946,0.0501497005988,0.400449101796,0.225299401198,0.688622754491,0.477919161677,0.122193147594,0.458090466825,低,低,潜力词,False,False,,True,0.374265553359,0.0331770741815,False,False,False,0.122193113772,0.44807260479,潜力词,潜力词,常规CRITIC+一维KMeans
1820,4015,525368335,9811363528,0,0,0,,,,,,,,,,,,,,,,无效词,True,False,,False,,,False,False,False,,,无效词,无效词,结构性无成本无效益，先行归为无效词
1821,4020,525368335,9811363528,0,0,0,,,,,,,,,,,,,,,,无效词,True,False,,False,,,False,False,False,,,无效词,无效词,结构性无成本无效益，先行归为无效词
1822,4025,525368335,9811363528,4371.61,319,1051,13.7041065831,3.29467084639,0.5397,0.4603,264,0.971556886228,0.994760479042,0.921407185629,0.866017964072,0.785928143713,0.843562874251,0.983158677188,0.855275025079,高,高,重点词,False,False,,True,0.486699976235,0.364007484072,False,False,False,0.983158682635,0.854229041916,重点词,重点词,常规CRITIC+一维KMeans
1823,4026,525368335,9811363528,0,0,0,,,,,,,,,,,,,,,,无效词,True,False,,False,,,False,False,False,,,无效词,无效词,结构性无成本无效益，先行归为无效词
1824,4032,525368335,9811363528,11.18,11,52,1.01636363636,4.72727272727,0.2727,0.7273,252,0.556886227545,0.446107784431,0.567739520958,0.917664670659,0.891841317365,0.829715568862,0.501497031991,0.789816745064,高,高,重点词,False,False,,True,0.00503833103756,0.298549204057,True,False,True,0.501497005988,0.801740269461,重点词,黄金词,常规CRITIC+一维KMeans
1825,4039,525368335,9811363528,1.21,2,2,0.605,1,1,0,29,0.124251497006,0.133982035928,0.211826347305,0.40119760479,0.171407185629,0.237275449102,0.129116764183,0.247563592225,低,低,潜力词,False,False,,True,0.367341936771,0.243703948781,False,False,False,0.129116766467,0.255426646707,潜力词,潜力词,常规CRITIC+一维KMeans
1826,4041,525368335,9811363528,0.78,1,2,0.78,2,0,1,15,0.0692365269461,0.237275449102,0.0815868263473,0.744011976048,0.953967065868,0.190868263473,0.15325594858,0.488765867712,低,低,潜力词,False,False,,True,0.343202752374,0.00250167329461,False,True,True,0.153255988024,0.492608532934,潜力词,潜力词,常规CRITIC+一维KMeans
1827,4042,525368335,9811363528,1.73,7,20,0.247142857143,2.85714285714,0.25,0.75,350,0.190494011976,0.0299401197605,0.47380239521,0.841317365269,0.896706586826,0.896706586826,0.110217103555,0.761805095533,低,高,黄金词,False,False,,True,0.386241597398,0.270537554526,False,False,False,0.110217065868,0.777133233533,黄金词,黄金词,常规CRITIC+一维KMeans
1828,4045,525368335,9811363528,2116.51,24,117,88.1879166667,4.875,0.5714,0.4286,341,0.950598802395,1,0.715194610778,0.922904191617,0.769835329341,0.891841317365,0.975299389602,0.813877508782,高,高,重点词,False,False,,True,0.478840688648,0.322609967776,False,False,False,0.975299401198,0.824943862275,重点词,重点词,常规CRITIC+一维KMeans
1829,4051,525368335,9811363528,0,0,0,,,,,,,,,,,,,,,,无效词,True,False,,False,,,False,False,False,,,无效词,无效词,结构性无成本无效益，先行归为无效词
1830,4053,525368335,9811363528,223,37,100,6.02702702703,2.7027027027,0.7333,0.2667,287,0.887724550898,0.974550898204,0.776946107784,0.827095808383,0.618263473054,0.858158682635,0.93113770417,0.762072471055,高,高,重点词,False,False,,True,0.434679003216,0.270804930048,False,False,False,0.931137724551,0.770116017964,重点词,重点词,常规CRITIC+一维KMeans
1831,4082,525368335,9811363528,0,0,0,,,,,,,,,,,,,,,,无效词,True,False,,False,,,False,False,False,,,无效词,无效词,结构性无成本无效益，先行归为无效词
1832,4089,525368335,9811363528,0,0,0,,,,,,,,,,,,,,,,无效词,True,False,,False,,,False,False,False,,,无效词,无效词,结构性无成本无效益，先行归为无效词
1833,4090,525368335,9811363528,15.57,18,15,0.865,0.833333333333,0.8182,0.1818,59,0.619760479042,0.315119760479,0.670658682635,0.244386227545,0.507859281437,0.366766467066,0.467440191269,0.467014779852,低,低,潜力词,False,False,,True,0.0290185096845,0.0242527611543,False,False,False,0.46744011976,0.447417664671,潜力词,潜力词,常规CRITIC+一维KMeans
1834,4091,525368335,9811363528,44.79,64,337,0.69984375,5.265625,0.4,0.6,581,0.770209580838,0.184131736527,0.842065868263,0.940119760479,0.866766467066,0.956586826347,0.477170796253,0.895126336646,低,高,黄金词,False,False,,True,0.0192879047002,0.403858795639,False,False,False,0.477170658683,0.901384730539,黄金词,黄金词,常规CRITIC+一维KMeans
1835,4106,525368335,9811363528,0,0,0,,,,,,,,,,,,,,,,无效词,True,False,,False,,,False,False,False,,,无效词,无效词,结构性无成本无效益，先行归为无效词
1836,4108,525368335,9811363528,2.36,3,2,0.786666666667,0.666666666667,0,1,82,0.25,0.241017964072,0.294161676647,0.161676646707,0.953967065868,0.477919161677,0.245508984144,0.486054728749,低,低,潜力词,False,False,,True,0.250949716809,0.00521281225767,False,True,True,0.245508982036,0.471931137725,潜力词,潜力词,常规CRITIC+一维KMeans
1837,4111,525368335,9811363528,0.54,1,1,0.54,1,1,0,120,0.0441616766467,0.101796407186,0.0815868263473,0.40119760479,0.171407185629,0.615643712575,0.0729790283875,0.292076747393,低,低,潜力词,False,False,,True,0.423479672566,0.199190793613,False,False,False,0.0729790419162,0.317458832335,潜力词,潜力词,常规CRITIC+一维KMeans
1838,4152,525368335,9811363528,0,0,0,,,,,,,,,,,,,,,,无效词,True,False,,False,,,False,False,False,,,无效词,无效词,结构性无成本无效益，先行归为无效词
1839,4153,525368335,9811363528,0,0,0,,,,,,,,,,,,,,,,无效词,True,False,,False,,,False,False,False,,,无效词,无效词,结构性无成本无效益，先行归为无效词
1840,4158,525368335,9811363528,4.79,3,3,1.59666666667,1,1,0,312,0.386976047904,0.77994011976,0.294161676647,0.40119760479,0.171407185629,0.875,0.583457991591,0.41025851517,高,低,问题词,False,False,,True,0.0869992906378,0.0810090258369,False,False,False,0.583458083832,0.435441616766,问题词,问题词,常规CRITIC+一维KMeans
1841,4162,525368335,9811363528,0,0,0,,,,,,,,,,,,,,,,无效词,True,False,,False,,,False,False,False,,,无效词,无效词,结构性无成本无效益，先行归为无效词
1842,4163,525368335,9811363528,1.26,1,0,1.26,0,0,1,0,0.130239520958,0.592065868263,0.0815868263473,0.0265718562874,0.953967065868,0.0310628742515,0.361152586206,0.297623280957,低,低,潜力词,False,False,,True,0.135306114748,0.193644260049,False,False,False,0.361152694611,0.273297155689,潜力词,潜力词,常规CRITIC+一维KMeans
1843,4171,525368335,9811363528,5.91,6,7,0.985,1.16666666667,0.75,0.25,258,0.4375,0.415793413174,0.440119760479,0.543038922156,0.591317365269,0.836077844311,0.426646711682,0.590145482928,低,高,黄金词,False,False,,True,0.0698119892716,0.098877941922,False,False,False,0.426646706587,0.602638473054,黄金词,黄金词,常规CRITIC+一维KMeans
1844,4184,525368335,9811363528,0,0,0,,,,,,,,,,,,,,,,无效词,True,False,,False,,,False,False,False,,,无效词,无效词,结构性无成本无效益，先行归为无效词
1845,4189,525368335,9811363528,8.85,8,19,1.10625,2.375,0.3333,0.6667,77,0.51497005988,0.5,0.504491017964,0.790419161677,0.883607784431,0.459206586826,0.507485033454,0.660827733116,高,高,重点词,False,False,,True,0.0110263325004,0.169560192109,True,False,True,0.50748502994,0.659431137725,重点词,重点词,常规CRITIC+一维KMeans
1846,4199,525368335,9811363528,0,0,0,,,,,,,,,,,,,,,,无效词,True,False,,False,,,False,False,False,,,无效词,无效词,结构性无成本无效益，先行归为无效词
1847,4202,525368335,9811363528,1.12,1,0,1.12,0,0,1,0,0.117140718563,0.511601796407,0.0815868263473,0.0265718562874,0.953967065868,0.0310628742515,0.314371164893,0.297623280957,低,低,潜力词,False,False,,True,0.182087536061,0.193644260049,False,False,False,0.314371257485,0.273297155689,潜力词,潜力词,常规CRITIC+一维KMeans
1848,4210,525368335,9811363528,13.71,12,18,1.1425,1.5,0.75,0.25,130,0.59505988024,0.530688622754,0.585703592814,0.630613772455,0.591317365269,0.66130239521,0.562874266607,0.613481624625,高,高,重点词,False,False,,True,0.0664155656533,0.122214083619,False,False,False,0.562874251497,0.617234281437,重点词,重点词,常规CRITIC+一维KMeans
1849,4212,525368335,9811363528,37.2,30,81,1.24,2.7,0.6667,0.3333,242,0.750748502994,0.580464071856,0.75374251497,0.825224550898,0.688622754491,0.818488023952,0.665606327396,0.765569829543,高,高,重点词,False,False,,True,0.169147626443,0.274302288536,False,False,False,0.665606287425,0.771519461078,重点词,重点词,常规CRITIC+一维KMeans
1850,4224,525368335,9811363528,0,0,0,,,,,,,,,,,,,,,,无效词,True,False,,False,,,False,False,False,,,无效词,无效词,结构性无成本无效益，先行归为无效词
1851,4236,525368335,9811363528,0,0,0,,,,,,,,,,,,,,,,无效词,True,False,,False,,,False,False,False,,,无效词,无效词,结构性无成本无效益，先行归为无效词
1852,4248,525368335,9811363528,0,0,0,,,,,,,,,,,,,,,,无效词,True,False,,False,,,False,False,False,,,无效词,无效词,结构性无成本无效益，先行归为无效词
1853,4249,525368335,9811363528,0,0,0,,,,,,,,,,,,,,,,无效词,True,False,,False,,,False,False,False,,,无效词,无效词,结构性无成本无效益，先行归为无效词
1854,4251,525368335,9811363528,2.47,4,2,0.6175,0.5,1,0,90,0.256736526946,0.141467065868,0.354416167665,0.109281437126,0.171407185629,0.510104790419,0.199101823465,0.284727686266,低,低,潜力词,False,False,,True,0.297356877489,0.20653985474,False,False,False,0.199101796407,0.28630239521,潜力词,潜力词,常规CRITIC+一维KMeans
1855,4254,525368335,9811363528,0.93,3,1,0.31,0.333333333333,1,0,120,0.0954341317365,0.0396706586826,0.294161676647,0.0774700598802,0.171407185629,0.615643712575,0.067552408299,0.283261247074,低,低,潜力词,False,False,,True,0.428906292655,0.208006293932,False,False,False,0.0675523952096,0.289670658683,潜力词,潜力词,常规CRITIC+一维KMeans
1856,4255,525368335,9811363528,7.61,25,149,0.3044,5.96,0.381,0.619,369,0.491766467066,0.0366766467066,0.720808383234,0.952095808383,0.872754491018,0.90119760479,0.26422166371,0.852105042313,低,高,黄金词,False,False,,True,0.232237037244,0.360837501307,False,False,False,0.264221556886,0.861714071856,黄金词,黄金词,常规CRITIC+一维KMeans
1857,4260,525368335,9811363528,362.82,62,58,5.85193548387,0.935483870968,0.913,0.087,49,0.902694610778,0.972305389222,0.83869760479,0.285928143713,0.394835329341,0.324850299401,0.93749998366,0.484785495905,高,低,问题词,False,False,,True,0.441041282707,0.0064820451018,False,True,True,0.9375,0.461077844311,问题词,问题词,常规CRITIC+一维KMeans
1858,4261,525368335,9811363528,12.22,54,9,0.226296296296,0.166666666667,1,0,54,0.570733532934,0.0261976047904,0.827844311377,0.0583832335329,0.171407185629,0.345434131737,0.298465696682,0.37530265238,低,低,潜力词,False,False,,True,0.197993004272,0.115964888626,False,False,False,0.298465568862,0.350767215569,潜力词,潜力词,常规CRITIC+一维KMeans
1859,4264,525368335,9811363528,0.15,1,1,0.15,1,1,0,2,0.00898203592814,0.0108532934132,0.0815868263473,0.40119760479,0.171407185629,0.0943113772455,0.00991766423142,0.178624721719,低,低,潜力词,False,False,,True,0.486541036722,0.312642819287,False,False,False,0.00991766467066,0.187125748503,潜力词,潜力词,常规CRITIC+一维KMeans
1860,4269,525368335,9811363528,0,0,0,,,,,,,,,,,,,,,,无效词,True,False,,False,,,False,False,False,,,无效词,无效词,结构性无成本无效益，先行归为无效词
1861,4288,525368335,9811363528,0,0,0,,,,,,,,,,,,,,,,无效词,True,False,,False,,,False,False,False,,,无效词,无效词,结构性无成本无效益，先行归为无效词
1862,4289,525368335,9811363528,1.5,1,0,1.5,0,0,1,0,0.167290419162,0.741017964072,0.0815868263473,0.0265718562874,0.953967065868,0.0310628742515,0.454154056945,0.297623280957,低,低,潜力词,False,False,,True,0.0423046440086,0.193644260049,False,False,False,0.454154191617,0.273297155689,潜力词,潜力词,常规CRITIC+一维KMeans
1863,4290,525368335,9811363528,0,0,0,,,,,,,,,,,,,,,,无效词,True,False,,False,,,False,False,False,,,无效词,无效词,结构性无成本无效益，先行归为无效词
1864,4292,525368335,9811363528,3.3,3,2,1.1,0.666666666667,1,0,61,0.309131736527,0.494760479042,0.294161676647,0.161676646707,0.171407185629,0.377994011976,0.401946064212,0.249896861353,低,低,潜力词,False,False,,True,0.094512636742,0.241370679653,False,False,False,0.401946107784,0.25130988024,潜力词,潜力词,常规CRITIC+一维KMeans
1865,4296,525368335,9811363528,0,0,0,,,,,,,,,,,,,,,,无效词,True,False,,False,,,False,False,False,,,无效词,无效词,结构性无成本无效益，先行归为无效词
1866,4307,525368335,9811363528,1.92,2,10,0.96,5,0,1,71,0.215568862275,0.396332335329,0.211826347305,0.927769461078,0.953967065868,0.431137724551,0.305950556372,0.618930160491,低,高,黄金词,False,False,,True,0.190508144582,0.127662619484,False,False,False,0.305950598802,0.631175149701,黄金词,黄金词,常规CRITIC+一维KMeans
1867,4323,525368335,9811363528,5.2,5,4,1.04,0.8,1,0,104,0.406062874251,0.462574850299,0.400449101796,0.225299401198,0.171407185629,0.556137724551,0.43431884901,0.333401351007,低,低,潜力词,False,False,,True,0.0621398519433,0.15786619,False,False,False,0.434318862275,0.338323353293,潜力词,潜力词,常规CRITIC+一维KMeans
1868,4333,525368335,9811363528,3.45,2,3,1.725,1.5,0.5,0.5,66,0.31624251497,0.819236526946,0.211826347305,0.630613772455,0.817739520958,0.413922155689,0.56773940289,0.513093987995,高,高,重点词,False,False,,True,0.0712807019361,0.0218264469885,False,False,False,0.567739520958,0.518525449102,重点词,重点词,常规CRITIC+一维KMeans
1869,4340,525368335,9811363528,0,0,0,,,,,,,,,,,,,,,,无效词,True,False,,False,,,False,False,False,,,无效词,无效词,结构性无成本无效益，先行归为无效词
1870,4352,525368335,9811363528,29.26,39,434,0.750256410256,11.1282051282,0.2927,0.7073,677,0.719685628743,0.217814371257,0.78255988024,0.990269461078,0.88997005988,0.973053892216,0.468750117805,0.898714433049,低,高,黄金词,False,False,,True,0.0277085831488,0.407446892043,False,False,False,0.46875,0.908963323353,黄金词,黄金词,常规CRITIC+一维KMeans
1871,4366,525368335,9811363528,1.82,3,4,0.606666666667,1.33333333333,0.6667,0.3333,76,0.202095808383,0.135479041916,0.294161676647,0.590194610778,0.688622754491,0.452844311377,0.168787440787,0.50129207742,低,高,黄金词,False,False,,True,0.327671260167,0.0100245364138,False,True,True,0.16878742515,0.506455838323,黄金词,潜力词,常规CRITIC+一维KMeans
1872,4376,525368335,9811363528,0,0,0,,,,,,,,,,,,,,,,无效词,True,False,,False,,,False,False,False,,,无效词,无效词,结构性无成本无效益，先行归为无效词
1873,4378,525368335,9811363528,23.08,17,38,1.35764705882,2.23529411765,0.5882,0.4118,87,0.687125748503,0.660179640719,0.657934131737,0.77619760479,0.756736526946,0.501497005988,0.673652700936,0.676736560152,高,高,重点词,False,False,,True,0.177193999982,0.185469019146,False,False,False,0.673652694611,0.673091317365,重点词,重点词,常规CRITIC+一维KMeans
1874,4379,525368335,9811363528,4.62,5,6,0.924,1.2,0.8,0.2,33,0.378368263473,0.366766467066,0.400449101796,0.552020958084,0.529565868263,0.253368263473,0.372567367993,0.436852972547,低,低,潜力词,False,False,,True,0.123891332961,0.0544145684597,False,False,False,0.372567365269,0.433851047904,潜力词,潜力词,常规CRITIC+一维KMeans
1875,4387,525368335,9811363528,0,0,0,,,,,,,,,,,,,,,,无效词,True,False,,False,,,False,False,False,,,无效词,无效词,结构性无成本无效益，先行归为无效词
1876,4390,525368335,9811363528,0,0,0,,,,,,,,,,,,,,,,无效词,True,False,,False,,,False,False,False,,,无效词,无效词,结构性无成本无效益，先行归为无效词
1877,4393,525368335,9811363528,3.55,2,4,1.775,2,0,1,62,0.325598802395,0.826721556886,0.211826347305,0.744011976048,0.953967065868,0.388098802395,0.576160062012,0.569514173769,高,高,重点词,False,False,,True,0.079701361058,0.0782466327625,False,False,False,0.576160179641,0.574476047904,重点词,重点词,常规CRITIC+一维KMeans
1878,4397,525368335,9811363528,15.91,19,10,0.837368421053,0.526315789474,1,0,58,0.62125748503,0.288173652695,0.678892215569,0.126497005988,0.171407185629,0.363023952096,0.454715647047,0.350713865769,低,低,潜力词,False,False,,True,0.0417430539062,0.140553675238,False,False,False,0.454715568862,0.33495508982,潜力词,潜力词,常规CRITIC+一维KMeans
1879,4399,525368335,9811363528,2.49,5,7,0.498,1.4,0.75,0.25,62,0.260479041916,0.0905688622754,0.400449101796,0.605538922156,0.591317365269,0.388098802395,0.175523991979,0.494756357907,低,高,黄金词,False,False,,True,0.320934708975,0.00348881690015,False,True,True,0.175523952096,0.496351047904,潜力词,潜力词,常规CRITIC+一维KMeans
1880,4418,525368335,9811363528,10.74,8,16,1.3425,2,0.75,0.25,39,0.549775449102,0.648577844311,0.504491017964,0.744011976048,0.591317365269,0.273952095808,0.599176623515,0.530314190519,高,高,重点词,False,False,,True,0.102717922561,0.0390466495122,False,False,False,0.599176646707,0.528443113772,重点词,重点词,常规CRITIC+一维KMeans
1881,4420,525368335,9811363528,1.53,1,1,1.53,1,1,0,0,0.171032934132,0.754116766467,0.0815868263473,0.40119760479,0.171407185629,0.0310628742515,0.462574713431,0.164860620974,低,低,潜力词,False,False,,True,0.0338839875222,0.326406920033,False,False,False,0.462574850299,0.171313622754,潜力词,潜力词,常规CRITIC+一维KMeans
1882,4422,525368335,9811363528,0,0,0,,,,,,,,,,,,,,,,无效词,True,False,,False,,,False,False,False,,,无效词,无效词,结构性无成本无效益，先行归为无效词
1883,4437,525368335,9811363528,129.39,89,223,1.45382022472,2.50561797753,0.5616,0.4384,213,0.857784431138,0.715568862275,0.864520958084,0.808383233533,0.778443113772,0.791167664671,0.786676680089,0.812738342148,高,高,重点词,False,False,,True,0.290217979135,0.321470801141,False,False,False,0.786676646707,0.810628742515,重点词,重点词,常规CRITIC+一维KMeans
1884,4438,525368335,9811363528,0,0,0,,,,,,,,,,,,,,,,无效词,True,False,,False,,,False,False,False,,,无效词,无效词,结构性无成本无效益，先行归为无效词
1885,4442,525368335,9811363528,0,0,0,,,,,,,,,,,,,,,,无效词,True,False,,False,,,False,False,False,,,无效词,无效词,结构性无成本无效益，先行归为无效词
1886,4443,525368335,9811363528,1.39,1,1,1.39,1,1,0,1,0.150823353293,0.674775449102,0.0815868263473,0.40119760479,0.171407185629,0.0737275449102,0.41279927821,0.174145280648,低,低,潜力词,False,False,,True,0.0836594227439,0.317122260358,False,False,False,0.412799401198,0.181979790419,潜力词,潜力词,常规CRITIC+一维KMeans
1887,4447,525368335,9811363528,0,0,0,,,,,,,,,,,,,,,,无效词,True,False,,False,,,False,False,False,,,无效词,无效词,结构性无成本无效益，先行归为无效词
1888,4453,525368335,9811363528,0,0,0,,,,,,,,,,,,,,,,无效词,True,False,,False,,,False,False,False,,,无效词,无效词,结构性无成本无效益，先行归为无效词
1889,4463,525368335,9811363528,0,0,0,,,,,,,,,,,,,,,,无效词,True,False,,False,,,False,False,False,,,无效词,无效词,结构性无成本无效益，先行归为无效词
1890,4465,525368335,9811363528,0,0,0,,,,,,,,,,,,,,,,无效词,True,False,,False,,,False,False,False,,,无效词,无效词,结构性无成本无效益，先行归为无效词
1891,4476,525368335,9811363528,2.68,4,2,0.67,0.5,1,0,120,0.269835329341,0.16504491018,0.354416167665,0.109281437126,0.171407185629,0.615643712575,0.217440144358,0.307695002304,低,低,潜力词,False,False,,True,0.279018556596,0.183572538703,False,False,False,0.21744011976,0.312687125749,潜力词,潜力词,常规CRITIC+一维KMeans
1892,4479,525368335,9811363528,18.44,21,23,0.878095238095,1.09523809524,0.9444,0.0556,53,0.64745508982,0.326347305389,0.692739520958,0.525449101796,0.363398203593,0.339446107784,0.486901272979,0.489159478858,低,低,潜力词,False,False,,True,0.00955742797482,0.00210806214831,True,True,True,0.486901197605,0.480258233533,潜力词,潜力词,常规CRITIC+一维KMeans
1893,4480,525368335,9811363528,3.63,3,11,1.21,3.66666666667,0.5,0.5,596,0.329715568862,0.568113772455,0.294161676647,0.882110778443,0.817739520958,0.959206586826,0.448914614699,0.710485837007,低,高,黄金词,False,False,,True,0.0475440862544,0.219218296001,False,False,False,0.448914670659,0.738304640719,黄金词,黄金词,常规CRITIC+一维KMeans
1894,4483,525368335,9811363528,0,0,0,,,,,,,,,,,,,,,,无效词,True,False,,False,,,False,False,False,,,无效词,无效词,结构性无成本无效益，先行归为无效词
1895,4494,525368335,9811363528,0,0,0,,,,,,,,,,,,,,,,无效词,True,False,,False,,,False,False,False,,,无效词,无效词,结构性无成本无效益，先行归为无效词
1896,4508,525368335,9811363528,0,0,0,,,,,,,,,,,,,,,,无效词,True,False,,False,,,False,False,False,,,无效词,无效词,结构性无成本无效益，先行归为无效词
1897,4519,525368335,9811363528,5.33,8,9,0.66625,1.125,0.6,0.4,50,0.411676646707,0.161676646707,0.504491017964,0.534805389222,0.748877245509,0.329341317365,0.286676705389,0.539941010158,低,高,黄金词,False,False,,True,0.209781995564,0.0486734691512,False,False,False,0.286676646707,0.529378742515,黄金词,黄金词,常规CRITIC+一维KMeans
1898,4526,525368335,9811363528,0,0,0,,,,,,,,,,,,,,,,无效词,True,False,,False,,,False,False,False,,,无效词,无效词,结构性无成本无效益，先行归为无效词
1899,4529,525368335,9811363528,8.37,7,5,1.19571428571,0.714285714286,1,0,73,0.506736526946,0.559880239521,0.47380239521,0.180763473054,0.171407185629,0.442365269461,0.533308370759,0.320240595325,高,低,问题词,False,False,,True,0.0368496698054,0.171026945681,False,False,False,0.533308383234,0.317084580838,问题词,问题词,常规CRITIC+一维KMeans
1900,4530,525368335,9811363528,0,0,0,,,,,,,,,,,,,,,,无效词,True,False,,False,,,False,False,False,,,无效词,无效词,结构性无成本无效益，先行归为无效词
1901,4541,525368335,9811363528,1.13,1,1,1.13,1,1,0,41,0.118263473054,0.519835329341,0.0815868263473,0.40119760479,0.171407185629,0.283682634731,0.319049306936,0.219835579574,低,低,潜力词,False,False,,True,0.177409394017,0.271431961433,False,False,False,0.319049401198,0.234468562874,潜力词,潜力词,常规CRITIC+一维KMeans
1902,4544,525368335,9811363528,1.61,2,3,0.805,1.5,0.5,0.5,13,0.177395209581,0.252619760479,0.211826347305,0.630613772455,0.817739520958,0.183008982036,0.215007467372,0.462842803615,低,低,潜力词,False,False,,True,0.281451233581,0.0284247373912,False,False,False,0.21500748503,0.460797155689,潜力词,潜力词,常规CRITIC+一维KMeans
1903,4545,525368335,9811363528,0,0,0,,,,,,,,,,,,,,,,无效词,True,False,,False,,,False,False,False,,,无效词,无效词,结构性无成本无效益，先行归为无效词
1904,4549,525368335,9811363528,3.28,2,65,1.64,32.5,0.5,0.5,3529,0.308383233533,0.794161676647,0.211826347305,0.997754491018,0.817739520958,0.999251497006,0.551272341062,0.720491200519,高,高,重点词,False,False,,True,0.0548136401088,0.229223659513,False,False,False,0.55127245509,0.756642964072,重点词,重点词,常规CRITIC+一维KMeans
1905,4550,525368335,9811363528,3.97,3,2,1.32333333333,0.666666666667,1,0,62,0.34505988024,0.637724550898,0.294161676647,0.161676646707,0.171407185629,0.388098802395,0.491392146871,0.252095859697,低,低,潜力词,False,False,,True,0.00506655408229,0.239171681309,True,False,True,0.491392215569,0.253836077844,潜力词,潜力词,常规CRITIC+一维KMeans
1906,4556,525368335,9811363528,0,0,0,,,,,,,,,,,,,,,,无效词,True,False,,False,,,False,False,False,,,无效词,无效词,结构性无成本无效益，先行归为无效词
1907,4557,525368335,9811363528,0.52,1,1,0.52,1,1,0,120,0.0426646706587,0.0961826347305,0.0815868263473,0.40119760479,0.171407185629,0.615643712575,0.0694236401323,0.292076747393,低,低,潜力词,False,False,,True,0.427035060821,0.199190793613,False,False,False,0.0694236526946,0.317458832335,潜力词,潜力词,常规CRITIC+一维KMeans
1908,4573,525368335,9811363528,0,0,0,,,,,,,,,,,,,,,,无效词,True,False,,False,,,False,False,False,,,无效词,无效词,结构性无成本无效益，先行归为无效词
1909,4578,525368335,9811363528,4.05,5,1,0.81,0.2,1,0,7,0.351047904192,0.259356287425,0.400449101796,0.061377245509,0.171407185629,0.150074850299,0.305202117331,0.209307416091,低,低,潜力词,False,False,,True,0.191256583622,0.281960124915,False,False,False,0.305202095808,0.195827095808,潜力词,潜力词,常规CRITIC+一维KMeans
1910,4583,525368335,9811363528,0,0,0,,,,,,,,,,,,,,,,无效词,True,False,,False,,,False,False,False,,,无效词,无效词,结构性无成本无效益，先行归为无效词
1911,4594,525368335,9811363528,2076.36,273,546,7.60571428571,2,0.7826,0.2174,227,0.949101796407,0.98502994012,0.918413173653,0.744011976048,0.552395209581,0.80127245509,0.96706585983,0.754625775021,高,高,重点词,False,False,,True,0.470607158876,0.263358234015,False,False,False,0.967065868263,0.754023203593,重点词,重点词,常规CRITIC+一维KMeans
1912,4601,525368335,9811363528,0,0,0,,,,,,,,,,,,,,,,无效词,True,False,,False,,,False,False,False,,,无效词,无效词,结构性无成本无效益，先行归为无效词
1913,4606,525368335,9811363528,146.02,51,93,2.8631372549,1.82352941176,0.7381,0.2619,101,0.861526946108,0.926646706587,0.821107784431,0.697604790419,0.615643712575,0.549026946108,0.894086811062,0.678685538698,高,高,重点词,False,False,,True,0.397628110108,0.187417997691,False,False,False,0.894086826347,0.670845808383,重点词,重点词,常规CRITIC+一维KMeans
1914,4614,525368335,9811363528,19.9,24,120,0.829166666667,5,0.3684,0.6316,373,0.662425149701,0.280688622754,0.715194610778,0.927769461078,0.876122754491,0.90494011976,0.471556975833,0.846909952342,低,高,黄金词,False,False,,True,0.0249017251206,0.355642411336,False,False,False,0.471556886228,0.856006736527,黄金词,黄金词,常规CRITIC+一维KMeans
1915,4615,525368335,9811363528,2.39,2,2,1.195,1,1,0,68,0.251871257485,0.55875748503,0.211826347305,0.40119760479,0.171407185629,0.420284431138,0.405314299222,0.287389895567,低,低,潜力词,False,False,,True,0.0911444017319,0.20387764544,False,False,False,0.405314371257,0.301178892216,潜力词,潜力词,常规CRITIC+一维KMeans
1916,4616,525368335,9811363528,0,0,0,,,,,,,,,,,,,,,,无效词,True,False,,False,,,False,False,False,,,无效词,无效词,结构性无成本无效益，先行归为无效词
1917,4621,525368335,9811363528,9.04,11,19,0.821818181818,1.72727272727,0.8,0.2,153,0.519461077844,0.270209580838,0.567739520958,0.674026946108,0.529565868263,0.69872754491,0.394835387848,0.608951231419,低,高,黄金词,False,False,,True,0.101623313105,0.117683690412,False,False,False,0.394835329341,0.61751497006,黄金词,黄金词,常规CRITIC+一维KMeans
1918,4629,525368335,9811363528,0,0,0,,,,,,,,,,,,,,,,无效词,True,False,,False,,,False,False,False,,,无效词,无效词,结构性无成本无效益，先行归为无效词
1919,4631,525368335,9811363528,0,0,0,,,,,,,,,,,,,,,,无效词,True,False,,False,,,False,False,False,,,无效词,无效词,结构性无成本无效益，先行归为无效词
1920,4635,525368335,9811363528,0,0,0,,,,,,,,,,,,,,,,无效词,True,False,,False,,,False,False,False,,,无效词,无效词,结构性无成本无效益，先行归为无效词
1921,4637,525368335,9811363528,3.48,3,3,1.16,1,1,0,111,0.319236526946,0.541916167665,0.294161676647,0.40119760479,0.171407185629,0.572604790419,0.430576295036,0.344451453616,低,低,潜力词,False,False,,True,0.0658824059181,0.146816087391,False,False,False,0.430576347305,0.359842814371,潜力词,潜力词,常规CRITIC+一维KMeans
1922,4638,525368335,9811363528,0.37,1,1,0.37,1,1,0,120,0.0310628742515,0.0557634730539,0.0815868263473,0.40119760479,0.171407185629,0.615643712575,0.0434131678547,0.292076747393,低,低,潜力词,False,False,,True,0.453045533099,0.199190793613,False,False,False,0.0434131736527,0.317458832335,潜力词,潜力词,常规CRITIC+一维KMeans
1923,4639,525368335,9811363528,1.71,3,2,0.57,0.666666666667,1,0,109,0.188622754491,0.111526946108,0.294161676647,0.161676646707,0.171407185629,0.568113772455,0.150074868396,0.291270607974,低,低,潜力词,False,False,,True,0.346383832557,0.199996933033,False,False,False,0.150074850299,0.298839820359,潜力词,潜力词,常规CRITIC+一维KMeans
1924,4647,525368335,9811363528,0,0,0,,,,,,,,,,,,,,,,无效词,True,False,,False,,,False,False,False,,,无效词,无效词,结构性无成本无效益，先行归为无效词
1925,4660,525368335,9811363528,0.28,1,1,0.28,1,1,0,6,0.0194610778443,0.0329341317365,0.0815868263473,0.40119760479,0.171407185629,0.141467065868,0.0261976016279,0.188886713991,低,低,潜力词,False,False,,True,0.470261099326,0.302380827015,False,False,False,0.0261976047904,0.198914670659,潜力词,潜力词,常规CRITIC+一维KMeans
1926,4662,525368335,9811363528,62.34,48,145,1.29875,3.02083333333,0.6216,0.3784,270,0.802395209581,0.625748502994,0.812874251497,0.857035928144,0.734655688623,0.847305389222,0.714071897752,0.808561189802,高,高,重点词,False,False,,True,0.217613196798,0.317293648795,False,False,False,0.714071856287,0.812967814371,重点词,重点词,常规CRITIC+一维KMeans
1927,4663,525368335,9811363528,15.68,16,18,0.98,1.125,0.7692,0.2308,159,0.620508982036,0.411676646707,0.644461077844,0.534805389222,0.562874251497,0.707335329341,0.516092863391,0.611890481096,高,高,重点词,False,False,,True,0.0196341624371,0.12062294009,False,False,False,0.516092814371,0.612369011976,重点词,重点词,常规CRITIC+一维KMeans
1928,4665,525368335,9811363528,0,0,0,,,,,,,,,,,,,,,,无效词,True,False,,False,,,False,False,False,,,无效词,无效词,结构性无成本无效益，先行归为无效词
1929,4674,525368335,9811363528,1.48,1,0,1.48,0,0,1,0,0.162799401198,0.730913173653,0.0815868263473,0.0265718562874,0.953967065868,0.0310628742515,0.446856154071,0.297623280957,低,低,潜力词,False,False,,True,0.0496025468825,0.193644260049,False,False,False,0.446856287425,0.273297155689,潜力词,潜力词,常规CRITIC+一维KMeans
1930,4696,525368335,9811363528,0,0,0,,,,,,,,,,,,,,,,无效词,True,False,,False,,,False,False,False,,,无效词,无效词,结构性无成本无效益，先行归为无效词
1931,4701,525368335,9811363528,0,0,0,,,,,,,,,,,,,,,,无效词,True,False,,False,,,False,False,False,,,无效词,无效词,结构性无成本无效益，先行归为无效词
1932,4706,525368335,9811363528,4.31,5,90,0.862,18,0.4,0.6,691,0.36377245509,0.312874251497,0.400449101796,0.994386227545,0.866766467066,0.976796407186,0.338323365241,0.783087332373,低,高,黄金词,False,False,,True,0.158135335713,0.291819791367,False,False,False,0.338323353293,0.809599550898,黄金词,黄金词,常规CRITIC+一维KMeans
1933,4712,525368335,9811363528,0,0,0,,,,,,,,,,,,,,,,无效词,True,False,,False,,,False,False,False,,,无效词,无效词,结构性无成本无效益，先行归为无效词
1934,4717,525368335,9811363528,0,0,0,,,,,,,,,,,,,,,,无效词,True,False,,False,,,False,False,False,,,无效词,无效词,结构性无成本无效益，先行归为无效词
1935,4718,525368335,9811363528,2594.66,813,1424,3.19146371464,1.75153751538,0.7243,0.2757,123,0.958083832335,0.935628742515,0.946107784431,0.683383233533,0.624251497006,0.644461077844,0.946856292696,0.735018040274,高,高,重点词,False,False,,True,0.450397591742,0.243750499268,False,False,False,0.946856287425,0.724550898204,重点词,重点词,常规CRITIC+一维KMeans
1936,4723,525368335,9811363528,10.24,10,19,1.024,1.9,0.625,0.375,154,0.539670658683,0.450598802395,0.55127245509,0.718562874251,0.73128742515,0.701347305389,0.495134751447,0.66971453163,低,高,黄金词,False,False,,True,0.00132394950676,0.178446990623,True,False,True,0.495134730539,0.67561751497,黄金词,黄金词,常规CRITIC+一维KMeans
1937,4728,525368335,9811363528,0,0,0,,,,,,,,,,,,,,,,无效词,True,False,,False,,,False,False,False,,,无效词,无效词,结构性无成本无效益，先行归为无效词
1938,4736,525368335,9811363528,0.92,1,0,0.92,0,0,1,0,0.0935628742515,0.360778443114,0.0815868263473,0.0265718562874,0.953967065868,0.0310628742515,0.227170595959,0.297623280957,低,低,潜力词,False,False,,True,0.269288104995,0.193644260049,False,False,False,0.227170658683,0.273297155689,潜力词,潜力词,常规CRITIC+一维KMeans
1939,4739,525368335,9811363528,3.37,8,10,0.42125,1.25,0.8333,0.1667,115,0.3125,0.063622754491,0.504491017964,0.565119760479,0.487275449102,0.580089820359,0.188061435665,0.529439933897,低,高,黄金词,False,False,,True,0.308397265289,0.0381723928902,False,False,False,0.188061377246,0.534244011976,黄金词,黄金词,常规CRITIC+一维KMeans
1940,4750,525368335,9811363528,2.04,2,1,1.02,0.5,1,0,7,0.228293413174,0.449850299401,0.211826347305,0.109281437126,0.171407185629,0.150074850299,0.339071804281,0.164964019437,低,低,潜力词,False,False,,True,0.157386896673,0.326303521569,False,False,False,0.339071856287,0.16064745509,潜力词,潜力词,常规CRITIC+一维KMeans
1941,4760,525368335,9811363528,53.34,40,119,1.3335,2.975,0.7714,0.2286,267,0.787425149701,0.641467065868,0.787799401198,0.845808383234,0.560254491018,0.845808383234,0.714446142045,0.750721685706,高,高,重点词,False,False,,True,0.217987441092,0.259454144699,False,False,False,0.714446107784,0.759917664671,重点词,重点词,常规CRITIC+一维KMeans
1942,4761,525368335,9811363528,0,0,0,,,,,,,,,,,,,,,,无效词,True,False,,False,,,False,False,False,,,无效词,无效词,结构性无成本无效益，先行归为无效词
1943,4764,525368335,9811363528,2.46,2,2,1.23,1,1,0,746,0.255988023952,0.575973053892,0.211826347305,0.40119760479,0.171407185629,0.98128742515,0.415980463812,0.409475025851,低,低,潜力词,False,False,,True,0.0804782371419,0.0817925151559,False,False,False,0.415980538922,0.441429640719,潜力词,潜力词,常规CRITIC+一维KMeans
1944,4771,525368335,9811363528,0,0,0,,,,,,,,,,,,,,,,无效词,True,False,,False,,,False,False,False,,,无效词,无效词,结构性无成本无效益，先行归为无效词
1945,4778,525368335,9811363528,0,0,0,,,,,,,,,,,,,,,,无效词,True,False,,False,,,False,False,False,,,无效词,无效词,结构性无成本无效益，先行归为无效词
1946,4793,525368335,9811363528,0,0,0,,,,,,,,,,,,,,,,无效词,True,False,,False,,,False,False,False,,,无效词,无效词,结构性无成本无效益，先行归为无效词
1947,4802,525368335,9811363528,0,0,0,,,,,,,,,,,,,,,,无效词,True,False,,False,,,False,False,False,,,无效词,无效词,结构性无成本无效益，先行归为无效词
1948,4806,525368335,9811363528,0,0,0,,,,,,,,,,,,,,,,无效词,True,False,,False,,,False,False,False,,,无效词,无效词,结构性无成本无效益，先行归为无效词
1949,4807,525368335,9811363528,2.65,4,9,0.6625,2.25,0.6667,0.3333,27,0.26871257485,0.159431137725,0.354416167665,0.777694610778,0.688622754491,0.230538922156,0.214071881939,0.511280152561,低,高,黄金词,False,False,,True,0.282386819014,0.0200126115542,False,False,False,0.214071856287,0.512818113772,黄金词,黄金词,常规CRITIC+一维KMeans
1950,4815,525368335,9811363528,13.7,17,19,0.805882352941,1.11764705882,0.8333,0.1667,205,0.594311377246,0.254491017964,0.657934131737,0.532185628743,0.487275449102,0.779565868263,0.424401277371,0.610238237007,低,高,黄金词,False,False,,True,0.0720574235824,0.118970696001,False,False,False,0.424401197605,0.614240269461,黄金词,黄金词,常规CRITIC+一维KMeans
1951,4817,525368335,9811363528,0.83,1,1,0.83,1,1,0,13,0.0770958083832,0.283308383234,0.0815868263473,0.40119760479,0.171407185629,0.183008982036,0.180202047404,0.197927040517,低,低,潜力词,False,False,,True,0.31625665355,0.29334050049,False,False,False,0.180202095808,0.209300149701,潜力词,潜力词,常规CRITIC+一维KMeans
1952,4824,525368335,9811363528,0,0,0,,,,,,,,,,,,,,,,无效词,True,False,,False,,,False,False,False,,,无效词,无效词,结构性无成本无效益，先行归为无效词
1953,4832,525368335,9811363528,0,0,0,,,,,,,,,,,,,,,,无效词,True,False,,False,,,False,False,False,,,无效词,无效词,结构性无成本无效益，先行归为无效词
1954,4833,525368335,9811363528,6.88,8,8,0.86,1,1,0,79,0.469311377246,0.311377245509,0.504491017964,0.40119760479,0.171407185629,0.465943113772,0.390344348449,0.382328423051,低,低,潜力词,False,False,,True,0.106114352504,0.108939117955,False,False,False,0.390344311377,0.385759730539,潜力词,潜力词,常规CRITIC+一维KMeans
1955,4845,525368335,9811363528,4.63,4,2,1.1575,0.5,1,0,1,0.379491017964,0.538922155689,0.354416167665,0.109281437126,0.171407185629,0.0737275449102,0.459206549403,0.189763535559,低,低,潜力词,False,False,,True,0.0372521515507,0.301504005448,False,False,False,0.459206586826,0.177208083832,潜力词,潜力词,常规CRITIC+一维KMeans
1956,4846,525368335,9811363528,0,0,0,,,,,,,,,,,,,,,,无效词,True,False,,False,,,False,False,False,,,无效词,无效词,结构性无成本无效益，先行归为无效词
1957,4849,525368335,9811363528,7.46,9,22,0.828888888889,2.44444444444,0.375,0.625,97,0.487649700599,0.27994011976,0.53255988024,0.797904191617,0.874251497006,0.535928143713,0.383794958936,0.684744074282,低,高,黄金词,False,False,,True,0.112663742018,0.193476533275,False,False,False,0.38379491018,0.685160928144,黄金词,黄金词,常规CRITIC+一维KMeans
1958,4853,525368335,9811363528,18.66,18,4,1.03666666667,0.222222222222,1,0,7,0.652320359281,0.461077844311,0.670658682635,0.062874251497,0.171407185629,0.150074850299,0.556699146687,0.288114084214,高,低,问题词,False,False,,True,0.0602404457334,0.203153456793,False,False,False,0.556699101796,0.263753742515,问题词,问题词,常规CRITIC+一维KMeans
1959,4880,525368335,9811363528,18.79,23,87,0.816956521739,3.78260869565,0.6,0.4,300,0.65494011976,0.265718562874,0.709580838323,0.888473053892,0.748877245509,0.870508982036,0.46032943268,0.794358175953,低,高,黄金词,False,False,,True,0.0361292682738,0.303090634947,False,False,False,0.460329341317,0.80436002994,黄金词,黄金词,常规CRITIC+一维KMeans
1960,4891,525368335,9811363528,4.61,4,19,1.1525,4.75,0.5,0.5,351,0.377245508982,0.534431137725,0.354416167665,0.918413173653,0.817739520958,0.897829341317,0.455838286457,0.722541529276,低,高,黄金词,False,False,,True,0.0406204144967,0.23127398827,False,False,False,0.455838323353,0.747099550898,黄金词,黄金词,常规CRITIC+一维KMeans
1961,4894,525368335,9811363528,23.29,39,29,0.597179487179,0.74358974359,0.8333,0.1667,150,0.687874251497,0.129491017964,0.78255988024,0.188622754491,0.487275449102,0.692739520958,0.4086827658,0.552660363115,低,高,黄金词,False,False,,True,0.0877759351531,0.0613928221084,False,False,False,0.408682634731,0.537799401198,黄金词,黄金词,常规CRITIC+一维KMeans
1962,4901,525368335,9811363528,0,0,0,,,,,,,,,,,,,,,,无效词,True,False,,False,,,False,False,False,,,无效词,无效词,结构性无成本无效益，先行归为无效词
1963,4920,525368335,9811363528,2.5,2,2,1.25,1,1,0,68,0.26122754491,0.586452095808,0.211826347305,0.40119760479,0.171407185629,0.420284431138,0.423839744019,0.287389895567,低,低,潜力词,False,False,,True,0.0726189569347,0.20387764544,False,False,False,0.423839820359,0.301178892216,潜力词,潜力词,常规CRITIC+一维KMeans
1964,4931,525368335,9811363528,0,0,0,,,,,,,,,,,,,,,,无效词,True,False,,False,,,False,False,False,,,无效词,无效词,结构性无成本无效益，先行归为无效词
1965,4934,525368335,9811363528,0,0,0,,,,,,,,,,,,,,,,无效词,True,False,,False,,,False,False,False,,,无效词,无效词,结构性无成本无效益，先行归为无效词
1966,4937,525368335,9811363528,25.77,21,27,1.22714285714,1.28571428571,0.7333,0.2667,51,0.703218562874,0.574101796407,0.692739520958,0.579715568862,0.618263473054,0.333083832335,0.638660209948,0.569432373562,高,高,重点词,False,False,,True,0.142201508995,0.078164832556,False,False,False,0.638660179641,0.555950598802,重点词,重点词,常规CRITIC+一维KMeans
1967,4938,525368335,9811363528,36.87,40,106,0.92175,2.65,0.5517,0.4483,184,0.748502994012,0.365269461078,0.787799401198,0.821107784431,0.783682634731,0.744386227545,0.556886317502,0.784483458123,高,高,重点词,False,False,,True,0.0604276165481,0.293215917117,False,False,False,0.556886227545,0.784244011976,重点词,重点词,常规CRITIC+一维KMeans
1968,4939,525368335,9811363528,0.33,1,5,0.33,5,0,1,43,0.0269461077844,0.0452844311377,0.0815868263473,0.927769461078,0.953967065868,0.294535928144,0.0361152651565,0.551375844497,低,高,黄金词,False,False,,True,0.460343435797,0.060108303491,False,False,False,0.0361152694611,0.564464820359,黄金词,黄金词,常规CRITIC+一维KMeans
1969,4944,525368335,9811363528,0,0,0,,,,,,,,,,,,,,,,无效词,True,False,,False,,,False,False,False,,,无效词,无效词,结构性无成本无效益，先行归为无效词
1970,4951,525368335,9811363528,1.95,1,1,1.95,1,1,0,1,0.218562874251,0.86377245509,0.0815868263473,0.40119760479,0.171407185629,0.0737275449102,0.54116751322,0.174145280648,高,低,问题词,False,False,,True,0.0447088122662,0.317122260358,False,False,False,0.541167664671,0.181979790419,问题词,问题词,常规CRITIC+一维KMeans
1971,4957,525368335,9811363528,15.54,14,32,1.11,2.28571428571,0.4545,0.5455,84,0.619011976048,0.502619760479,0.619760479042,0.781811377246,0.850673652695,0.485778443114,0.560815895584,0.689189827008,高,高,重点词,False,False,,True,0.0643571946307,0.197922286002,False,False,False,0.560815868263,0.684505988024,重点词,重点词,常规CRITIC+一维KMeans
1972,4958,525368335,9811363528,0,0,0,,,,,,,,,,,,,,,,无效词,True,False,,False,,,False,False,False,,,无效词,无效词,结构性无成本无效益，先行归为无效词
1973,4959,525368335,9811363528,0,0,0,,,,,,,,,,,,,,,,无效词,True,False,,False,,,False,False,False,,,无效词,无效词,结构性无成本无效益，先行归为无效词
1974,4966,525368335,9811363528,0,0,0,,,,,,,,,,,,,,,,无效词,True,False,,False,,,False,False,False,,,无效词,无效词,结构性无成本无效益，先行归为无效词
1975,4968,525368335,9811363528,0.59,1,0,0.59,0,0,1,0,0.0490269461078,0.125748502994,0.0815868263473,0.0265718562874,0.953967065868,0.0310628742515,0.087387706542,0.297623280957,低,低,潜力词,False,False,,True,0.409070994412,0.193644260049,False,False,False,0.0873877245509,0.273297155689,潜力词,潜力词,常规CRITIC+一维KMeans
1976,4969,525368335,9811363528,9353.77,4456,5427,2.09914048474,1.21790843806,0.449,0.551,320,0.979041916168,0.88248502994,0.97754491018,0.557634730539,0.85254491018,0.87874251497,0.930763495719,0.830275777184,高,高,重点词,False,False,,True,0.434304794765,0.339008236177,False,False,False,0.930763473054,0.816616766467,重点词,重点词,常规CRITIC+一维KMeans
1977,4987,525368335,9811363528,12.34,11,8,1.12181818182,0.727272727273,0.8571,0.1429,69,0.574101796407,0.513473053892,0.567739520958,0.185628742515,0.457709580838,0.424401197605,0.543787439381,0.423118493879,高,低,问题词,False,False,,True,0.0473287384275,0.0681490471275,False,False,False,0.54378742515,0.408869760479,问题词,问题词,常规CRITIC+一维KMeans
1978,4999,525368335,9811363528,9.03,6,17,1.505,2.83333333333,0.6667,0.3333,55,0.51871257485,0.745508982036,0.440119760479,0.840568862275,0.688622754491,0.351422155689,0.632110725207,0.576182092089,高,高,重点词,False,False,,True,0.135652024253,0.0849145510827,False,False,False,0.632110778443,0.580183383234,重点词,重点词,常规CRITIC+一维KMeans
1979,5006,525368335,9811363528,0,0,0,,,,,,,,,,,,,,,,无效词,True,False,,False,,,False,False,False,,,无效词,无效词,结构性无成本无效益，先行归为无效词
1980,5013,525368335,9811363528,1.65,2,10,0.825,5,0.5,0.5,157,0.18375748503,0.273203592814,0.211826347305,0.927769461078,0.817739520958,0.705838323353,0.228480517926,0.641385590193,低,高,黄金词,False,False,,True,0.267978183027,0.150118049186,False,False,False,0.228480538922,0.665793413174,黄金词,黄金词,常规CRITIC+一维KMeans
1981,5024,525368335,9811363528,0,0,0,,,,,,,,,,,,,,,,无效词,True,False,,False,,,False,False,False,,,无效词,无效词,结构性无成本无效益，先行归为无效词
1982,5029,525368335,9811363528,0,0,0,,,,,,,,,,,,,,,,无效词,True,False,,False,,,False,False,False,,,无效词,无效词,结构性无成本无效益，先行归为无效词
1983,5044,525368335,9811363528,23.34,23,31,1.0147826087,1.34782608696,0.8889,0.1111,98,0.689371257485,0.444610778443,0.709580838323,0.595808383234,0.42252994012,0.539296407186,0.566991075417,0.569078400219,高,高,重点词,False,False,,True,0.0705323744634,0.0778108592122,False,False,False,0.566991017964,0.566803892216,重点词,重点词,常规CRITIC+一维KMeans
1984,5045,525368335,9811363528,9739.85,3556,5599,2.7389904387,1.57452193476,0.6304,0.3696,63,0.979790419162,0.920658682635,0.974550898204,0.648203592814,0.729041916168,0.39745508982,0.950224564778,0.710569795008,高,高,重点词,False,False,,True,0.453765863825,0.219302254001,False,False,False,0.950224550898,0.687312874251,重点词,重点词,常规CRITIC+一维KMeans
1985,5049,525368335,9811363528,0.32,1,2,0.32,2,0,1,22,0.0258233532934,0.0426646706587,0.0815868263473,0.744011976048,0.953967065868,0.212200598802,0.0342440080229,0.493408197549,低,高,黄金词,False,False,,True,0.462214692931,0.00214065654273,False,True,True,0.034244011976,0.497941616766,潜力词,潜力词,常规CRITIC+一维KMeans
1986,5051,525368335,9811363528,0,0,0,,,,,,,,,,,,,,,,无效词,True,False,,False,,,False,False,False,,,无效词,无效词,结构性无成本无效益，先行归为无效词
1987,5070,525368335,9811363528,4240.55,2224,4333,1.9067221223,1.94829136691,0.8343,0.1657,111,0.969311377246,0.85628742515,0.964071856287,0.724550898204,0.478293413174,0.572604790419,0.912799427728,0.69357992989,高,高,重点词,False,False,,True,0.416340726774,0.202312388883,False,False,False,0.912799401198,0.684880239521,重点词,重点词,常规CRITIC+一维KMeans
1988,5072,525368335,9811363528,0,0,0,,,,,,,,,,,,,,,,无效词,True,False,,False,,,False,False,False,,,无效词,无效词,结构性无成本无效益，先行归为无效词
1989,5084,525368335,9811363528,0,0,0,,,,,,,,,,,,,,,,无效词,True,False,,False,,,False,False,False,,,无效词,无效词,结构性无成本无效益，先行归为无效词
1990,5085,525368335,9811363528,0,0,0,,,,,,,,,,,,,,,,无效词,True,False,,False,,,False,False,False,,,无效词,无效词,结构性无成本无效益，先行归为无效词
1991,5091,525368335,9811363528,0,0,0,,,,,,,,,,,,,,,,无效词,True,False,,False,,,False,False,False,,,无效词,无效词,结构性无成本无效益，先行归为无效词
1992,5095,525368335,9811363528,13.79,13,10,1.06076923077,0.769230769231,0.7143,0.2857,53,0.595808383234,0.47380239521,0.605164670659,0.208832335329,0.636976047904,0.339446107784,0.53480541786,0.469674601944,高,低,问题词,False,False,,True,0.0383467169065,0.0215929390628,False,False,False,0.534805389222,0.447604790419,问题词,问题词,常规CRITIC+一维KMeans
1993,5103,525368335,9811363528,0,0,0,,,,,,,,,,,,,,,,无效词,True,False,,False,,,False,False,False,,,无效词,无效词,结构性无成本无效益，先行归为无效词
1994,5111,525368335,9811363528,4.1,5,24,0.82,4.8,0.6,0.4,263,0.354790419162,0.267964071856,0.400449101796,0.920658682635,0.748877245509,0.842065868263,0.31137726589,0.705398198333,低,高,黄金词,False,False,,True,0.185081435064,0.214130657327,False,False,False,0.311377245509,0.728012724551,黄金词,黄金词,常规CRITIC+一维KMeans
1995,5113,525368335,9811363528,2.91,3,11,0.97,3.66666666667,0.6667,0.3333,99,0.289296407186,0.405688622754,0.294161676647,0.882110778443,0.688622754491,0.542290419162,0.347492487649,0.584380316507,低,高,黄金词,False,False,,True,0.148966213304,0.0931127755003,False,False,False,0.34749251497,0.601796407186,黄金词,黄金词,常规CRITIC+一维KMeans
1996,5118,525368335,9811363528,0,0,0,,,,,,,,,,,,,,,,无效词,True,False,,False,,,False,False,False,,,无效词,无效词,结构性无成本无效益，先行归为无效词
1997,5138,525368335,9811363528,0,0,0,,,,,,,,,,,,,,,,无效词,True,False,,False,,,False,False,False,,,无效词,无效词,结构性无成本无效益，先行归为无效词
1998,5148,525368335,9811363528,0,0,0,,,,,,,,,,,,,,,,无效词,True,False,,False,,,False,False,False,,,无效词,无效词,结构性无成本无效益，先行归为无效词
1999,5150,525368335,9811363528,1.17,1,12,1.17,12,0,1,2062,0.120508982036,0.547904191617,0.0815868263473,0.991766467066,0.953967065868,0.997754491018,0.334206486503,0.718357966505,低,高,黄金词,False,False,,True,0.16225221445,0.227090425499,False,False,False,0.334206586826,0.756268712575,黄金词,黄金词,常规CRITIC+一维KMeans
2000,5155,525368335,9811363528,3.94,3,0,1.31333333333,0,0,1,0,0.342814371257,0.633982035928,0.294161676647,0.0265718562874,0.953967065868,0.0310628742515,0.488398135247,0.359364091237,低,低,潜力词,False,False,,True,0.00806056570694,0.131903449769,True,False,True,0.488398203593,0.326440868263,潜力词,潜力词,常规CRITIC+一维KMeans
2001,5163,525368335,9811363528,0,0,0,,,,,,,,,,,,,,,,无效词,True,False,,False,,,False,False,False,,,无效词,无效词,结构性无成本无效益，先行归为无效词
2002,5167,525368335,9811363528,2.4,3,1,0.8,0.333333333333,1,0,120,0.25374251497,0.246631736527,0.294161676647,0.0774700598802,0.171407185629,0.615643712575,0.250187127418,0.283261247074,低,低,潜力词,False,False,,True,0.246271573536,0.208006293932,False,False,False,0.250187125749,0.289670658683,潜力词,潜力词,常规CRITIC+一维KMeans
2003,5175,525368335,9811363528,0,0,0,,,,,,,,,,,,,,,,无效词,True,False,,False,,,False,False,False,,,无效词,无效词,结构性无成本无效益，先行归为无效词
2004,5182,525368335,9811363528,132.06,13,23,10.1584615385,1.76923076923,0.7,0.3,33,0.858532934132,0.991766467066,0.605164670659,0.685628742515,0.650823353293,0.253368263473,0.925149669325,0.558654011041,高,高,重点词,False,False,,True,0.428690968371,0.0673864700351,False,False,False,0.925149700599,0.548746257485,重点词,重点词,常规CRITIC+一维KMeans
2005,5184,525368335,9811363528,0,0,0,,,,,,,,,,,,,,,,无效词,True,False,,False,,,False,False,False,,,无效词,无效词,结构性无成本无效益，先行归为无效词
2006,5187,525368335,9811363528,0,0,0,,,,,,,,,,,,,,,,无效词,True,False,,False,,,False,False,False,,,无效词,无效词,结构性无成本无效益，先行归为无效词
2007,5188,525368335,9811363528,0,0,0,,,,,,,,,,,,,,,,无效词,True,False,,False,,,False,False,False,,,无效词,无效词,结构性无成本无效益，先行归为无效词
2008,5196,525368335,9811363528,5.93,9,13,0.658888888889,1.44444444444,0.625,0.375,85,0.438622754491,0.156437125749,0.53255988024,0.61377245509,0.73128742515,0.490269461078,0.297530006358,0.595505932115,低,高,黄金词,False,False,,True,0.198928694596,0.104238391109,False,False,False,0.29752994012,0.591972305389,黄金词,黄金词,常规CRITIC+一维KMeans
2009,5204,525368335,9811363528,0,0,0,,,,,,,,,,,,,,,,无效词,True,False,,False,,,False,False,False,,,无效词,无效词,结构性无成本无效益，先行归为无效词
2010,5207,525368335,9811363528,0,0,0,,,,,,,,,,,,,,,,无效词,True,False,,False,,,False,False,False,,,无效词,无效词,结构性无成本无效益，先行归为无效词
2011,5212,525368335,9811363528,242.98,40,36,6.0745,0.9,0.8148,0.1852,68,0.891467065868,0.976796407186,0.787799401198,0.274700598802,0.511976047904,0.420284431138,0.934131716497,0.520418944243,高,高,重点词,False,False,,True,0.437673015544,0.0291514032364,False,False,False,0.934131736527,0.49869011976,问题词,重点词,常规CRITIC+一维KMeans
2012,5219,525368335,9811363528,8.05,7,16,1.15,2.28571428571,0.75,0.25,725,0.498502994012,0.533682634731,0.47380239521,0.781811377246,0.591317365269,0.980538922156,0.516092806113,0.683406266744,高,高,重点词,False,False,,True,0.0196341051599,0.192138725737,False,False,False,0.516092814371,0.70686751497,重点词,重点词,常规CRITIC+一维KMeans
2013,5220,525368335,9811363528,6.19,4,8,1.5475,2,0.5,0.5,28,0.44872754491,0.760479041916,0.354416167665,0.744011976048,0.817739520958,0.233158682635,0.604603220235,0.539885621935,高,高,重点词,False,False,,True,0.108144519282,0.0486180809286,False,False,False,0.604603293413,0.537331586826,重点词,重点词,常规CRITIC+一维KMeans
2014,5222,525368335,9811363528,6.44,4,15,1.61,3.75,0.6667,0.3333,679,0.456961077844,0.782934131737,0.354416167665,0.885853293413,0.688622754491,0.974550898204,0.619947528274,0.696764735045,高,高,重点词,False,False,,True,0.123488827321,0.205497194038,False,False,False,0.61994760479,0.725860778443,重点词,重点词,常规CRITIC+一维KMeans
2015,5223,525368335,9811363528,0,0,0,,,,,,,,,,,,,,,,无效词,True,False,,False,,,False,False,False,,,无效词,无效词,结构性无成本无效益，先行归为无效词
2016,5226,525368335,9811363528,0,0,0,,,,,,,,,,,,,,,,无效词,True,False,,False,,,False,False,False,,,无效词,无效词,结构性无成本无效益，先行归为无效词
2017,5228,525368335,9811363528,6.63,5,4,1.326,0.8,0.6667,0.3333,53,0.462949101796,0.639595808383,0.400449101796,0.225299401198,0.688622754491,0.339446107784,0.551272413625,0.427956045074,高,低,问题词,False,False,,True,0.0548137126717,0.0633114959327,False,False,False,0.55127245509,0.413454341317,问题词,问题词,常规CRITIC+一维KMeans
2018,5230,525368335,9811363528,0.22,1,0,0.22,0,0,1,0,0.0164670658683,0.0254491017964,0.0815868263473,0.0265718562874,0.953967065868,0.0310628742515,0.020958081724,0.297623280957,低,低,潜力词,False,False,,True,0.47550061923,0.193644260049,False,False,False,0.0209580838323,0.273297155689,潜力词,潜力词,常规CRITIC+一维KMeans
2019,5232,525368335,9811363528,0,0,0,,,,,,,,,,,,,,,,无效词,True,False,,False,,,False,False,False,,,无效词,无效词,结构性无成本无效益，先行归为无效词
2020,5234,525368335,9811363528,0,0,0,,,,,,,,,,,,,,,,无效词,True,False,,False,,,False,False,False,,,无效词,无效词,结构性无成本无效益，先行归为无效词
2021,5242,525368335,9811363528,3.64,3,1,1.21333333333,0.333333333333,1,0,378,0.330838323353,0.56998502994,0.294161676647,0.0774700598802,0.171407185629,0.907934131737,0.450411620512,0.346869310284,低,低,潜力词,False,False,,True,0.0460470804421,0.144398230722,False,False,False,0.450411676647,0.362743263473,潜力词,潜力词,常规CRITIC+一维KMeans
2022,5254,525368335,9811363528,0,0,0,,,,,,,,,,,,,,,,无效词,True,False,,False,,,False,False,False,,,无效词,无效词,结构性无成本无效益，先行归为无效词
2023,5255,525368335,9811363528,7.45,9,3,0.827777777778,0.333333333333,1,0,6,0.486526946108,0.278443113772,0.53255988024,0.0774700598802,0.171407185629,0.141467065868,0.382485078784,0.249312228018,低,低,潜力词,False,False,,True,0.11397362217,0.241955312988,False,False,False,0.38248502994,0.230726047904,潜力词,潜力词,常规CRITIC+一维KMeans
2024,5260,525368335,9811363528,310.37,345,915,0.899623188406,2.65217391304,0.6833,0.3167,214,0.898952095808,0.340568862275,0.923652694611,0.821856287425,0.665419161677,0.793413173653,0.619760610112,0.802370600815,高,高,重点词,False,False,,True,0.123301909158,0.311103059809,False,False,False,0.619760479042,0.801085329341,重点词,重点词,常规CRITIC+一维KMeans
2025,5264,525368335,9811363528,0,0,0,,,,,,,,,,,,,,,,无效词,True,False,,False,,,False,False,False,,,无效词,无效词,结构性无成本无效益，先行归为无效词
2026,5266,525368335,9811363528,0,0,0,,,,,,,,,,,,,,,,无效词,True,False,,False,,,False,False,False,,,无效词,无效词,结构性无成本无效益，先行归为无效词
2027,5271,525368335,9811363528,20.07,22,132,0.912272727273,6,0.6316,0.3684,197,0.663547904192,0.354041916168,0.702844311377,0.954715568862,0.72754491018,0.770958083832,0.50879498283,0.779330119787,高,高,重点词,False,False,,True,0.0123362818767,0.28806257878,True,False,True,0.50879491018,0.789015718563,重点词,重点词,常规CRITIC+一维KMeans
2028,5292,525368335,9811363528,3.93,3,5,1.31,1.66666666667,0.6667,0.3333,522,0.342065868263,0.633233532934,0.294161676647,0.663547904192,0.688622754491,0.946856287425,0.487649632253,0.624785988997,低,高,黄金词,False,False,,True,0.00880906870095,0.13351844799,True,False,True,0.487649700599,0.648297155689,黄金词,黄金词,常规CRITIC+一维KMeans
2029,5302,525368335,9811363528,0,0,0,,,,,,,,,,,,,,,,无效词,True,False,,False,,,False,False,False,,,无效词,无效词,结构性无成本无效益，先行归为无效词
2030,5306,525368335,9811363528,0,0,0,,,,,,,,,,,,,,,,无效词,True,False,,False,,,False,False,False,,,无效词,无效词,结构性无成本无效益，先行归为无效词
2031,5309,525368335,9811363528,4.65,10,5,0.465,0.5,1,0,200,0.380988023952,0.0785928143713,0.55127245509,0.109281437126,0.171407185629,0.774700598802,0.229790490143,0.399484333801,低,低,潜力词,False,False,,True,0.26666821081,0.0917832072055,False,False,False,0.229790419162,0.401665419162,潜力词,潜力词,常规CRITIC+一维KMeans
2032,5313,525368335,9811363528,0.89,1,1,0.89,1,1,0,0,0.0857035928144,0.335703592814,0.0815868263473,0.40119760479,0.171407185629,0.0310628742515,0.210703534132,0.164860620974,低,低,潜力词,False,False,,True,0.285755166822,0.326406920033,False,False,False,0.210703592814,0.171313622754,潜力词,潜力词,常规CRITIC+一维KMeans
2033,5317,525368335,9811363528,0,0,0,,,,,,,,,,,,,,,,无效词,True,False,,False,,,False,False,False,,,无效词,无效词,结构性无成本无效益，先行归为无效词
2034,5326,525368335,9811363528,1.8,2,0,0.9,0,0,1,0,0.197604790419,0.343562874251,0.211826347305,0.0265718562874,0.953967065868,0.0310628742515,0.270583798074,0.335450397115,低,低,潜力词,False,False,,True,0.225874902879,0.155817143892,False,False,False,0.270583832335,0.305857035928,潜力词,潜力词,常规CRITIC+一维KMeans
2035,5327,525368335,9811363528,1.93,2,2,0.965,1,1,0,80,0.216691616766,0.401571856287,0.211826347305,0.40119760479,0.171407185629,0.470808383234,0.30913169313,0.298384887287,低,低,潜力词,False,False,,True,0.187327007824,0.19288265372,False,False,False,0.309131736527,0.31380988024,潜力词,潜力词,常规CRITIC+一维KMeans
2036,5328,525368335,9811363528,0,0,0,,,,,,,,,,,,,,,,无效词,True,False,,False,,,False,False,False,,,无效词,无效词,结构性无成本无效益，先行归为无效词
2037,5346,525368335,9811363528,0,0,0,,,,,,,,,,,,,,,,无效词,True,False,,False,,,False,False,False,,,无效词,无效词,结构性无成本无效益，先行归为无效词
2038,5365,525368335,9811363528,0,0,0,,,,,,,,,,,,,,,,无效词,True,False,,False,,,False,False,False,,,无效词,无效词,结构性无成本无效益，先行归为无效词
2039,5375,525368335,9811363528,0,0,0,,,,,,,,,,,,,,,,无效词,True,False,,False,,,False,False,False,,,无效词,无效词,结构性无成本无效益，先行归为无效词
2040,5378,525368335,9811363528,0.15,1,1,0.15,1,1,0,4,0.00898203592814,0.0108532934132,0.0815868263473,0.40119760479,0.171407185629,0.126122754491,0.00991766423142,0.185547494284,低,低,潜力词,False,False,,True,0.486541036722,0.305720046723,False,False,False,0.00991766467066,0.195078592814,潜力词,潜力词,常规CRITIC+一维KMeans
2041,5380,525368335,9811363528,0,0,0,,,,,,,,,,,,,,,,无效词,True,False,,False,,,False,False,False,,,无效词,无效词,结构性无成本无效益，先行归为无效词
2042,5391,525368335,9811363528,0,0,0,,,,,,,,,,,,,,,,无效词,True,False,,False,,,False,False,False,,,无效词,无效词,结构性无成本无效益，先行归为无效词
2043,5395,525368335,9811363528,3.89,3,1,1.29666666667,0.333333333333,1,0,14,0.340943113772,0.623877245509,0.294161676647,0.0774700598802,0.171407185629,0.186751497006,0.482410113227,0.189925984029,低,低,潜力词,False,False,,True,0.0140485877264,0.301341556978,True,False,True,0.482410179641,0.18244760479,潜力词,潜力词,常规CRITIC+一维KMeans
2044,5397,525368335,9811363528,0,0,0,,,,,,,,,,,,,,,,无效词,True,False,,False,,,False,False,False,,,无效词,无效词,结构性无成本无效益，先行归为无效词
2045,5406,525368335,9811363528,0.86,1,0,0.86,0,0,1,0,0.0823353293413,0.311377245509,0.0815868263473,0.0265718562874,0.953967065868,0.0310628742515,0.196856233662,0.297623280957,低,低,潜力词,False,False,,True,0.299602467292,0.193644260049,False,False,False,0.196856287425,0.273297155689,潜力词,潜力词,常规CRITIC+一维KMeans
2046,5413,525368335,9811363528,0,0,0,,,,,,,,,,,,,,,,无效词,True,False,,False,,,False,False,False,,,无效词,无效词,结构性无成本无效益，先行归为无效词
2047,5420,525368335,9811363528,0,0,0,,,,,,,,,,,,,,,,无效词,True,False,,False,,,False,False,False,,,无效词,无效词,结构性无成本无效益，先行归为无效词
2048,5449,525368335,9811363528,4.71,6,25,0.785,4.16666666667,0.5,0.5,275,0.383982035928,0.240269461078,0.440119760479,0.903443113772,0.817739520958,0.851422155689,0.312125782237,0.734071687814,低,高,黄金词,False,False,,True,0.184332918717,0.242804146808,False,False,False,0.312125748503,0.753181137725,黄金词,黄金词,常规CRITIC+一维KMeans
2049,5460,525368335,9811363528,9272.73,2590,5678,3.5802046332,2.19227799228,0.697,0.303,171,0.978293413174,0.945359281437,0.969311377246,0.773203592814,0.655688622754,0.72380239521,0.961826355036,0.787213283953,高,高,重点词,False,False,,True,0.465367654082,0.295945742947,False,False,False,0.961826347305,0.780501497006,重点词,重点词,常规CRITIC+一维KMeans
2050,5466,525368335,9811363528,0,0,0,,,,,,,,,,,,,,,,无效词,True,False,,False,,,False,False,False,,,无效词,无效词,结构性无成本无效益，先行归为无效词
2051,5474,525368335,9811363528,3.52,4,5,0.88,1.25,0.75,0.25,392,0.322604790419,0.330089820359,0.354416167665,0.565119760479,0.591317365269,0.912425149701,0.326347303632,0.586680666832,低,高,黄金词,False,False,,True,0.170111397321,0.095413125826,False,False,False,0.326347305389,0.605819610778,黄金词,黄金词,常规CRITIC+一维KMeans
2052,5475,525368335,9811363528,0,0,0,,,,,,,,,,,,,,,,无效词,True,False,,False,,,False,False,False,,,无效词,无效词,结构性无成本无效益，先行归为无效词
2053,5481,525368335,9811363528,0.15,1,0,0.15,0,0,1,0,0.00898203592814,0.0108532934132,0.0815868263473,0.0265718562874,0.953967065868,0.0310628742515,0.00991766423142,0.297623280957,低,低,潜力词,False,False,,True,0.486541036722,0.193644260049,False,False,False,0.00991766467066,0.273297155689,潜力词,潜力词,常规CRITIC+一维KMeans
2054,5484,525368335,9811363528,2870.73,670,867,4.28467164179,1.29402985075,0.8636,0.1364,66,0.961826347305,0.953592814371,0.939371257485,0.583832335329,0.447979041916,0.413922155689,0.957709582771,0.612898057576,高,高,重点词,False,False,,True,0.461250881817,0.121630516569,False,False,False,0.957709580838,0.596276197605,重点词,重点词,常规CRITIC+一维KMeans
2055,5492,525368335,9811363528,5.47,7,4,0.781428571429,0.571428571429,1,0,65,0.419161676647,0.23877245509,0.47380239521,0.131736526946,0.171407185629,0.410179640719,0.328967108211,0.302550971801,低,低,潜力词,False,False,,True,0.167491592742,0.188716569205,False,False,False,0.328967065868,0.296781437126,潜力词,潜力词,常规CRITIC+一维KMeans
2056,5497,525368335,9811363528,0.15,1,0,0.15,0,0,1,0,0.00898203592814,0.0108532934132,0.0815868263473,0.0265718562874,0.953967065868,0.0310628742515,0.00991766423142,0.297623280957,低,低,潜力词,False,False,,True,0.486541036722,0.193644260049,False,False,False,0.00991766467066,0.273297155689,潜力词,潜力词,常规CRITIC+一维KMeans
2057,5500,525368335,9811363528,27.94,29,39,0.963448275862,1.34482758621,0.7143,0.2857,330,0.712574850299,0.399700598802,0.750374251497,0.59505988024,0.636976047904,0.886976047904,0.556137797992,0.715180959763,高,高,重点词,False,False,,True,0.0596790970386,0.223913418757,False,False,False,0.556137724551,0.717346556886,重点词,重点词,常规CRITIC+一维KMeans
2058,5501,525368335,9811363528,0.15,1,1,0.15,1,1,0,654,0.00898203592814,0.0108532934132,0.0815868263473,0.40119760479,0.171407185629,0.969311377246,0.00991766423142,0.369041689433,低,低,潜力词,False,False,,True,0.486541036722,0.122225851573,False,False,False,0.00991766467066,0.405875748503,潜力词,潜力词,常规CRITIC+一维KMeans
2059,5502,525368335,9811363528,0,0,0,,,,,,,,,,,,,,,,无效词,True,False,,False,,,False,False,False,,,无效词,无效词,结构性无成本无效益，先行归为无效词
2060,5504,525368335,9811363528,0,0,0,,,,,,,,,,,,,,,,无效词,True,False,,False,,,False,False,False,,,无效词,无效词,结构性无成本无效益，先行归为无效词
2061,5505,525368335,9811363528,4.09,6,7,0.681666666667,1.16666666667,0.8,0.2,99,0.353667664671,0.170658682635,0.440119760479,0.543038922156,0.529565868263,0.542290419162,0.262163216611,0.509292457192,低,高,黄金词,False,False,,True,0.234295484343,0.0180249161857,False,False,False,0.262163173653,0.513753742515,黄金词,黄金词,常规CRITIC+一维KMeans
2062,5508,525368335,9811363528,3.2,5,34,0.64,6.8,0.5,0.5,442,0.307634730539,0.147080838323,0.400449101796,0.966317365269,0.817739520958,0.929640718563,0.227357822118,0.753274933436,低,高,黄金词,False,False,,True,0.269100878835,0.26200739243,False,False,False,0.227357784431,0.778536676647,黄金词,黄金词,常规CRITIC+一维KMeans
2063,5509,525368335,9811363528,0,0,0,,,,,,,,,,,,,,,,无效词,True,False,,False,,,False,False,False,,,无效词,无效词,结构性无成本无效益，先行归为无效词
2064,5515,525368335,9811363528,2.51,1,0,2.51,0,0,1,0,0.262350299401,0.907934131737,0.0815868263473,0.0265718562874,0.953967065868,0.0310628742515,0.58514206403,0.297623280957,高,低,问题词,False,False,,True,0.0886833630766,0.193644260049,False,False,False,0.585142215569,0.273297155689,问题词,问题词,常规CRITIC+一维KMeans
2065,5522,525368335,9811363528,2.41,1,1,2.41,1,1,0,5,0.255239520958,0.902694610778,0.0815868263473,0.40119760479,0.171407185629,0.134356287425,0.57896691389,0.187339270712,高,低,问题词,False,False,,True,0.0825082129367,0.303928270294,False,False,False,0.578967065868,0.197136976048,问题词,问题词,常规CRITIC+一维KMeans
2066,5531,525368335,9811363528,13.14,12,11,1.095,0.916666666667,0.8889,0.1111,36,0.584580838323,0.49251497006,0.585703592814,0.280314371257,0.42252994012,0.263473053892,0.538547925802,0.404312835234,高,低,问题词,False,False,,True,0.0420892248487,0.0869547057726,False,False,False,0.538547904192,0.388005239521,问题词,问题词,常规CRITIC+一维KMeans
2067,5533,525368335,9811363528,18.68,17,9,1.09882352941,0.529411764706,1,0,25,0.653443113772,0.494011976048,0.657934131737,0.127245508982,0.171407185629,0.223053892216,0.573727582334,0.314329680323,高,低,问题词,False,False,,True,0.07726888138,0.176937860683,False,False,False,0.57372754491,0.294910179641,问题词,问题词,常规CRITIC+一维KMeans
2068,5536,525368335,9811363528,0,0,0,,,,,,,,,,,,,,,,无效词,True,False,,False,,,False,False,False,,,无效词,无效词,结构性无成本无效益，先行归为无效词
2069,5538,525368335,9811363528,33.94,39,40,0.870256410256,1.02564102564,0.7778,0.2222,76,0.739520958084,0.318113772455,0.78255988024,0.505239520958,0.556137724551,0.452844311377,0.528817464187,0.588328487127,高,高,重点词,False,False,,True,0.0323587632332,0.0970609461209,False,False,False,0.528817365269,0.574195359281,重点词,重点词,常规CRITIC+一维KMeans
2070,5543,525368335,9811363528,0,0,0,,,,,,,,,,,,,,,,无效词,True,False,,False,,,False,False,False,,,无效词,无效词,结构性无成本无效益，先行归为无效词
2071,5551,525368335,9811363528,0.3,2,2,0.15,1,1,0,5,0.0213323353293,0.0108532934132,0.211826347305,0.40119760479,0.171407185629,0.134356287425,0.016092816831,0.22516638687,低,低,潜力词,False,False,,True,0.480365884123,0.266101154137,False,False,False,0.0160928143713,0.229696856287,潜力词,潜力词,常规CRITIC+一维KMeans
2072,5578,525368335,9811363528,0,0,0,,,,,,,,,,,,,,,,无效词,True,False,,False,,,False,False,False,,,无效词,无效词,结构性无成本无效益，先行归为无效词
2073,5583,525368335,9811363528,0,0,0,,,,,,,,,,,,,,,,无效词,True,False,,False,,,False,False,False,,,无效词,无效词,结构性无成本无效益，先行归为无效词
2074,5584,525368335,9811363528,0,0,0,,,,,,,,,,,,,,,,无效词,True,False,,False,,,False,False,False,,,无效词,无效词,结构性无成本无效益，先行归为无效词
2075,5588,525368335,9811363528,17.72,17,43,1.04235294118,2.52941176471,0.75,0.25,272,0.63622754491,0.465568862275,0.657934131737,0.809131736527,0.591317365269,0.848053892216,0.550898243652,0.714009134276,高,高,重点词,False,False,,True,0.0544395426981,0.22274159327,False,False,False,0.550898203593,0.726609281437,重点词,重点词,常规CRITIC+一维KMeans
2076,5591,525368335,9811363528,0.31,2,1,0.155,0.5,1,0,120,0.0235778443114,0.0187125748503,0.211826347305,0.109281437126,0.171407185629,0.615643712575,0.0211452107229,0.266280832028,低,低,潜力词,False,False,,True,0.475313490231,0.224986708979,False,False,False,0.0211452095808,0.277039670659,潜力词,潜力词,常规CRITIC+一维KMeans
2077,5593,525368335,9811363528,0,0,0,,,,,,,,,,,,,,,,无效词,True,False,,False,,,False,False,False,,,无效词,无效词,结构性无成本无效益，先行归为无效词
2078,5594,525368335,9811363528,0,0,0,,,,,,,,,,,,,,,,无效词,True,False,,False,,,False,False,False,,,无效词,无效词,结构性无成本无效益，先行归为无效词
2079,5596,525368335,9811363528,1051.38,988,1708,1.06414979757,1.72874493927,0.6986,0.3014,126,0.924401197605,0.474550898204,0.950598802395,0.675149700599,0.654191616766,0.650074850299,0.699476153498,0.743952834785,高,高,重点词,False,False,,True,0.203017452544,0.252685293778,False,False,False,0.699476047904,0.732503742515,重点词,重点词,常规CRITIC+一维KMeans
2080,5605,525368335,9811363528,0,0,0,,,,,,,,,,,,,,,,无效词,True,False,,False,,,False,False,False,,,无效词,无效词,结构性无成本无效益，先行归为无效词
2081,5608,525368335,9811363528,111.69,12,19,9.3075,1.58333333333,0.5714,0.4286,287,0.833083832335,0.990269461078,0.585703592814,0.649326347305,0.769835329341,0.858158682635,0.91167660981,0.709311595308,高,高,重点词,False,False,,True,0.415217908857,0.218044054302,False,False,False,0.911676646707,0.715755988024,重点词,重点词,常规CRITIC+一维KMeans
2082,5624,525368335,9811363528,5.22,14,5,0.372857142857,0.357142857143,1,0,54,0.407934131737,0.0576347305389,0.619760479042,0.0853293413174,0.171407185629,0.345434131737,0.232784513364,0.320739120633,低,低,潜力词,False,False,,True,0.26367418759,0.170528420373,False,False,False,0.232784431138,0.305482784431,潜力词,潜力词,常规CRITIC+一维KMeans
2083,5637,525368335,9811363528,0,0,0,,,,,,,,,,,,,,,,无效词,True,False,,False,,,False,False,False,,,无效词,无效词,结构性无成本无效益，先行归为无效词
2084,5640,525368335,9811363528,531.84,40,33,13.296,0.825,0.875,0.125,30,0.913173652695,0.994011976048,0.787799401198,0.237275449102,0.439371257485,0.241392215569,0.953592795396,0.45343887027,高,低,问题词,False,False,,True,0.457134094442,0.0378286707363,False,False,False,0.953592814371,0.426459580838,问题词,问题词,常规CRITIC+一维KMeans
2085,5656,525368335,9811363528,0,0,0,,,,,,,,,,,,,,,,无效词,True,False,,False,,,False,False,False,,,无效词,无效词,结构性无成本无效益，先行归为无效词
2086,5658,525368335,9811363528,2.07,2,2,1.035,1,1,0,120,0.231661676647,0.45995508982,0.211826347305,0.40119760479,0.171407185629,0.615643712575,0.345808329646,0.329903863551,低,低,潜力词,False,False,,True,0.150650371308,0.161363677456,False,False,False,0.345808383234,0.350018712575,潜力词,潜力词,常规CRITIC+一维KMeans
2087,5661,525368335,9811363528,0,0,0,,,,,,,,,,,,,,,,无效词,True,False,,False,,,False,False,False,,,无效词,无效词,结构性无成本无效益，先行归为无效词
2088,5672,525368335,9811363528,0,0,0,,,,,,,,,,,,,,,,无效词,True,False,,False,,,False,False,False,,,无效词,无效词,结构性无成本无效益，先行归为无效词
2089,5683,525368335,9811363528,0,0,0,,,,,,,,,,,,,,,,无效词,True,False,,False,,,False,False,False,,,无效词,无效词,结构性无成本无效益，先行归为无效词
2090,5693,525368335,9811363528,12.75,9,14,1.41666666667,1.55555555556,0.875,0.125,95,0.580838323353,0.694610778443,0.53255988024,0.644835329341,0.439371257485,0.526571856287,0.637724524192,0.530194578586,高,高,重点词,False,False,,True,0.141265823239,0.0389270375794,False,False,False,0.637724550898,0.535834580838,重点词,重点词,常规CRITIC+一维KMeans
2091,5694,525368335,9811363528,0,0,0,,,,,,,,,,,,,,,,无效词,True,False,,False,,,False,False,False,,,无效词,无效词,结构性无成本无效益，先行归为无效词
2092,5698,525368335,9811363528,0,0,0,,,,,,,,,,,,,,,,无效词,True,False,,False,,,False,False,False,,,无效词,无效词,结构性无成本无效益，先行归为无效词
2093,5705,525368335,9811363528,4.36,3,16,1.45333333333,5.33333333333,0.3333,0.6667,243,0.366766467066,0.714820359281,0.294161676647,0.941616766467,0.883607784431,0.819610778443,0.540793331475,0.711123523039,高,高,重点词,False,False,,True,0.0443346305209,0.219855982033,False,False,False,0.540793413174,0.734749251497,重点词,重点词,常规CRITIC+一维KMeans
2094,5720,525368335,9811363528,0,0,0,,,,,,,,,,,,,,,,无效词,True,False,,False,,,False,False,False,,,无效词,无效词,结构性无成本无效益，先行归为无效词
2095,5721,525368335,9811363528,5.21,4,4,1.3025,1,1,0,6,0.407185628743,0.627994011976,0.354416167665,0.40119760479,0.171407185629,0.141467065868,0.517589768529,0.268128000425,高,低,问题词,False,False,,True,0.021131067575,0.223139540582,False,False,False,0.517589820359,0.267122005988,问题词,问题词,常规CRITIC+一维KMeans
2096,5726,525368335,9811363528,5.1,3,2,1.7,0.666666666667,1,0,61,0.400823353293,0.811377245509,0.294161676647,0.161676646707,0.171407185629,0.377994011976,0.606100203031,0.249896861353,高,低,问题词,False,False,,True,0.109641502078,0.241370679653,False,False,False,0.606100299401,0.25130988024,问题词,问题词,常规CRITIC+一维KMeans
2097,5728,525368335,9811363528,0,0,0,,,,,,,,,,,,,,,,无效词,True,False,,False,,,False,False,False,,,无效词,无效词,结构性无成本无效益，先行归为无效词
2098,5730,525368335,9811363528,2.54,2,4,1.27,2,0.5,0.5,49,0.263847305389,0.603293413174,0.211826347305,0.744011976048,0.817739520958,0.324850299401,0.433570279603,0.518425325521,低,高,黄金词,False,False,,True,0.0628884213508,0.027157784515,False,False,False,0.433570359281,0.524607035928,黄金词,黄金词,常规CRITIC+一维KMeans
2099,5736,525368335,9811363528,0,0,0,,,,,,,,,,,,,,,,无效词,True,False,,False,,,False,False,False,,,无效词,无效词,结构性无成本无效益，先行归为无效词
2100,5745,525368335,9811363528,6.58,6,30,1.09666666667,5,0.2,0.8,596,0.461077844311,0.493263473054,0.440119760479,0.927769461078,0.899700598802,0.959206586826,0.477170651128,0.785285962254,低,高,黄金词,False,False,,True,0.019288049826,0.294018421248,False,False,False,0.477170658683,0.806699101796,黄金词,黄金词,常规CRITIC+一维KMeans
2101,5755,525368335,9811363528,29.05,27,41,1.07592592593,1.51851851852,0.6875,0.3125,141,0.718188622754,0.48128742515,0.738398203593,0.639221556886,0.661676646707,0.678892215569,0.59973807956,0.68281222396,高,高,重点词,False,False,,True,0.103279378607,0.191544682953,False,False,False,0.599738023952,0.679547155689,重点词,重点词,常规CRITIC+一维KMeans
2102,5764,525368335,9811363528,11.39,9,51,1.26555555556,5.66666666667,0.75,0.25,275,0.559131736527,0.596556886228,0.53255988024,0.949476047904,0.591317365269,0.851422155689,0.577844302592,0.708916095416,高,高,重点词,False,False,,True,0.0813856016388,0.21764855441,False,False,False,0.577844311377,0.731193862275,重点词,重点词,常规CRITIC+一维KMeans
2103,5771,525368335,9811363528,165.76,118,152,1.40474576271,1.28813559322,0.8571,0.1429,29,0.869011976048,0.684131736527,0.886601796407,0.582335329341,0.457709580838,0.237275449102,0.776571899685,0.561469586223,高,高,重点词,False,False,,True,0.280113198731,0.070202045217,False,False,False,0.776571856287,0.540980538922,重点词,重点词,常规CRITIC+一维KMeans
2104,5792,525368335,9811363528,0.45,1,0,0.45,0,0,1,0,0.0355538922156,0.0744760479042,0.0815868263473,0.0265718562874,0.953967065868,0.0310628742515,0.0550149609236,0.297623280957,低,低,潜力词,False,False,,True,0.44144374003,0.193644260049,False,False,False,0.0550149700599,0.273297155689,潜力词,潜力词,常规CRITIC+一维KMeans
2105,5800,525368335,9811363528,3.02,3,4,1.00666666667,1.33333333333,0.6667,0.3333,135,0.297904191617,0.437125748503,0.294161676647,0.590194610778,0.688622754491,0.669161676647,0.36751493738,0.548366930858,低,高,黄金词,False,False,,True,0.128943763573,0.0570993898521,False,False,False,0.36751497006,0.560535179641,黄金词,黄金词,常规CRITIC+一维KMeans
2106,5802,525368335,9811363528,4.09,3,13,1.36333333333,4.33333333333,0.5,0.5,112,0.353667664671,0.661676646707,0.294161676647,0.905314371257,0.817739520958,0.575224550898,0.507672083389,0.631981115261,高,高,重点词,False,False,,True,0.0112133824357,0.140713574255,True,False,True,0.507672155689,0.64811002994,重点词,重点词,常规CRITIC+一维KMeans
2107,5810,525368335,9811363528,0,0,0,,,,,,,,,,,,,,,,无效词,True,False,,False,,,False,False,False,,,无效词,无效词,结构性无成本无效益，先行归为无效词
2108,5817,525368335,9811363528,4.01,6,14,0.668333333333,2.33333333333,0.75,0.25,674,0.348428143713,0.163173652695,0.440119760479,0.787050898204,0.591317365269,0.971556886228,0.255800941689,0.672810678529,低,高,黄金词,False,False,,True,0.240657759265,0.181543137522,False,False,False,0.255800898204,0.697511227545,黄金词,黄金词,常规CRITIC+一维KMeans
2109,5830,525368335,9811363528,68.65,16,5,4.290625,0.3125,1,0,29,0.807634730539,0.954341317365,0.644461077844,0.0711077844311,0.171407185629,0.237275449102,0.880987989515,0.301276218564,高,低,问题词,False,False,,True,0.384529288562,0.189991322442,False,False,False,0.880988023952,0.281062874251,问题词,问题词,常规CRITIC+一维KMeans
2110,5831,525368335,9811363528,52.79,3,19,17.5966666667,6.33333333333,0.3333,0.6667,517,0.785928143713,0.99625748503,0.294161676647,0.961077844311,0.883607784431,0.945359281437,0.891092765,0.742730371199,高,高,重点词,False,False,,True,0.394634064047,0.251462830193,False,False,False,0.891092814371,0.771051646707,重点词,重点词,常规CRITIC+一维KMeans
2111,5836,525368335,9811363528,0,0,0,,,,,,,,,,,,,,,,无效词,True,False,,False,,,False,False,False,,,无效词,无效词,结构性无成本无效益，先行归为无效词
2112,5841,525368335,9811363528,3.53,6,5,0.588333333333,0.833333333333,1,0,181,0.324101796407,0.123502994012,0.440119760479,0.244386227545,0.171407185629,0.741766467066,0.223802442296,0.389479785098,低,低,潜力词,False,False,,True,0.272656258657,0.101787755908,False,False,False,0.22380239521,0.39941991018,潜力词,潜力词,常规CRITIC+一维KMeans
2113,5844,525368335,9811363528,0,0,1,,,,,,,,,,,,,,,,潜力词,False,True,点击=0但浏览>0,False,,,False,False,False,,,潜力词,潜力词,异常记录不参与拟合；依据0成本、0点击和少量浏览暂归潜力词
2114,5866,525368335,9811363528,0,0,0,,,,,,,,,,,,,,,,无效词,True,False,,False,,,False,False,False,,,无效词,无效词,结构性无成本无效益，先行归为无效词
2115,5869,525368335,9811363528,12.17,5,3,2.434,0.6,1,0,8,0.568862275449,0.90494011976,0.400449101796,0.139221556886,0.171407185629,0.157934131737,0.736901118717,0.227983889876,高,低,问题词,False,False,,True,0.240442417763,0.26328365113,False,False,False,0.736901197605,0.217252994012,问题词,问题词,常规CRITIC+一维KMeans
2116,5872,525368335,9811363528,0.96,2,3,0.48,1.5,0.5,0.5,96,0.0991766467066,0.0808383233533,0.211826347305,0.630613772455,0.817739520958,0.531437125749,0.0900074893345,0.538667524292,低,高,黄金词,False,False,,True,0.406451211619,0.0473999832854,False,False,False,0.0900074850299,0.547904191617,黄金词,黄金词,常规CRITIC+一维KMeans
2117,5873,525368335,9811363528,0,0,0,,,,,,,,,,,,,,,,无效词,True,False,,False,,,False,False,False,,,无效词,无效词,结构性无成本无效益，先行归为无效词
2118,5885,525368335,9811363528,1.71,2,1,0.855,0.5,1,0,2,0.188622754491,0.308008982036,0.211826347305,0.109281437126,0.171407185629,0.0943113772455,0.24831584024,0.152828806354,低,低,潜力词,False,False,,True,0.248142860714,0.338438734653,False,False,False,0.248315868263,0.146706586826,潜力词,潜力词,常规CRITIC+一维KMeans
2119,5888,525368335,9811363528,2.86,4,6,0.715,1.5,0.3333,0.6667,130,0.285179640719,0.190868263473,0.354416167665,0.630613772455,0.883607784431,0.66130239521,0.238023974234,0.626390026167,低,高,黄金词,False,False,,True,0.25843472672,0.135122485161,False,False,False,0.238023952096,0.63248502994,黄金词,黄金词,常规CRITIC+一维KMeans
2120,5891,525368335,9811363528,112.7,110,170,1.02454545455,1.54545454545,0.3,0.7,569,0.836077844311,0.452095808383,0.880239520958,0.642589820359,0.889221556886,0.955464071856,0.64408691648,0.847275141227,高,高,重点词,False,False,,True,0.147628215526,0.356007600221,False,False,False,0.644086826347,0.841878742515,重点词,重点词,常规CRITIC+一维KMeans
2121,5893,525368335,9811363528,0,0,0,,,,,,,,,,,,,,,,无效词,True,False,,False,,,False,False,False,,,无效词,无效词,结构性无成本无效益，先行归为无效词
2122,5896,525368335,9811363528,18.37,25,53,0.7348,2.12,0.4762,0.5238,192,0.646706586826,0.203592814371,0.720808383234,0.765718562874,0.845434131737,0.760479041916,0.425149804611,0.773375638072,低,高,黄金词,False,False,,True,0.0713088963422,0.282108097066,False,False,False,0.425149700599,0.77311002994,黄金词,黄金词,常规CRITIC+一维KMeans
2123,5897,525368335,9811363528,0.43,2,1,0.215,0.5,1,0,0,0.0344311377246,0.0243263473054,0.211826347305,0.109281437126,0.171407185629,0.0310628742515,0.0293787448869,0.139064705608,低,低,潜力词,False,False,,True,0.467079956067,0.352202835398,False,False,False,0.029378742515,0.130894461078,潜力词,潜力词,常规CRITIC+一维KMeans
2124,5898,525368335,9811363528,0,0,0,,,,,,,,,,,,,,,,无效词,True,False,,False,,,False,False,False,,,无效词,无效词,结构性无成本无效益，先行归为无效词
2125,5902,525368335,9811363528,7.4,7,5,1.05714285714,0.714285714286,0.75,0.25,13,0.485778443114,0.473053892216,0.47380239521,0.180763473054,0.591317365269,0.183008982036,0.479416170652,0.378850095788,低,低,潜力词,False,False,,True,0.0170425303021,0.112417445219,False,False,False,0.479416167665,0.357223053892,潜力词,潜力词,常规CRITIC+一维KMeans
2126,5913,525368335,9811363528,4.42,6,31,0.736666666667,5.16666666667,0.25,0.75,412,0.368637724551,0.204341317365,0.440119760479,0.935254491018,0.896706586826,0.922155688623,0.286489559524,0.778034003988,低,高,黄金词,False,False,,True,0.20996914143,0.286766462981,False,False,False,0.286489520958,0.798559131737,黄金词,黄金词,常规CRITIC+一维KMeans
2127,5916,525368335,9811363528,0,0,0,,,,,,,,,,,,,,,,无效词,True,False,,False,,,False,False,False,,,无效词,无效词,结构性无成本无效益，先行归为无效词
2128,5918,525368335,9811363528,0,0,0,,,,,,,,,,,,,,,,无效词,True,False,,False,,,False,False,False,,,无效词,无效词,结构性无成本无效益，先行归为无效词
2129,5921,525368335,9811363528,1.97,1,0,1.97,0,0,1,0,0.221556886228,0.868263473054,0.0815868263473,0.0265718562874,0.953967065868,0.0310628742515,0.544910027839,0.297623280957,高,低,问题词,False,False,,True,0.0484513268849,0.193644260049,False,False,False,0.544910179641,0.273297155689,问题词,问题词,常规CRITIC+一维KMeans
2130,5928,525368335,9811363528,0.85,1,1,0.85,1,1,0,3,0.0804640718563,0.302769461078,0.0815868263473,0.40119760479,0.171407185629,0.112275449102,0.191616714285,0.182534052109,低,低,潜力词,False,False,,True,0.304841986669,0.308733488898,False,False,False,0.191616766467,0.191616766467,潜力词,潜力词,常规CRITIC+一维KMeans
2131,5931,525368335,9811363528,0,0,0,,,,,,,,,,,,,,,,无效词,True,False,,False,,,False,False,False,,,无效词,无效词,结构性无成本无效益，先行归为无效词
2132,5935,525368335,9811363528,46.08,7,7,6.58285714286,1,0.8,0.2,190,0.77619760479,0.979790419162,0.47380239521,0.40119760479,0.529565868263,0.755988023952,0.877993964186,0.534665806936,高,高,重点词,False,False,,True,0.381535263233,0.0433982659295,False,False,False,0.877994011976,0.540138473054,重点词,重点词,常规CRITIC+一维KMeans
2133,5964,525368335,9811363528,0,0,0,,,,,,,,,,,,,,,,无效词,True,False,,False,,,False,False,False,,,无效词,无效词,结构性无成本无效益，先行归为无效词
2134,5979,525368335,9811363528,0,0,0,,,,,,,,,,,,,,,,无效词,True,False,,False,,,False,False,False,,,无效词,无效词,结构性无成本无效益，先行归为无效词
2135,5985,525368335,9811363528,0,0,0,,,,,,,,,,,,,,,,无效词,True,False,,False,,,False,False,False,,,无效词,无效词,结构性无成本无效益，先行归为无效词
2136,5996,525368335,9811363528,0,0,0,,,,,,,,,,,,,,,,无效词,True,False,,False,,,False,False,False,,,无效词,无效词,结构性无成本无效益，先行归为无效词
2137,6009,525368335,9811363528,0,0,0,,,,,,,,,,,,,,,,无效词,True,False,,False,,,False,False,False,,,无效词,无效词,结构性无成本无效益，先行归为无效词
2138,6021,525368335,9811363528,2.94,2,1,1.47,0.5,1,0,18,0.292290419162,0.72380239521,0.211826347305,0.109281437126,0.171407185629,0.200224550898,0.508046305896,0.175877566774,高,低,问题词,False,False,,True,0.0115876049427,0.315389974232,True,False,True,0.508046407186,0.17318488024,问题词,问题词,常规CRITIC+一维KMeans
2139,6029,525368335,9811363528,120.76,18,36,6.70888888889,2,0.7059,0.2941,104,0.844311377246,0.980538922156,0.670658682635,0.744011976048,0.646706586826,0.556137724551,0.912425117724,0.655161434305,高,高,重点词,False,False,,True,0.41596641677,0.163893893299,False,False,False,0.912425149701,0.654378742515,重点词,重点词,常规CRITIC+一维KMeans
2140,6039,525368335,9811363528,0,0,0,,,,,,,,,,,,,,,,无效词,True,False,,False,,,False,False,False,,,无效词,无效词,结构性无成本无效益，先行归为无效词
2141,6042,525368335,9811363528,0,0,0,,,,,,,,,,,,,,,,无效词,True,False,,False,,,False,False,False,,,无效词,无效词,结构性无成本无效益，先行归为无效词
2142,6077,525368335,9811363528,0,0,0,,,,,,,,,,,,,,,,无效词,True,False,,False,,,False,False,False,,,无效词,无效词,结构性无成本无效益，先行归为无效词
2143,6109,525368335,9811363528,0,0,0,,,,,,,,,,,,,,,,无效词,True,False,,False,,,False,False,False,,,无效词,无效词,结构性无成本无效益，先行归为无效词
2144,6113,525368335,9811363528,0,0,0,,,,,,,,,,,,,,,,无效词,True,False,,False,,,False,False,False,,,无效词,无效词,结构性无成本无效益，先行归为无效词
2145,6118,525368335,9811363528,0,0,0,,,,,,,,,,,,,,,,无效词,True,False,,False,,,False,False,False,,,无效词,无效词,结构性无成本无效益，先行归为无效词
2146,6130,525368335,9811363528,2.93,3,1,0.976666666667,0.333333333333,1,0,13,0.290793413174,0.410179640719,0.294161676647,0.0774700598802,0.171407185629,0.183008982036,0.350486498922,0.189111540198,低,低,潜力词,False,False,,True,0.145972202031,0.302156000809,False,False,False,0.350486526946,0.181511976048,潜力词,潜力词,常规CRITIC+一维KMeans
2147,6131,525368335,9811363528,0,0,0,,,,,,,,,,,,,,,,无效词,True,False,,False,,,False,False,False,,,无效词,无效词,结构性无成本无效益，先行归为无效词
2148,6152,525368335,9811363528,7.29,9,8,0.81,0.888888888889,0.8571,0.1429,410,0.482035928144,0.259356287425,0.53255988024,0.269835329341,0.457709580838,0.920658682635,0.370696160054,0.539248874132,低,高,黄金词,False,False,,True,0.125762540899,0.0479813331258,False,False,False,0.370696107784,0.545190868263,黄金词,黄金词,常规CRITIC+一维KMeans
2149,6162,525368335,9811363528,121.83,24,24,5.07625,1,0.9048,0.0952,45,0.848053892216,0.961826347305,0.715194610778,0.40119760479,0.405688622754,0.306886227545,0.904940093055,0.473102239922,高,低,问题词,False,False,,True,0.408481392101,0.018165301084,False,False,False,0.90494011976,0.457241766467,问题词,问题词,常规CRITIC+一维KMeans
2150,6173,525368335,9811363528,1.4,1,1,1.4,1,1,0,46,0.152320359281,0.680763473054,0.0815868263473,0.40119760479,0.171407185629,0.312874251497,0.416541792126,0.226188241456,低,低,潜力词,False,False,,True,0.079916908828,0.26507929955,False,False,False,0.416541916168,0.241766467066,潜力词,潜力词,常规CRITIC+一维KMeans
2151,6175,525368335,9811363528,0,0,0,,,,,,,,,,,,,,,,无效词,True,False,,False,,,False,False,False,,,无效词,无效词,结构性无成本无效益，先行归为无效词
2152,6177,525368335,9811363528,0,0,0,,,,,,,,,,,,,,,,无效词,True,False,,False,,,False,False,False,,,无效词,无效词,结构性无成本无效益，先行归为无效词
2153,6190,525368335,9811363528,0,0,0,,,,,,,,,,,,,,,,无效词,True,False,,False,,,False,False,False,,,无效词,无效词,结构性无成本无效益，先行归为无效词
2154,6202,525368335,9811363528,0,0,0,,,,,,,,,,,,,,,,无效词,True,False,,False,,,False,False,False,,,无效词,无效词,结构性无成本无效益，先行归为无效词
2155,6206,525368335,9811363528,0,0,0,,,,,,,,,,,,,,,,无效词,True,False,,False,,,False,False,False,,,无效词,无效词,结构性无成本无效益，先行归为无效词
2156,6208,525368335,9811363528,0,0,0,,,,,,,,,,,,,,,,无效词,True,False,,False,,,False,False,False,,,无效词,无效词,结构性无成本无效益，先行归为无效词
2157,6211,525368335,9811363528,0,0,0,,,,,,,,,,,,,,,,无效词,True,False,,False,,,False,False,False,,,无效词,无效词,结构性无成本无效益，先行归为无效词
2158,6220,525368335,9811363528,0.76,2,2,0.38,1,1,0,1,0.0681137724551,0.0587574850299,0.211826347305,0.40119760479,0.171407185629,0.0737275449102,0.0634356309387,0.211972396806,低,低,潜力词,False,False,,True,0.433023070015,0.279295144201,False,False,False,0.0634356287425,0.214539670659,潜力词,潜力词,常规CRITIC+一维KMeans
2159,6222,525368335,9811363528,0,0,0,,,,,,,,,,,,,,,,无效词,True,False,,False,,,False,False,False,,,无效词,无效词,结构性无成本无效益，先行归为无效词
2160,6229,525368335,9811363528,1.21,1,1,1.21,1,1,0,3,0.124251497006,0.568113772455,0.0815868263473,0.40119760479,0.171407185629,0.112275449102,0.346182530542,0.182534052109,低,低,潜力词,False,False,,True,0.150276170411,0.308733488898,False,False,False,0.346182634731,0.191616766467,潜力词,潜力词,常规CRITIC+一维KMeans
2161,6231,525368335,9811363528,0.88,2,1,0.44,0.5,1,0,120,0.0838323353293,0.0688622754491,0.211826347305,0.109281437126,0.171407185629,0.615643712575,0.0763473089032,0.266280832028,低,低,潜力词,False,False,,True,0.42011139205,0.224986708979,False,False,False,0.0763473053892,0.277039670659,潜力词,潜力词,常规CRITIC+一维KMeans
2162,6246,525368335,9811363528,53.38,10,23,5.338,2.3,0.6364,0.3636,79,0.788173652695,0.967065868263,0.55127245509,0.784431137725,0.723428143713,0.465943113772,0.877619718487,0.630688629922,高,高,重点词,False,False,,True,0.381161017534,0.139421088916,False,False,False,0.877619760479,0.631268712575,重点词,重点词,常规CRITIC+一维KMeans
2163,6250,525368335,9811363528,1.47,1,1,1.47,1,1,0,10,0.160553892216,0.72380239521,0.0815868263473,0.40119760479,0.171407185629,0.169161676647,0.442178011501,0.194913598342,低,低,潜力词,False,False,,True,0.054280689453,0.296353942665,False,False,False,0.442178143713,0.205838323353,潜力词,潜力词,常规CRITIC+一维KMeans
2164,6261,525368335,9811363528,27.63,12,14,2.3025,1.16666666667,0.8333,0.1667,86,0.711077844311,0.895209580838,0.585703592814,0.543038922156,0.487275449102,0.495883233533,0.803143669353,0.529890034631,高,高,重点词,False,False,,True,0.3066849684,0.038622493625,False,False,False,0.803143712575,0.527975299401,重点词,重点词,常规CRITIC+一维KMeans
2165,6269,525368335,9811363528,0,0,0,,,,,,,,,,,,,,,,无效词,True,False,,False,,,False,False,False,,,无效词,无效词,结构性无成本无效益，先行归为无效词
2166,6272,525368335,9811363528,121.35,23,43,5.27608695652,1.86956521739,0.75,0.25,57,0.845808383234,0.965568862275,0.709580838323,0.710329341317,0.591317365269,0.358532934132,0.905688594643,0.600946340167,高,高,重点词,False,False,,True,0.409229893689,0.109678799161,False,False,False,0.905688622754,0.59244011976,重点词,重点词,常规CRITIC+一维KMeans
2167,6291,525368335,9811363528,0,0,0,,,,,,,,,,,,,,,,无效词,True,False,,False,,,False,False,False,,,无效词,无效词,结构性无成本无效益，先行归为无效词
2168,6305,525368335,9811363528,3.8,5,6,0.76,1.2,0.75,0.25,15,0.336077844311,0.22380239521,0.400449101796,0.552020958084,0.591317365269,0.190868263473,0.279940146115,0.440170945561,低,低,潜力词,False,False,,True,0.216518554839,0.0510965954454,False,False,False,0.27994011976,0.433663922156,潜力词,潜力词,常规CRITIC+一维KMeans
2169,6306,525368335,9811363528,0,0,0,,,,,,,,,,,,,,,,无效词,True,False,,False,,,False,False,False,,,无效词,无效词,结构性无成本无效益，先行归为无效词
2170,6307,525368335,9811363528,20.78,8,22,2.5975,2.75,0.7143,0.2857,223,0.671407185629,0.912425149701,0.504491017964,0.832709580838,0.636976047904,0.79752994012,0.79191611109,0.67609643876,高,高,重点词,False,False,,True,0.295457410137,0.184828897753,False,False,False,0.791916167665,0.692926646707,重点词,重点词,常规CRITIC+一维KMeans
2171,6340,525368335,9811363528,1.45,1,0,1.45,0,0,1,0,0.157185628743,0.712949101796,0.0815868263473,0.0265718562874,0.953967065868,0.0310628742515,0.435067234814,0.297623280957,低,低,潜力词,False,False,,True,0.0613914661392,0.193644260049,False,False,False,0.435067365269,0.273297155689,潜力词,潜力词,常规CRITIC+一维KMeans
2172,6343,525368335,9811363528,40.22,9,35,4.46888888889,3.88888888889,0.5,0.5,214,0.756736526946,0.956586826347,0.53255988024,0.894461077844,0.817739520958,0.793413173653,0.856661629736,0.746338733276,高,高,重点词,False,False,,True,0.360202928782,0.25507119227,False,False,False,0.856661676647,0.759543413174,重点词,重点词,常规CRITIC+一维KMeans
2173,6351,525368335,9811363528,0,0,0,,,,,,,,,,,,,,,,无效词,True,False,,False,,,False,False,False,,,无效词,无效词,结构性无成本无效益，先行归为无效词
2174,6353,525368335,9811363528,1.5,2,2,0.75,1,1,0,2,0.167290419162,0.215568862275,0.211826347305,0.40119760479,0.171407185629,0.0943113772455,0.191429629386,0.216451837877,低,低,潜力词,False,False,,True,0.305029071568,0.27481570313,False,False,False,0.191429640719,0.219685628743,潜力词,潜力词,常规CRITIC+一维KMeans
2175,6359,525368335,9811363528,0,0,0,,,,,,,,,,,,,,,,无效词,True,False,,False,,,False,False,False,,,无效词,无效词,结构性无成本无效益，先行归为无效词
2176,6363,525368335,9811363528,0,0,0,,,,,,,,,,,,,,,,无效词,True,False,,False,,,False,False,False,,,无效词,无效词,结构性无成本无效益，先行归为无效词
2177,6365,525368335,9811363528,0,0,0,,,,,,,,,,,,,,,,无效词,True,False,,False,,,False,False,False,,,无效词,无效词,结构性无成本无效益，先行归为无效词
2178,6366,525368335,9811363528,12.65,13,36,0.973076923077,2.76923076923,0.6923,0.3077,81,0.577095808383,0.407185628743,0.605164670659,0.834580838323,0.658308383234,0.474550898204,0.492140758446,0.641302511437,低,高,黄金词,False,False,,True,0.00431794250753,0.150034970431,True,False,True,0.492140718563,0.643151197605,黄金词,黄金词,常规CRITIC+一维KMeans
2179,6372,525368335,9811363528,4.92,4,10,1.23,2.5,0.75,0.25,37,0.392215568862,0.575973053892,0.354416167665,0.805763473054,0.591317365269,0.266841317365,0.484094268244,0.498637322977,低,高,黄金词,False,False,,True,0.01236443271,0.00736978197104,True,True,True,0.484094311377,0.504584580838,黄金词,潜力词,常规CRITIC+一维KMeans
2180,6383,525368335,9811363528,2.7,5,4,0.54,0.8,1,0,92,0.271706586826,0.101796407186,0.400449101796,0.225299401198,0.171407185629,0.516092814371,0.186751536889,0.324686802014,低,低,潜力词,False,False,,True,0.309707164064,0.166580738993,False,False,False,0.186751497006,0.328312125749,潜力词,潜力词,常规CRITIC+一维KMeans
2181,6402,525368335,9811363528,0,0,0,,,,,,,,,,,,,,,,无效词,True,False,,False,,,False,False,False,,,无效词,无效词,结构性无成本无效益，先行归为无效词
2182,6407,525368335,9811363528,0,0,0,,,,,,,,,,,,,,,,无效词,True,False,,False,,,False,False,False,,,无效词,无效词,结构性无成本无效益，先行归为无效词
2183,6409,525368335,9811363528,0,0,0,,,,,,,,,,,,,,,,无效词,True,False,,False,,,False,False,False,,,无效词,无效词,结构性无成本无效益，先行归为无效词
2184,6418,525368335,9811363528,0,0,0,,,,,,,,,,,,,,,,无效词,True,False,,False,,,False,False,False,,,无效词,无效词,结构性无成本无效益，先行归为无效词
2185,6428,525368335,9811363528,0,0,0,,,,,,,,,,,,,,,,无效词,True,False,,False,,,False,False,False,,,无效词,无效词,结构性无成本无效益，先行归为无效词
2186,6432,525368335,9811363528,5.13,4,2,1.2825,0.5,1,0,75,0.402694610778,0.610778443114,0.354416167665,0.109281437126,0.171407185629,0.448353293413,0.506736478102,0.271289363053,高,低,问题词,False,False,,True,0.0102777771487,0.219978177953,True,False,True,0.506736526946,0.270864520958,问题词,问题词,常规CRITIC+一维KMeans
2187,6436,525368335,9811363528,9.62,7,6,1.37428571429,0.857142857143,1,0,52,0.528443113772,0.666916167665,0.47380239521,0.256736526946,0.171407185629,0.336077844311,0.597679608215,0.313668692315,高,低,问题词,False,False,,True,0.101220907261,0.177598848691,False,False,False,0.597679640719,0.309505988024,问题词,问题词,常规CRITIC+一维KMeans
2188,6440,525368335,9811363528,11.87,8,17,1.48375,2.125,0.875,0.125,81,0.564371257485,0.732784431138,0.504491017964,0.767215568862,0.439371257485,0.474550898204,0.64857780478,0.537394146056,高,高,重点词,False,False,,True,0.152119103826,0.0461266050495,False,False,False,0.648577844311,0.546407185629,重点词,重点词,常规CRITIC+一维KMeans
2189,6444,525368335,9811363528,0,0,0,,,,,,,,,,,,,,,,无效词,True,False,,False,,,False,False,False,,,无效词,无效词,结构性无成本无效益，先行归为无效词
2190,6446,525368335,9811363528,0,0,0,,,,,,,,,,,,,,,,无效词,True,False,,False,,,False,False,False,,,无效词,无效词,结构性无成本无效益，先行归为无效词
2191,6451,525368335,9811363528,0,0,0,,,,,,,,,,,,,,,,无效词,True,False,,False,,,False,False,False,,,无效词,无效词,结构性无成本无效益，先行归为无效词
2192,6457,525368335,9811363528,0.73,1,1,0.73,1,1,0,120,0.063622754491,0.201721556886,0.0815868263473,0.40119760479,0.171407185629,0.615643712575,0.132672123273,0.292076747393,低,低,潜力词,False,False,,True,0.363786577681,0.199190793613,False,False,False,0.132672155689,0.317458832335,潜力词,潜力词,常规CRITIC+一维KMeans
2193,6461,525368335,9811363528,0,0,0,,,,,,,,,,,,,,,,无效词,True,False,,False,,,False,False,False,,,无效词,无效词,结构性无成本无效益，先行归为无效词
2194,6470,525368335,9811363528,0,0,0,,,,,,,,,,,,,,,,无效词,True,False,,False,,,False,False,False,,,无效词,无效词,结构性无成本无效益，先行归为无效词
2195,6473,525368335,9811363528,0,0,0,,,,,,,,,,,,,,,,无效词,True,False,,False,,,False,False,False,,,无效词,无效词,结构性无成本无效益，先行归为无效词
2196,6474,525368335,9811363528,12230.47,690,1211,17.7253188406,1.75507246377,0.6592,0.3408,172,0.983532934132,0.997005988024,0.940868263473,0.684131736527,0.708083832335,0.726796407186,0.990269457915,0.774546235388,高,高,重点词,False,False,,True,0.493810756962,0.283278694381,False,False,False,0.990269461078,0.76497005988,重点词,重点词,常规CRITIC+一维KMeans
2197,6483,525368335,9811363528,21240.56,994,2010,21.3687726358,2.02213279678,0.8,0.2,157,0.988023952096,0.997754491018,0.951347305389,0.756736526946,0.529565868263,0.705838323353,0.992889219273,0.739941275185,高,高,重点词,False,False,,True,0.496430518319,0.248673734179,False,False,False,0.992889221557,0.735872005988,重点词,重点词,常规CRITIC+一维KMeans
2198,6487,525368335,9811363528,4.97,9,4,0.552222222222,0.444444444444,1,0,65,0.394461077844,0.105538922156,0.53255988024,0.0901946107784,0.171407185629,0.410179640719,0.250000067819,0.310562606722,低,低,潜力词,False,False,,True,0.246458633135,0.180704934284,False,False,False,0.25,0.301085329341,潜力词,潜力词,常规CRITIC+一维KMeans
2199,6488,525368335,9811363528,0,0,0,,,,,,,,,,,,,,,,无效词,True,False,,False,,,False,False,False,,,无效词,无效词,结构性无成本无效益，先行归为无效词
2200,6490,525368335,9811363528,166.07,165,145,1.00648484848,0.878787878788,0.9524,0.0476,55,0.869760479042,0.436377245509,0.902694610778,0.26497005988,0.356661676647,0.351422155689,0.653068964004,0.494128569422,高,高,重点词,False,False,,True,0.15661026305,0.00286102841582,False,True,True,0.653068862275,0.468937125749,问题词,问题词,常规CRITIC+一维KMeans
2201,6492,525368335,9811363528,0,0,0,,,,,,,,,,,,,,,,无效词,True,False,,False,,,False,False,False,,,无效词,无效词,结构性无成本无效益，先行归为无效词
2202,6503,525368335,9811363528,5.49,7,15,0.784285714286,2.14285714286,0.8,0.2,89,0.420284431138,0.239520958084,0.47380239521,0.76871257485,0.529565868263,0.507110778443,0.329902737042,0.560605057495,低,高,黄金词,False,False,,True,0.166555963912,0.0693375164882,False,False,False,0.329902694611,0.569797904192,黄金词,黄金词,常规CRITIC+一维KMeans
2203,6510,525368335,9811363528,1.89,2,4,0.945,2,0.5,0.5,26,0.212949101796,0.38248502994,0.211826347305,0.744011976048,0.817739520958,0.228293413174,0.297717026073,0.497412674679,低,高,黄金词,False,False,,True,0.198741674881,0.00614513367228,False,True,True,0.297717065868,0.500467814371,潜力词,潜力词,常规CRITIC+一维KMeans
2204,6516,525368335,9811363528,110.03,110,88,1.00027272727,0.8,1,0,3,0.831586826347,0.434880239521,0.880239520958,0.225299401198,0.171407185629,0.112275449102,0.633233626054,0.376159930206,高,低,问题词,False,False,,True,0.1367749251,0.115107610801,False,False,False,0.633233532934,0.347305389222,问题词,问题词,常规CRITIC+一维KMeans
2205,6518,525368335,9811363528,10.03,8,46,1.25375,5.75,0.4286,0.5714,322,0.534431137725,0.588323353293,0.504491017964,0.950598802395,0.858158682635,0.880239520958,0.561377232859,0.780391008437,高,高,重点词,False,False,,True,0.0649185319052,0.28912346743,False,False,False,0.561377245509,0.798372005988,重点词,重点词,常规CRITIC+一维KMeans
2206,6522,525368335,9811363528,31241.97,10293,31253,3.0352637715,3.03633537355,0.8863,0.1137,39,0.991017964072,0.931137724551,0.986526946108,0.858532934132,0.425898203593,0.273952095808,0.961077858367,0.649954896739,高,高,重点词,False,False,,True,0.464619157414,0.158687355733,False,False,False,0.961077844311,0.63622754491,重点词,重点词,常规CRITIC+一维KMeans
2207,6523,525368335,9811363528,1.35,1,1,1.35,1,1,0,37,0.146706586826,0.653068862275,0.0815868263473,0.40119760479,0.171407185629,0.266841317365,0.399887605692,0.216170582334,低,低,潜力词,False,False,,True,0.0965710952617,0.275096958673,False,False,False,0.399887724551,0.230258233533,潜力词,潜力词,常规CRITIC+一维KMeans
2208,6529,525368335,9811363528,0,0,0,,,,,,,,,,,,,,,,无效词,True,False,,False,,,False,False,False,,,无效词,无效词,结构性无成本无效益，先行归为无效词
2209,6542,525368335,9811363528,2.88,3,2,0.96,0.666666666667,1,0,502,0.286676646707,0.396332335329,0.294161676647,0.161676646707,0.171407185629,0.941616766467,0.341504465278,0.372552102319,低,低,潜力词,False,False,,True,0.154954235675,0.118715438688,False,False,False,0.341504491018,0.392215568862,潜力词,潜力词,常规CRITIC+一维KMeans
2210,6547,525368335,9811363528,0,0,0,,,,,,,,,,,,,,,,无效词,True,False,,False,,,False,False,False,,,无效词,无效词,结构性无成本无效益，先行归为无效词
2211,6554,525368335,9811363528,22.07,120,24,0.183916666667,0.2,0.5714,0.4286,127,0.677395209581,0.0209580838323,0.888473053892,0.061377245509,0.769835329341,0.652320359281,0.349176800793,0.624311048876,低,高,黄金词,False,False,,True,0.147281900161,0.133043507869,False,False,False,0.349176646707,0.593001497006,黄金词,黄金词,常规CRITIC+一维KMeans
2212,6561,525368335,9811363528,190.83,93,12,2.05193548387,0.129032258065,0.8333,0.1667,108,0.879491017964,0.87874251497,0.868637724551,0.0568862275449,0.487275449102,0.565868263473,0.879116766643,0.521339465285,高,高,重点词,False,False,,True,0.382658065689,0.0300719242782,False,False,False,0.879116766467,0.494666916168,问题词,重点词,常规CRITIC+一维KMeans
2213,6579,525368335,9811363528,10.19,10,7,1.019,0.7,1,0,54,0.538173652695,0.448353293413,0.55127245509,0.177020958084,0.171407185629,0.345434131737,0.493263494138,0.320831432405,低,低,潜力词,False,False,,True,0.00319520681609,0.170436108601,True,False,True,0.493263473054,0.311283682635,潜力词,潜力词,常规CRITIC+一维KMeans
2214,6583,525368335,9811363528,0,0,0,,,,,,,,,,,,,,,,无效词,True,False,,False,,,False,False,False,,,无效词,无效词,结构性无成本无效益，先行归为无效词
2215,6588,525368335,9811363528,0,0,0,,,,,,,,,,,,,,,,无效词,True,False,,False,,,False,False,False,,,无效词,无效词,结构性无成本无效益，先行归为无效词
2216,6595,525368335,9811363528,2,1,0,2,0,0,1,0,0.226047904192,0.87125748503,0.0815868263473,0.0265718562874,0.953967065868,0.0310628742515,0.54865254316,0.297623280957,高,低,问题词,False,False,,True,0.0521938422063,0.193644260049,False,False,False,0.548652694611,0.273297155689,问题词,问题词,常规CRITIC+一维KMeans
2217,6601,525368335,9811363528,0.75,1,1,0.75,1,1,0,8,0.0666167664671,0.215568862275,0.0815868263473,0.40119760479,0.171407185629,0.157934131737,0.141092779408,0.192470266848,低,低,潜力词,False,False,,True,0.355365921546,0.298797274158,False,False,False,0.141092814371,0.203031437126,潜力词,潜力词,常规CRITIC+一维KMeans
2218,6607,525368335,9811363528,2674.93,1735,2223,1.54174639769,1.28126801153,0.6209,0.3791,240,0.958832335329,0.75748502994,0.959580838323,0.577095808383,0.735778443114,0.817365269461,0.858158729897,0.78395025981,高,高,重点词,False,False,,True,0.361700028944,0.292682718803,False,False,False,0.858158682635,0.77245508982,重点词,重点词,常规CRITIC+一维KMeans
2219,6615,525368335,9811363528,0,0,0,,,,,,,,,,,,,,,,无效词,True,False,,False,,,False,False,False,,,无效词,无效词,结构性无成本无效益，先行归为无效词
2220,6616,525368335,9811363528,5.75,3,6,1.91666666667,2,0.3333,0.6667,19,0.43001497006,0.859281437126,0.294161676647,0.744011976048,0.883607784431,0.202844311377,0.644648102831,0.53383528141,高,高,重点词,False,False,,True,0.148189401877,0.0425677404035,False,False,False,0.644648203593,0.531156437126,重点词,重点词,常规CRITIC+一维KMeans
2221,6621,525368335,9811363528,0,0,0,,,,,,,,,,,,,,,,无效词,True,False,,False,,,False,False,False,,,无效词,无效词,结构性无成本无效益，先行归为无效词
2222,6631,525368335,9811363528,0,0,0,,,,,,,,,,,,,,,,无效词,True,False,,False,,,False,False,False,,,无效词,无效词,结构性无成本无效益，先行归为无效词
2223,6639,525368335,9811363528,0.69,1,1,0.69,1,1,0,120,0.0583832335329,0.180763473054,0.0815868263473,0.40119760479,0.171407185629,0.615643712575,0.119573324567,0.292076747393,低,低,潜力词,False,False,,True,0.376885376387,0.199190793613,False,False,False,0.119573353293,0.317458832335,潜力词,潜力词,常规CRITIC+一维KMeans
2224,6641,525368335,9811363528,0.37,1,0,0.37,0,0,1,0,0.0310628742515,0.0557634730539,0.0815868263473,0.0265718562874,0.953967065868,0.0310628742515,0.0434131678547,0.297623280957,低,低,潜力词,False,False,,True,0.453045533099,0.193644260049,False,False,False,0.0434131736527,0.273297155689,潜力词,潜力词,常规CRITIC+一维KMeans
2225,6648,525368335,9811363528,18,18,12,1,0.666666666667,0.8,0.2,39,0.63997005988,0.433008982036,0.670658682635,0.161676646707,0.529565868263,0.273952095808,0.536489569538,0.434737397119,高,低,问题词,False,False,,True,0.0400308685847,0.0565301438874,False,False,False,0.536489520958,0.408963323353,问题词,问题词,常规CRITIC+一维KMeans
2226,6658,525368335,9811363528,0,0,0,,,,,,,,,,,,,,,,无效词,True,False,,False,,,False,False,False,,,无效词,无效词,结构性无成本无效益，先行归为无效词
2227,6662,525368335,9811363528,3.14,2,2,1.57,1,0,1,7,0.305763473054,0.76871257485,0.211826347305,0.40119760479,0.953967065868,0.150074850299,0.537237915284,0.442999268065,高,低,问题词,False,False,,True,0.0407792143299,0.0482682729412,False,False,False,0.537238023952,0.429266467066,问题词,问题词,常规CRITIC+一维KMeans
